5.551115123125782702e-17,1.225106374154794620e-01,7.977014371400589221e-01
5.551115123125782702e-17,4.514078153391198334e-01,4.630717209943701618e-01
0.000000000000000000e+00,4.075351701731254606e-01,8.016732095496219568e-01
3.333756094689233063e-01,0.000000000000000000e+00,4.017382680126514449e-01
4.295100567559217986e-02,0.000000000000000000e+00,3.222882907394875596e-01
0.000000000000000000e+00,3.083637230186898615e-01,3.768985630380843888e-01
1.727667359618333953e-01,5.551115123125782702e-17,2.766202760510981795e-01
0.000000000000000000e+00,3.873834963832622491e-01,2.362930604954440184e-01
2.890234752406898866e-01,0.000000000000000000e+00,7.939213934056028599e-01
0.000000000000000000e+00,2.303857478630865763e-01,3.700843744007066283e-01
5.551115123125782702e-17,3.458446875056065961e-01,2.637959156595323096e-01
0.000000000000000000e+00,3.928277398780813390e-01,3.384767197271054684e-01
0.000000000000000000e+00,3.401124923685661106e-02,5.019233487894471102e-01
0.000000000000000000e+00,1.433973034427349913e-01,4.603731765374429741e-01
4.623957910238294944e-01,0.000000000000000000e+00,2.389883473779613743e-01
9.493414759417162507e-02,0.000000000000000000e+00,4.895077295722591870e-01
4.753451455260306324e-01,0.000000000000000000e+00,3.744575210566743473e-01
3.995323507973373434e-01,0.000000000000000000e+00,4.082117414092862884e-01
0.000000000000000000e+00,3.963198913907621801e-01,5.028442530436686431e-01
1.426281332363342758e-01,5.551115123125782702e-17,6.426058036453041744e-01
2.032769828080567831e-01,0.000000000000000000e+00,6.287054768961475304e-01
2.092680257218058615e-01,5.551115123125782702e-17,4.384317374023846137e-01
3.753246488580513907e-01,5.551115123125782702e-17,4.593805004427136685e-01
5.551115123125782702e-17,4.540201809660562859e-01,5.472744333238049874e-01
2.888727469056840413e-01,5.551115123125782702e-17,1.781162959529184464e-01
8.682052916283694577e-02,0.000000000000000000e+00,7.824925013649091099e-01
2.843271146995285936e-01,0.000000000000000000e+00,4.318878880013006238e-01
0.000000000000000000e+00,4.257919916144153882e-01,3.711446782851220982e-01
5.551115123125782702e-17,3.774110629000243522e-02,4.507435680726887828e-01
1.873060782521840384e-02,0.000000000000000000e+00,5.743064367572969786e-01
4.842800416127855945e-01,0.000000000000000000e+00,5.672469516536685630e-01
0.000000000000000000e+00,3.761820788365041190e-01,6.857317929161621528e-01
0.000000000000000000e+00,3.428405650847883290e-01,6.486507686023303965e-01
0.000000000000000000e+00,1.153630477035129664e-01,3.337782272317580956e-01
0.000000000000000000e+00,1.802334745007465044e-01,6.225217183032042412e-01
0.000000000000000000e+00,4.254640790291749353e-01,8.146694248199242150e-01
6.019258614704670052e-02,0.000000000000000000e+00,3.815119344756447983e-01
5.551115123125782702e-17,3.743443838909870647e-01,3.520006072496573157e-01
0.000000000000000000e+00,1.237824391724361983e-01,3.303792799781888889e-01
2.364271005045663898e-01,0.000000000000000000e+00,6.255687229717331599e-01
0.000000000000000000e+00,1.629159413670245860e-01,2.811837724875955735e-01
3.180079261048109340e-01,0.000000000000000000e+00,4.533333053360550924e-01
5.551115123125782702e-17,4.671297576744206093e-01,5.602808809220042319e-01
0.000000000000000000e+00,1.902605856186272981e-01,6.917987851482576556e-01
4.514054493475970764e-01,0.000000000000000000e+00,4.166498656169055348e-01
5.551115123125782702e-17,1.515880217611686454e-01,2.364634005938039407e-01
4.754715831760192302e-02,0.000000000000000000e+00,5.512555880803003960e-01
3.889276671603023039e-01,0.000000000000000000e+00,6.433534587955709316e-01
2.874238535489707647e-01,5.551115123125782702e-17,4.839209794087316885e-01
2.631119947380001767e-01,5.551115123125782702e-17,1.684083083474994802e-01
2.797254180124244538e-01,0.000000000000000000e+00,4.069429818878563809e-01
1.347986513625306082e-01,0.000000000000000000e+00,7.382519262339202193e-01
0.000000000000000000e+00,1.391718915492427544e-01,6.595795529056125428e-01
0.000000000000000000e+00,3.975509731693711579e-01,6.311067541017951754e-01
1.234705227140941997e-02,5.551115123125782702e-17,2.298088213803744506e-01
1.782344377218028630e-01,0.000000000000000000e+00,5.105675785099189623e-01
5.551115123125782702e-17,3.856272973074555965e-01,8.003344757695066702e-01
2.410691328529796507e-01,0.000000000000000000e+00,5.702471247411283750e-01
0.000000000000000000e+00,5.252770012616236883e-02,4.546793050575574369e-01
3.970743993361127155e-01,0.000000000000000000e+00,3.749854703253919785e-01
0.000000000000000000e+00,4.955479009646602817e-01,5.842958593746175877e-01
2.723617331383141882e-01,0.000000000000000000e+00,4.668139155545820707e-01
0.000000000000000000e+00,3.092621482698032498e-02,2.425927564164098715e-01
0.000000000000000000e+00,3.020805339203908035e-01,4.177604078094765416e-01
0.000000000000000000e+00,1.103379201960980049e-01,6.884365905956718601e-01
2.450697274888814503e-01,0.000000000000000000e+00,3.692692105501742539e-01
0.000000000000000000e+00,7.710351086571320955e-02,3.235131069070666388e-01
0.000000000000000000e+00,3.953312396156661856e-01,5.149496433137895623e-01
5.551115123125782702e-17,3.697039267365017090e-01,5.533601441349609296e-01
5.551115123125782702e-17,4.733588461393299363e-01,4.431206746537585950e-01
0.000000000000000000e+00,2.163092835217839127e-02,5.456554570813036964e-01
2.423160296762822408e-01,0.000000000000000000e+00,5.457747996020564374e-01
1.958106807515289094e-01,0.000000000000000000e+00,3.215790624424703092e-01
5.551115123125782702e-17,3.455946637688903644e-01,6.690554820689549320e-01
0.000000000000000000e+00,4.806808194554767488e-01,5.711486618536953941e-01
0.000000000000000000e+00,3.035117512701653864e-01,3.435127971057194141e-01
0.000000000000000000e+00,5.360426977739624066e-02,3.331057101979069679e-01
3.549241209378806161e-01,0.000000000000000000e+00,3.379942620970666223e-01
5.551115123125782702e-17,3.795535336070253729e-01,4.978387311709808749e-01
1.917066826243724043e-01,0.000000000000000000e+00,4.160160637608215639e-01
0.000000000000000000e+00,3.313299201505268687e-01,2.692317551514839535e-01
0.000000000000000000e+00,4.326122653774198135e-01,4.486966451923515842e-01
0.000000000000000000e+00,3.929997827079962924e-01,4.245654312484650750e-01
4.892244382166078265e-01,0.000000000000000000e+00,4.983456049168368263e-01
0.000000000000000000e+00,1.500107600825945631e-01,4.639110455665673705e-01
2.633877221513824529e-01,5.551115123125782702e-17,4.701346587732909144e-01
2.047317390523049618e-01,5.551115123125782702e-17,1.701854571372912739e-01
5.551115123125782702e-17,1.367223634967495993e-03,6.410115598779587698e-01
1.205952128612886032e-01,5.551115123125782702e-17,5.140685183326638708e-01
4.363887368273342005e-01,5.551115123125782702e-17,6.226667152304112829e-01
0.000000000000000000e+00,3.770613250341267597e-01,3.833771802543881613e-01
7.499848096297062616e-02,0.000000000000000000e+00,3.100749953534296388e-01
2.715833789228333517e-01,0.000000000000000000e+00,6.759768404953603316e-01
0.000000000000000000e+00,1.473642706873350416e-01,3.645091175377223602e-01
4.669785477958724451e-01,0.000000000000000000e+00,2.468878889267691057e-01
5.551115123125782702e-17,4.824748454386964536e-01,7.436142389892639315e-01
0.000000000000000000e+00,2.053118001633434386e-01,2.920168057933643091e-01
1.539334757995011183e-01,0.000000000000000000e+00,5.747914662316377932e-01
0.000000000000000000e+00,1.273293790170796358e-01,2.793676647473120611e-01
2.873823753531881686e-01,0.000000000000000000e+00,1.646153889649383806e-01
2.563796413668217866e-06,0.000000000000000000e+00,6.103199877790452810e-01
0.000000000000000000e+00,4.393448276707980771e-01,6.575924860508611802e-01
3.142181050011200738e-01,0.000000000000000000e+00,5.712519945133938126e-01
0.000000000000000000e+00,4.057064165480429030e-01,2.096937366748841125e-01
3.470859728371197273e-01,0.000000000000000000e+00,5.020082298202456217e-01
0.000000000000000000e+00,1.959231981807101897e-01,4.533014049512160137e-01
1.629031695135060298e-01,5.551115123125782702e-17,2.837293731959620868e-01
5.551115123125782702e-17,2.712367791729740629e-01,5.360281290763182493e-01
7.371957285701929985e-02,0.000000000000000000e+00,4.742272137061643855e-01
0.000000000000000000e+00,4.148259953929025468e-01,5.944890232269439689e-01
3.709743405211851641e-03,0.000000000000000000e+00,5.936928419430085313e-01
5.551115123125782702e-17,4.318655854357849044e-01,6.550680591854352031e-01
2.795581648387606699e-01,5.551115123125782702e-17,5.117255114045166087e-01
5.551115123125782702e-17,1.013801513419892997e-02,6.133471523261216918e-01
4.106575736512328989e-01,5.551115123125782702e-17,4.428562759749226085e-01
0.000000000000000000e+00,3.456895216474262789e-01,8.329706096569381435e-01
2.714108710420273796e-01,5.551115123125782702e-17,5.577505109848289733e-01
1.169877816512354674e-01,0.000000000000000000e+00,6.447886324439735528e-01
4.868908509904528170e-01,0.000000000000000000e+00,4.635773944048148243e-01
3.553915231885711457e-01,0.000000000000000000e+00,3.600322212806252864e-01
4.754478103565162872e-01,0.000000000000000000e+00,8.182641256302253252e-01
4.110369972115236470e-01,5.551115123125782702e-17,3.450290958638427830e-01
0.000000000000000000e+00,2.720263141017887909e-01,5.685825965876134536e-01
0.000000000000000000e+00,1.076670594291365690e-01,5.753967811706197644e-01
4.801229321137184813e-02,0.000000000000000000e+00,4.303954621489701760e-01
5.551115123125782702e-17,1.988947231947101879e-01,5.986911911157342114e-01
5.551115123125782702e-17,1.771357911394144669e-01,4.825033113778706695e-01
0.000000000000000000e+00,3.911430639489499872e-01,8.621260510425859946e-01
0.000000000000000000e+00,3.447867335719288495e-01,3.728835719205041421e-01
5.551115123125782702e-17,2.683405320467210364e-01,5.647565931947927664e-01
0.000000000000000000e+00,9.347299789516144708e-02,5.576505571404741790e-01
2.492762020239686072e-01,0.000000000000000000e+00,5.703269975952456328e-01
5.551115123125782702e-17,4.898055990708519714e-01,4.199843254177919594e-01
0.000000000000000000e+00,2.749218638343249310e-01,4.657625868283272741e-01
2.659110870312065833e-01,0.000000000000000000e+00,3.419697265858699931e-01
3.573268816923144131e-01,5.551115123125782702e-17,3.480540629780699002e-01
1.460104539778329102e-01,0.000000000000000000e+00,6.940709491638683559e-01
0.000000000000000000e+00,3.519207456931162659e-01,4.191001021069246102e-01
5.551115123125782702e-17,4.622060056396513072e-01,2.737407114434424749e-01
0.000000000000000000e+00,3.419636708736301101e-02,5.010880224598932564e-01
0.000000000000000000e+00,2.468034969239140675e-01,4.543144675561035517e-01
5.551115123125782702e-17,1.966037486959809621e-01,5.305030949324541778e-01
0.000000000000000000e+00,3.334397808732574298e-01,3.828449577832832573e-01
1.169080405991505534e-01,5.551115123125782702e-17,4.438556614120199306e-01
3.706680677786271527e-01,0.000000000000000000e+00,4.777830183485138327e-01
0.000000000000000000e+00,1.783973221174295354e-02,6.008949106700759435e-01
3.447589394667965323e-01,5.551115123125782702e-17,7.468695052841474169e-01
5.865006476717937733e-02,0.000000000000000000e+00,6.944430246269737150e-01
0.000000000000000000e+00,4.766128836269929447e-01,6.617899491917267341e-01
2.217811509872187337e-01,0.000000000000000000e+00,6.361729094879481350e-01
0.000000000000000000e+00,3.871897701520033985e-01,3.792754917702867434e-01
5.551115123125782702e-17,5.472021311536451327e-02,2.226082526576379506e-01
0.000000000000000000e+00,4.653669945328170465e-01,2.378604893005841769e-01
0.000000000000000000e+00,1.764376807942058534e-01,2.959358983109254826e-01
4.141199583092726177e-01,5.551115123125782702e-17,4.961693613467845210e-01
0.000000000000000000e+00,1.143014613391943879e-01,5.555400623360741141e-01
4.916384603332479286e-01,0.000000000000000000e+00,5.431261796137114573e-01
3.950927728242890624e-01,0.000000000000000000e+00,6.142034765773047855e-01
4.523094068231224285e-01,0.000000000000000000e+00,6.767416469205795870e-01
1.251155069889847149e-01,0.000000000000000000e+00,4.629066120986792265e-01
4.496963220769230052e-01,0.000000000000000000e+00,4.970074228588441945e-01
4.869502700742334711e-01,5.551115123125782702e-17,4.793971374827316057e-01
2.863301382981595644e-01,5.551115123125782702e-17,5.955697348781503475e-01
5.551115123125782702e-17,3.581832715019027669e-01,5.517736601057303680e-01
3.583501552226769915e-01,0.000000000000000000e+00,5.835379466865047160e-01
2.289737419821778475e-01,0.000000000000000000e+00,5.278256048636817965e-01
4.996377664149342923e-03,0.000000000000000000e+00,6.087151127885124247e-01
1.506005743006731956e-01,0.000000000000000000e+00,8.016243801954550108e-01
3.633596231240606711e-01,5.551115123125782702e-17,5.945325493804352046e-01
3.816452438126223257e-01,0.000000000000000000e+00,5.051779160479643593e-01
0.000000000000000000e+00,2.156195764335883669e-01,6.920655353446827363e-01
4.743615471614250345e-01,0.000000000000000000e+00,2.311509579026460592e-01
2.719482595075874420e-01,5.551115123125782702e-17,8.496621345205948028e-01
4.572511021222108174e-01,0.000000000000000000e+00,3.844692191448085827e-01
0.000000000000000000e+00,2.867597994676210349e-01,3.739514937409340045e-01
0.000000000000000000e+00,4.584072514448964131e-01,5.626639494154688226e-01
1.149389025949709708e-02,0.000000000000000000e+00,7.813953331704628358e-01
5.551115123125782702e-17,2.653468198245839682e-01,3.490350175897865004e-01
2.747115605054661902e-02,5.551115123125782702e-17,5.910725963649466896e-01
0.000000000000000000e+00,4.947537764415774753e-01,7.337159694662651610e-01
3.791804584071137296e-01,0.000000000000000000e+00,5.827939201132789071e-01
0.000000000000000000e+00,3.698476129479880137e-01,5.514000820405811076e-01
5.551115123125782702e-17,3.983632340823278772e-01,4.570021678996391556e-01
9.178728691116461169e-02,0.000000000000000000e+00,4.295153727200172189e-01
0.000000000000000000e+00,4.501811616433470942e-02,4.482039071817930376e-01
5.551115123125782702e-17,1.080308374110394154e-01,4.996430313567460924e-01
0.000000000000000000e+00,3.845908608313673982e-01,5.347676837764965274e-01
5.551115123125782702e-17,3.109676006831513240e-01,7.596336635958041983e-01
2.565102658624173193e-01,5.551115123125782702e-17,5.145183747398437424e-01
0.000000000000000000e+00,2.841344274528030955e-01,4.320375059964803310e-01
2.741739410377165287e-01,0.000000000000000000e+00,5.573200735460774879e-01
3.023235704295607063e-01,0.000000000000000000e+00,5.268507403588172933e-01
3.410387617588145348e-02,0.000000000000000000e+00,3.921117776506499730e-01
3.754151062025252172e-01,0.000000000000000000e+00,1.930215886666946656e-01
0.000000000000000000e+00,1.338289601132425788e-01,5.897035344818146729e-01
5.551115123125782702e-17,2.885402766129225860e-01,4.960058765113015689e-01
0.000000000000000000e+00,4.473107226563790562e-01,4.847553388643026651e-01
0.000000000000000000e+00,4.114950661168115253e-01,4.647946870586964208e-01
3.171674606473418034e-01,5.551115123125782702e-17,7.848965219445924735e-01
0.000000000000000000e+00,2.037422292100615207e-01,5.979839410179061954e-01
2.453709794407097355e-01,5.551115123125782702e-17,6.366228650327212524e-01
1.295975057931132990e-01,0.000000000000000000e+00,4.746099783397077498e-01
0.000000000000000000e+00,2.890050637878555095e-01,7.331494124244090083e-01
0.000000000000000000e+00,2.322662799244479270e-01,4.516570153835916535e-01
0.000000000000000000e+00,2.752815016048946184e-01,3.399186500466321870e-01
4.136571683761546825e-01,0.000000000000000000e+00,5.713206386822683447e-01
0.000000000000000000e+00,4.756703503756928297e-01,5.275435631443600171e-01
0.000000000000000000e+00,4.739215611084056645e-01,7.022662327732935861e-01
0.000000000000000000e+00,1.941132323866745502e-01,3.617861687670910209e-01
3.285645150169643203e-01,0.000000000000000000e+00,4.720613355841490888e-01
2.874181444355373705e-01,0.000000000000000000e+00,1.918669520609793122e-01
3.733902112496489401e-01,0.000000000000000000e+00,3.641451530268441927e-01
0.000000000000000000e+00,1.916904538144945658e-01,4.521323190817146398e-01
2.929652741910658831e-01,5.551115123125782702e-17,5.186329803823468421e-01
5.551115123125782702e-17,3.479894143953276564e-01,4.970421662322429546e-01
1.656427560116163211e-01,0.000000000000000000e+00,3.084888376812990884e-01
0.000000000000000000e+00,9.263829364194520188e-02,2.693461760286234852e-01
4.332380861839588149e-01,0.000000000000000000e+00,7.556981120725173584e-01
0.000000000000000000e+00,4.994677640060163348e-01,5.649821662716441040e-01
1.758844006678635385e-01,0.000000000000000000e+00,6.951490266160917919e-01
5.551115123125782702e-17,3.369872493016723425e-02,7.061442054794626610e-01
4.876026759828331891e-01,0.000000000000000000e+00,5.772931482740655262e-01
0.000000000000000000e+00,3.218920996039065230e-01,1.876521514410138813e-01
0.000000000000000000e+00,3.394034618836893058e-01,3.189623472520973224e-01
1.550722805531671300e-01,0.000000000000000000e+00,2.322029268390994883e-01
3.512150020712234699e-01,0.000000000000000000e+00,4.230495808895779475e-01
5.551115123125782702e-17,8.408260186420579707e-02,4.397504637167357622e-01
0.000000000000000000e+00,3.788057442337390279e-01,7.725956315289376208e-01
1.801095936573502421e-01,0.000000000000000000e+00,4.754908429306998197e-01
1.488771294452395644e-02,0.000000000000000000e+00,2.537112305732363571e-01
0.000000000000000000e+00,4.297470196815345034e-01,3.989304253006694112e-01
5.551115123125782702e-17,3.980811895102960851e-01,6.640353854709470927e-01
5.551115123125782702e-17,4.097978458965609305e-01,5.156841074859892515e-01
5.551115123125782702e-17,3.779875718118200223e-01,5.931760671879089397e-01
5.551115123125782702e-17,3.542616362570925048e-01,4.625890410199027802e-01
4.444106539582126647e-02,0.000000000000000000e+00,5.879306275770800339e-01
2.049227712521959344e-01,0.000000000000000000e+00,5.467903041554483812e-01
4.707092856733172126e-01,5.551115123125782702e-17,4.661229462431787929e-01
5.551115123125782702e-17,3.364255115667600382e-01,5.529877405246980127e-01
3.883862381636700167e-01,0.000000000000000000e+00,6.396323667425795056e-01
6.614907271386250009e-03,0.000000000000000000e+00,5.994498305710075359e-01
1.711073673195529499e-01,5.551115123125782702e-17,4.542051109611562887e-01
2.247378242143006633e-01,0.000000000000000000e+00,8.282820632466918465e-01
0.000000000000000000e+00,2.920700797284729866e-01,3.527554298299836466e-01
3.487955930900702439e-01,0.000000000000000000e+00,7.078185292210061874e-01
1.414043281647844874e-01,5.551115123125782702e-17,4.888299372722409442e-01
4.582676830857208561e-01,0.000000000000000000e+00,4.116255802059627378e-01
0.000000000000000000e+00,3.795897420552692414e-01,5.024085102961908245e-01
2.361985955078855781e-01,0.000000000000000000e+00,7.815100951132876173e-01
5.551115123125782702e-17,1.480473800684251606e-01,5.244957886966373772e-01
2.078262341590475515e-03,0.000000000000000000e+00,5.106369363371171533e-01
0.000000000000000000e+00,2.373863436962794227e-01,5.268897942005736912e-01
4.877673700190967576e-01,0.000000000000000000e+00,3.875952734518423592e-01
3.327141508568326467e-01,0.000000000000000000e+00,3.782957769500677747e-01
8.488546688800957529e-02,0.000000000000000000e+00,6.781750757678215447e-01
0.000000000000000000e+00,8.271216211691490017e-02,2.638396030451380381e-01
2.199740241234496296e-01,0.000000000000000000e+00,5.271219654168589619e-01
5.551115123125782702e-17,1.747054312280296728e-01,6.415917913109157045e-01
1.206146622352894382e-01,0.000000000000000000e+00,8.744728552173741676e-01
0.000000000000000000e+00,2.549757218705660522e-01,8.608819765801016821e-01
3.151398862190221140e-01,0.000000000000000000e+00,6.289594474268138669e-01
0.000000000000000000e+00,3.373396873407825680e-01,4.564830480002878277e-01
0.000000000000000000e+00,1.842367136461955379e-01,8.118466470342353691e-01
0.000000000000000000e+00,2.162141447387513904e-01,3.679244510791969680e-01
0.000000000000000000e+00,2.244968238520108628e-01,3.235272394291667242e-01
0.000000000000000000e+00,2.535614619774045897e-01,6.019233409087944020e-01
0.000000000000000000e+00,4.157817798596820102e-01,3.810703364452430186e-01
0.000000000000000000e+00,1.183630340314023588e-02,5.100008786406786676e-01
3.753231462753375269e-01,0.000000000000000000e+00,5.842654280812542567e-01
5.551115123125782702e-17,2.159335164223608605e-01,3.548821452746595551e-01
0.000000000000000000e+00,2.186759491595753335e-01,5.585436244926135219e-01
0.000000000000000000e+00,1.195091034159643795e-01,3.440263757072692385e-01
5.551115123125782702e-17,1.794832811181362731e-01,5.157253743457121953e-01
2.419312976065464138e-01,0.000000000000000000e+00,4.402737843969696252e-01
3.237272160657034270e-01,0.000000000000000000e+00,1.707093977720121614e-01
0.000000000000000000e+00,1.786292558061537417e-01,2.943255781979795538e-01
0.000000000000000000e+00,3.272103064884993029e-01,5.474196907627573161e-01
0.000000000000000000e+00,4.272789108765501220e-02,4.166837617937450000e-01
2.975567295065278950e-01,0.000000000000000000e+00,5.007875422367759066e-01
3.847430051241452764e-01,0.000000000000000000e+00,7.199791259066637972e-01
1.496318518433450429e-01,0.000000000000000000e+00,8.623008370428559832e-01
3.345606914753392891e-01,0.000000000000000000e+00,5.909102220245435744e-01
5.592422375742150953e-02,0.000000000000000000e+00,3.890627735142710986e-01
0.000000000000000000e+00,2.300513307746805958e-01,3.191216025328712513e-01
5.551115123125782702e-17,4.295505598145091253e-01,2.656425756649897219e-01
2.510911600562567569e-01,5.551115123125782702e-17,4.506394642879169576e-01
2.129065677136189882e-01,0.000000000000000000e+00,7.172308269548091086e-01
2.260493476898716714e-01,0.000000000000000000e+00,7.490400414737983237e-01
5.551115123125782702e-17,3.102572931143614543e-01,4.530996274702024929e-01
0.000000000000000000e+00,4.981383465879380967e-01,5.023172609332046123e-01
0.000000000000000000e+00,2.619641111789423604e-01,7.795726145412575914e-01
5.551115123125782702e-17,2.665891706956605711e-01,3.088405443192983046e-01
5.551115123125782702e-17,3.675520694917677744e-01,3.957706003892604851e-01
2.158213256704498151e-01,0.000000000000000000e+00,3.212596620396429015e-01
4.601180267331789198e-02,0.000000000000000000e+00,4.273356898810855009e-01
0.000000000000000000e+00,1.403767790798965409e-02,2.012005826420433241e-01
0.000000000000000000e+00,1.795290146368306861e-01,4.673414548706494864e-01
5.551115123125782702e-17,1.401438124130542362e-01,4.038720726227599256e-01
5.551115123125782702e-17,3.861810094950346994e-01,7.128071494066726688e-01
5.551115123125782702e-17,2.310371833506371653e-01,5.779422521584172134e-01
5.551115123125782702e-17,4.603917001223655769e-01,5.777157430804100713e-01
0.000000000000000000e+00,1.439673539438501293e-01,5.806185015991854881e-01
0.000000000000000000e+00,4.587473308836698127e-01,6.553567768461788789e-01
4.373542222737492602e-01,0.000000000000000000e+00,1.704192460623198402e-01
0.000000000000000000e+00,7.732903075869768106e-03,6.589361610121022839e-01
2.569970887385095160e-01,0.000000000000000000e+00,4.167327676988320517e-01
4.821680615928246594e-01,5.551115123125782702e-17,4.997888658168813114e-01
2.153704409078190385e-01,0.000000000000000000e+00,7.335075440829987858e-01
0.000000000000000000e+00,4.614474303269557875e-01,7.833339417286870887e-01
0.000000000000000000e+00,4.205967701616404875e-01,6.962681958033349883e-01
0.000000000000000000e+00,4.535229377709971144e-01,2.490544629818597921e-01
3.434150547231962780e-01,0.000000000000000000e+00,6.907213252815449511e-01
5.551115123125782702e-17,2.563969702316047927e-01,3.317051048962035842e-01
5.551115123125782702e-17,2.405722986749634362e-01,3.012936348939265208e-01
0.000000000000000000e+00,3.889681815194399594e-01,7.306705393385444225e-01
0.000000000000000000e+00,1.350172791444723130e-01,7.601741305722586883e-01
1.691569531324352837e-01,5.551115123125782702e-17,3.398177503278717593e-01
5.551115123125782702e-17,4.610784227740776231e-01,5.102277436068165528e-01
0.000000000000000000e+00,3.647975116650951088e-01,4.141807796787892459e-01
0.000000000000000000e+00,4.833903074365641928e-02,7.171786284004538770e-01
2.974931287888632481e-01,0.000000000000000000e+00,5.612472252114238946e-01
0.000000000000000000e+00,1.632390986045353376e-01,6.598419660826881916e-01
0.000000000000000000e+00,2.588222751079966022e-01,6.004845982145823324e-01
1.251344143879703497e-01,0.000000000000000000e+00,5.133700044449345246e-01
2.610162979096563030e-01,0.000000000000000000e+00,6.674548584122729222e-01
4.986606027066754487e-01,5.551115123125782702e-17,4.938859170486292749e-01
5.551115123125782702e-17,4.140031320817794680e-01,3.639010537621835684e-01
0.000000000000000000e+00,5.438504673712379889e-02,7.743294825493990396e-01
6.725101145841000383e-02,0.000000000000000000e+00,6.534783441700684481e-01
5.071996337367529195e-02,0.000000000000000000e+00,3.732311742011763522e-01
5.551115123125782702e-17,9.174742521380691018e-02,6.077010651757901449e-01
3.520910960481006269e-01,5.551115123125782702e-17,2.864155430405608271e-01
0.000000000000000000e+00,2.254837202719084943e-01,2.346674596952262326e-01
0.000000000000000000e+00,4.183152781748958327e-01,7.916862098986920948e-01
0.000000000000000000e+00,1.177009542199867753e-01,6.087978112597218772e-01
0.000000000000000000e+00,4.144564797500968623e-01,4.691338762561315656e-01
5.837004072365481466e-03,0.000000000000000000e+00,5.529557374741203013e-01
0.000000000000000000e+00,4.567980347467218150e-01,3.559541807883149778e-01
0.000000000000000000e+00,9.676463086877046260e-02,2.875721737015101698e-01
0.000000000000000000e+00,2.770349223507348468e-01,4.538506048132630033e-01
1.817136739953356117e-01,0.000000000000000000e+00,3.625487378403721705e-01
0.000000000000000000e+00,1.645282408250464679e-02,6.191712816519348017e-01
2.805921613938097137e-01,5.551115123125782702e-17,3.310523741984366386e-01
0.000000000000000000e+00,2.748240847834635403e-01,5.536483657834290195e-01
1.450279541877621536e-01,0.000000000000000000e+00,3.996010012582286719e-01
0.000000000000000000e+00,2.469395839833072315e-01,7.347001817132836621e-01
2.271202352822069837e-01,0.000000000000000000e+00,7.037006206173517242e-01
0.000000000000000000e+00,1.885440776805229479e-01,6.784105858780764553e-01
4.441511641390105680e-01,0.000000000000000000e+00,8.619530165403317401e-01
2.300168481548036659e-01,5.551115123125782702e-17,3.222014994958604106e-01
5.551115123125782702e-17,2.874328424672180082e-01,5.719543062504391928e-01
4.572350875515523994e-01,0.000000000000000000e+00,2.808850440246336011e-01
1.286625589691527960e-01,5.551115123125782702e-17,4.689110935909866495e-01
0.000000000000000000e+00,3.510604807685624440e-02,4.157439987177423690e-01
1.966665925215927979e-01,0.000000000000000000e+00,5.511828470916888545e-01
5.551115123125782702e-17,3.634471538882898534e-01,3.252335312750478935e-01
2.109622915344333549e-02,0.000000000000000000e+00,6.677989964111977761e-01
5.551115123125782702e-17,4.209958576849458511e-01,5.075040327754620773e-01
5.551115123125782702e-17,4.989400094818846609e-01,4.789241250055474297e-01
5.551115123125782702e-17,2.920934929779730460e-01,6.980430492769678086e-01
0.000000000000000000e+00,9.806670708409898074e-02,5.473375598722122204e-01
5.551115123125782702e-17,4.077430388594182609e-01,4.829190764533646818e-01
0.000000000000000000e+00,2.143810234642116175e-01,3.745779178626800765e-01
0.000000000000000000e+00,4.547111847216339653e-01,3.936142369835881616e-01
0.000000000000000000e+00,6.380197625898326175e-02,4.200803666651748425e-01
0.000000000000000000e+00,4.006719253457568519e-01,5.267211399575323361e-01
3.441516702846231235e-01,0.000000000000000000e+00,6.487965203259145053e-01
5.551115123125782702e-17,3.465571460648236846e-02,8.252176349357712715e-01
1.348089407235067982e-01,0.000000000000000000e+00,4.989721998754550469e-01
0.000000000000000000e+00,5.024151711319990721e-02,6.116273380378967062e-01
5.551115123125782702e-17,4.057945336500542455e-01,5.277887092740964903e-01
0.000000000000000000e+00,4.361827963618727377e-01,6.043568473864260326e-01
5.531375973086199993e-02,5.551115123125782702e-17,4.220208959514283875e-01
0.000000000000000000e+00,4.781798562470486735e-01,2.124148563660838152e-01
0.000000000000000000e+00,4.550372945160710558e-01,2.698542339892951447e-01
0.000000000000000000e+00,2.530428973380273727e-01,5.279406338905201501e-01
0.000000000000000000e+00,3.896635864098361157e-01,4.561203104207043890e-01
8.111222946098362030e-02,0.000000000000000000e+00,4.369529640327321496e-01
1.110992897026201742e-01,0.000000000000000000e+00,6.597720853791315676e-01
2.538095406593632308e-02,0.000000000000000000e+00,5.347520337418597558e-01
0.000000000000000000e+00,8.691372590165663548e-02,2.020468259269135869e-01
0.000000000000000000e+00,4.857626742911384521e-01,7.906935105428791744e-01
4.397119494479727053e-01,5.551115123125782702e-17,4.468459016716375132e-01
1.459760504737643849e-01,0.000000000000000000e+00,8.059387315186159473e-01
0.000000000000000000e+00,1.832756499377676263e-01,3.973604011698052552e-01
0.000000000000000000e+00,4.345449829008833365e-01,8.411514317068979896e-01
2.981551155904476613e-01,5.551115123125782702e-17,4.629624448546221793e-01
5.551115123125782702e-17,4.921593935197482450e-01,3.330224432407530299e-01
6.860845419721406380e-02,0.000000000000000000e+00,5.419701362847820780e-01
0.000000000000000000e+00,2.488448678622230403e-01,3.898252611879454710e-01
2.377460239536040021e-01,0.000000000000000000e+00,5.929780753282769545e-01
5.551115123125782702e-17,3.240445330581706029e-01,5.997086356160239440e-01
1.625158300404703215e-01,0.000000000000000000e+00,4.054047007712910933e-01
1.224880068667512645e-01,0.000000000000000000e+00,4.712938944234216221e-01
0.000000000000000000e+00,2.132030887557713750e-01,3.838212583352203500e-01
6.253705411204346643e-02,5.551115123125782702e-17,6.519178456050562787e-01
0.000000000000000000e+00,4.577390172759021603e-02,4.112919521713080950e-01
4.486620871112211861e-01,0.000000000000000000e+00,7.651483436027326501e-01
1.700713286554034198e-02,0.000000000000000000e+00,5.774763445399146988e-01
0.000000000000000000e+00,5.490857548365030150e-02,3.561496894309755246e-01
0.000000000000000000e+00,4.910943943214772789e-01,4.788138912740302344e-01
0.000000000000000000e+00,2.651903164742447361e-01,3.405650893551346314e-01
0.000000000000000000e+00,2.733608672923939498e-01,5.241615870835751867e-01
1.019451244715533500e-01,0.000000000000000000e+00,4.758989577245980596e-01
3.819166772416727751e-01,0.000000000000000000e+00,3.934734434476391263e-01
0.000000000000000000e+00,2.124389664479808815e-03,2.257243318166588519e-01
0.000000000000000000e+00,4.929369653850522726e-01,4.641960918141543879e-01
1.279362011265303134e-01,0.000000000000000000e+00,4.866713214622546135e-01
3.174099196927081534e-01,0.000000000000000000e+00,4.218089269215948844e-01
0.000000000000000000e+00,4.190343834175874194e-01,8.055498085235119898e-01
2.158912800588720371e-01,0.000000000000000000e+00,5.510695941247083507e-01
5.551115123125782702e-17,3.711347952270703798e-01,8.263636566615368828e-01
1.357520942565831334e-01,0.000000000000000000e+00,2.179627351225885690e-01
3.983964539236516944e-01,0.000000000000000000e+00,5.566522250864919252e-01
0.000000000000000000e+00,4.745032899460904230e-01,2.912403968589504233e-01
0.000000000000000000e+00,4.804407834407177225e-01,6.345126448763679372e-01
1.668174401128844075e-01,0.000000000000000000e+00,3.395997910816934695e-01
0.000000000000000000e+00,4.783267126948398396e-01,6.400093400035336000e-01
4.919684450102302375e-01,0.000000000000000000e+00,6.131562399355192650e-01
0.000000000000000000e+00,2.607944407463876901e-01,5.896774326492152385e-01
0.000000000000000000e+00,1.382295009363773697e-01,3.225395019724288659e-01
1.475536996504906440e-01,0.000000000000000000e+00,2.152408405358809396e-01
5.551115123125782702e-17,3.350816825692574108e-01,5.480922671915852140e-01
2.277725067312448282e-01,0.000000000000000000e+00,7.901686560728529152e-01
0.000000000000000000e+00,4.057335201792925394e-01,6.146913318969537965e-01
0.000000000000000000e+00,3.660154634153948705e-01,3.729051193482340598e-01
2.971509447123983905e-01,0.000000000000000000e+00,5.909926093171927741e-01
1.862543712575487342e-02,0.000000000000000000e+00,3.558309252040737780e-01
7.723823624766373852e-02,0.000000000000000000e+00,2.147656419652927973e-01
1.043318612640791176e-01,0.000000000000000000e+00,4.475650211829877434e-01
0.000000000000000000e+00,4.984135414239806439e-01,3.637713709728961908e-01
5.551115123125782702e-17,4.293334263069220613e-02,3.114993748670980001e-01
5.551115123125782702e-17,3.797460280900102902e-01,1.755511372151985494e-01
3.961126713777642916e-01,0.000000000000000000e+00,4.043012394374765339e-01
2.734170309557772405e-01,0.000000000000000000e+00,4.611298735777638047e-01
6.497664864486213387e-02,0.000000000000000000e+00,3.589486271619390934e-01
5.551115123125782702e-17,1.449148132522576349e-01,3.792823853913601662e-01
1.436966175306269022e-01,0.000000000000000000e+00,4.730439571661924081e-01
0.000000000000000000e+00,3.022723825479317061e-01,7.958015499346922095e-01
0.000000000000000000e+00,2.978856259561519226e-01,4.583408419864982153e-01
0.000000000000000000e+00,3.743900079843850426e-01,2.772717042698736867e-01
0.000000000000000000e+00,3.630020730215814950e-01,4.174484141624960620e-01
0.000000000000000000e+00,2.295175353555395370e-01,3.703289587700859808e-01
0.000000000000000000e+00,2.252266506966132953e-02,3.644760443636555491e-01
3.922840898535620013e-01,0.000000000000000000e+00,7.211762331956550476e-01
3.249323369267425599e-01,0.000000000000000000e+00,4.394544997090477079e-01
0.000000000000000000e+00,1.239749550744966844e-01,6.099741070663473597e-01
2.368366096683011124e-02,0.000000000000000000e+00,5.824922916181467514e-01
0.000000000000000000e+00,3.470302864789642783e-02,7.431432870914913558e-01
2.380475347910605000e-01,0.000000000000000000e+00,2.994143904508442811e-01
5.551115123125782702e-17,1.937196931784069265e-01,4.210858868676114475e-01
4.353008869219154864e-02,0.000000000000000000e+00,4.065482510580554765e-01
0.000000000000000000e+00,2.223852461211474618e-01,6.533740929683715670e-01
2.635286924963693433e-01,0.000000000000000000e+00,2.669962532583552983e-01
2.623631815832205838e-02,0.000000000000000000e+00,5.318299654735314519e-01
2.671662232361218248e-01,0.000000000000000000e+00,3.267758284675897906e-01
4.632155766002414854e-01,0.000000000000000000e+00,6.254312391041546570e-01
0.000000000000000000e+00,2.331552136685917098e-01,6.279974529154972451e-01
1.660751251471378476e-01,0.000000000000000000e+00,5.205814381914766198e-01
0.000000000000000000e+00,2.252449567927500840e-01,5.666417415056883566e-01
0.000000000000000000e+00,2.700571005699505811e-01,3.548350352598136359e-01
4.037130207375926316e-01,0.000000000000000000e+00,6.508046083125950121e-01
4.038905108263771138e-01,0.000000000000000000e+00,6.535204325507036893e-01
0.000000000000000000e+00,3.044584620591954671e-01,6.543704624237426382e-01
5.605281998699351842e-02,0.000000000000000000e+00,5.034851991724760278e-01
0.000000000000000000e+00,2.541249364530641652e-01,3.696569239878632063e-01
1.155235615634471746e-01,5.551115123125782702e-17,8.019388751587146480e-01
1.459222796225131957e-01,0.000000000000000000e+00,6.117162835343082916e-01
4.859311898036899890e-02,0.000000000000000000e+00,6.909771714239597573e-01
1.426510101957770837e-01,5.551115123125782702e-17,5.122578382174740597e-01
2.162141553006929895e-02,5.551115123125782702e-17,5.830605501498808962e-01
0.000000000000000000e+00,3.126433075231724867e-01,6.495560974965468581e-01
0.000000000000000000e+00,2.799859105058661868e-01,5.448871835625903604e-01
3.466159296588616767e-01,0.000000000000000000e+00,5.084618910385176882e-01
0.000000000000000000e+00,4.857297909794749402e-01,2.789985379110203612e-01
1.467525866985235905e-01,5.551115123125782702e-17,6.647767847385768203e-01
0.000000000000000000e+00,3.169314816947446101e-01,4.686271183332331725e-01
0.000000000000000000e+00,4.806792003520099499e-01,6.318170410209477117e-01
3.223634383453652386e-01,5.551115123125782702e-17,6.460862251132724055e-01
3.380326830887482870e-01,0.000000000000000000e+00,6.429710553793893668e-01
0.000000000000000000e+00,1.737752986864027349e-02,7.923016477344267949e-01
0.000000000000000000e+00,1.433900065069553253e-01,8.575722580939963979e-01
0.000000000000000000e+00,3.763348863061355964e-01,3.368743638378486338e-01
0.000000000000000000e+00,3.898040083463789607e-01,7.982221056789620128e-01
0.000000000000000000e+00,1.637802520581374544e-01,6.723682337067238279e-01
5.551115123125782702e-17,1.301087571318685909e-01,5.988360421234300013e-01
3.956736277504004362e-01,0.000000000000000000e+00,5.290261187799830678e-01
0.000000000000000000e+00,1.642823034682651673e-01,4.771956844213884885e-01
7.873390325342172202e-02,0.000000000000000000e+00,4.382250507965402830e-01
0.000000000000000000e+00,6.855050126817568978e-02,4.377421571601887718e-01
4.720429381528749579e-01,0.000000000000000000e+00,4.007070178204482636e-01
4.242703244897527703e-01,0.000000000000000000e+00,4.755303625411636537e-01
1.932289833968035553e-01,0.000000000000000000e+00,6.535142788946912695e-01
4.440062771974226385e-01,0.000000000000000000e+00,5.143467386656577212e-01
1.734247421175512116e-01,5.551115123125782702e-17,5.176822661279444349e-01
4.716076343519350900e-01,0.000000000000000000e+00,4.093506079949807974e-01
0.000000000000000000e+00,5.998640085157230795e-02,2.522794590111119839e-01
0.000000000000000000e+00,2.055539222540837541e-01,3.651946510518007116e-01
0.000000000000000000e+00,3.456874940820000019e-01,4.728557161985244006e-01
5.551115123125782702e-17,2.183834550076931835e-01,4.701465682726506667e-01
0.000000000000000000e+00,5.391435174902708960e-02,6.105821170642518059e-01
7.381139718161217056e-02,0.000000000000000000e+00,4.902332767962266913e-01
2.509782936659302188e-01,0.000000000000000000e+00,4.782060263602324057e-01
4.807468109491611630e-01,0.000000000000000000e+00,5.468721357251057347e-01
2.856765430817261309e-01,0.000000000000000000e+00,5.253666610752915078e-01
0.000000000000000000e+00,3.747004214992749604e-01,4.640151875943035464e-01
0.000000000000000000e+00,1.571294627006017408e-01,7.510813440814876341e-01
0.000000000000000000e+00,1.409537480033223322e-01,4.740222553694286578e-01
0.000000000000000000e+00,4.492850430016907537e-01,2.768319213947942892e-01
4.976453293744637074e-02,0.000000000000000000e+00,4.336661988899329079e-01
2.022168071154786806e-01,0.000000000000000000e+00,5.859684016390542816e-01
0.000000000000000000e+00,2.391139100584229737e-01,4.380210373390919232e-01
0.000000000000000000e+00,3.442753210265911412e-01,1.252211726771538802e-01
4.055740192621215545e-01,0.000000000000000000e+00,6.369571141520912194e-01
3.734923716113913161e-01,0.000000000000000000e+00,2.653616603144245412e-01
8.679033687568027400e-02,0.000000000000000000e+00,4.098415139466853319e-01
0.000000000000000000e+00,1.271442226183074897e-01,6.535227020964738953e-01
4.343863116720123596e-01,0.000000000000000000e+00,7.136427427391849321e-01
0.000000000000000000e+00,1.868116239630179809e-03,5.923097222797737427e-01
0.000000000000000000e+00,4.466014333827062477e-01,4.048444395984511779e-01
0.000000000000000000e+00,2.456039994158034645e-01,6.342842876557567289e-01
1.300003530213983405e-02,5.551115123125782702e-17,4.396599671312388935e-01
9.690983508529082968e-02,0.000000000000000000e+00,5.767004875872879799e-01
0.000000000000000000e+00,6.371331376808614388e-02,3.828897162433546053e-01
5.551115123125782702e-17,2.485826895204789055e-01,2.860612726032177311e-01
5.551115123125782702e-17,3.385025112938900849e-01,3.669711249102362016e-01
0.000000000000000000e+00,4.968794174179341772e-01,5.654263977906009986e-01
0.000000000000000000e+00,3.764932639733353792e-01,3.632079575708786479e-01
1.200867834448837712e-03,0.000000000000000000e+00,1.842233061230648117e-01
0.000000000000000000e+00,1.755032887591112534e-02,6.044909552139805520e-01
8.826652387010630596e-02,0.000000000000000000e+00,5.959046641250376197e-01
3.145695377011429317e-01,0.000000000000000000e+00,7.381994009792309797e-01
1.218853488888861913e-01,0.000000000000000000e+00,2.020986473772951042e-01
4.382894918378565929e-03,0.000000000000000000e+00,3.689675690873658875e-01
4.376326464236298674e-01,5.551115123125782702e-17,4.294195085577500182e-01
0.000000000000000000e+00,9.715880962117623421e-02,7.928615517641368626e-01
2.861128720264098924e-01,0.000000000000000000e+00,7.216958714584275070e-01
4.694751741555568403e-01,0.000000000000000000e+00,5.443649905154266389e-01
4.212352156010965576e-01,5.551115123125782702e-17,3.799742171321559003e-01
3.857004146379974241e-01,0.000000000000000000e+00,3.698153603720372162e-01
0.000000000000000000e+00,3.955537522858608712e-01,5.541197841075679031e-01
3.112129064952661173e-01,5.551115123125782702e-17,3.160024208117593880e-01
2.587702249633375140e-01,5.551115123125782702e-17,4.546696671514275367e-01
1.139535575903924403e-01,0.000000000000000000e+00,4.266412690924930029e-01
1.599319985499735308e-01,0.000000000000000000e+00,6.826356913398390347e-01
4.869528027103406376e-01,5.551115123125782702e-17,6.638980070652897858e-01
0.000000000000000000e+00,3.716648391193679846e-01,3.825650465253283561e-01
9.872593483086083976e-02,0.000000000000000000e+00,6.955468604069459104e-01
4.370254988106692107e-02,0.000000000000000000e+00,4.360823435168779127e-01
0.000000000000000000e+00,4.373418671087737630e-01,4.129640153711136019e-01
0.000000000000000000e+00,2.923869682915638535e-01,4.231686205912434939e-01
0.000000000000000000e+00,4.118167282769101822e-01,3.370813913774481918e-01
1.268543039596252697e-01,0.000000000000000000e+00,7.270922404352910817e-01
0.000000000000000000e+00,8.222114361903287705e-02,6.158679993466751323e-01
4.263079002910009629e-01,0.000000000000000000e+00,4.805219383441908798e-01
1.612036769360135624e-01,0.000000000000000000e+00,1.706192436002720858e-01
0.000000000000000000e+00,4.585357091478863834e-01,6.169256866293109098e-01
1.414899328351711949e-01,0.000000000000000000e+00,2.507805119519630477e-01
5.551115123125782702e-17,3.429211872588756593e-01,4.145566941211821232e-01
1.205299662646191483e-01,0.000000000000000000e+00,3.237707123514180219e-01
0.000000000000000000e+00,1.037688460145863578e-02,6.104814857629584646e-01
5.551115123125782702e-17,3.544002901925339399e-01,3.537974741617055940e-01
1.128488860670959215e-01,0.000000000000000000e+00,5.770840238025616298e-01
2.398148534312184443e-01,0.000000000000000000e+00,5.023708371158986941e-01
0.000000000000000000e+00,3.876577787825777888e-01,7.130917654843033082e-01
3.244243622973623786e-01,5.551115123125782702e-17,1.329263690205810811e-01
2.295146295039663942e-01,0.000000000000000000e+00,5.970925956769207454e-01
2.125774844487503534e-01,0.000000000000000000e+00,6.722931115948200809e-01
9.408318187137548749e-02,0.000000000000000000e+00,5.623685706653783756e-01
4.739849626000036675e-01,0.000000000000000000e+00,3.737703598466706190e-01
5.551115123125782702e-17,1.494167787784655976e-01,7.329892694639948969e-01
4.284868028302502019e-02,0.000000000000000000e+00,4.296449482555674271e-01
4.925142080169865322e-01,5.551115123125782702e-17,7.589356172159156255e-01
5.551115123125782702e-17,1.386154450862428500e-01,7.489166869465524456e-01
1.467563917756944392e-01,0.000000000000000000e+00,6.221418645373135714e-01
0.000000000000000000e+00,3.130180940811067014e-02,7.531463263894975224e-01
3.120104136316824706e-01,0.000000000000000000e+00,2.620389474529990492e-01
4.390390439768329656e-01,0.000000000000000000e+00,4.614016973838671043e-01
0.000000000000000000e+00,4.947432459333523380e-01,2.391041215481913285e-01
1.887222919156795742e-01,0.000000000000000000e+00,6.709738726633115435e-01
0.000000000000000000e+00,1.108392870871508507e-01,5.629662074230830093e-01
0.000000000000000000e+00,2.746099296509744714e-01,6.251073892204214166e-01
5.551115123125782702e-17,2.876464362112075013e-01,6.447221765055218823e-01
1.724287718426458227e-01,0.000000000000000000e+00,3.940107325323531362e-01
1.080515052021573941e-01,0.000000000000000000e+00,3.980215368478678961e-01
0.000000000000000000e+00,4.846750866937026836e-01,7.956517758400059037e-01
0.000000000000000000e+00,3.338573420812480652e-01,6.043762692557317351e-01
4.023296156690872039e-01,5.551115123125782702e-17,5.479734083231638797e-01
2.710259561961051444e-01,0.000000000000000000e+00,1.500385679483606238e-01
0.000000000000000000e+00,4.132460336722677541e-01,8.318415887920204144e-01
2.955991663583027451e-01,0.000000000000000000e+00,4.297035648376031913e-01
2.076139503561103550e-01,0.000000000000000000e+00,5.263918305179809964e-01
4.920132744142043935e-01,0.000000000000000000e+00,4.272643784768112574e-01
0.000000000000000000e+00,4.058077868750856743e-01,3.176201210319526957e-01
2.960564116457226613e-01,0.000000000000000000e+00,4.061222985359425608e-01
1.283858672243718413e-01,0.000000000000000000e+00,6.569045962121609072e-01
0.000000000000000000e+00,9.943753051316689406e-02,4.485451434759514799e-01
3.636716661331366174e-01,0.000000000000000000e+00,8.478553605804142190e-01
2.826545398151558697e-01,0.000000000000000000e+00,8.302924429852982513e-01
2.141071699518927729e-01,5.551115123125782702e-17,5.357634708903089571e-01
7.904191246219643974e-02,0.000000000000000000e+00,8.122366257761383102e-01
7.404442521553661338e-02,5.551115123125782702e-17,3.630216396412456747e-01
0.000000000000000000e+00,2.638084816364902885e-01,2.571750481887488671e-01
1.981990010631657362e-01,0.000000000000000000e+00,4.919263278013016882e-01
0.000000000000000000e+00,3.744252352034124209e-01,6.532278122028286615e-01
0.000000000000000000e+00,2.397604567567155343e-01,7.339544212127999678e-01
0.000000000000000000e+00,5.492663002229286606e-02,3.452347346094311598e-01
0.000000000000000000e+00,2.949523501947097781e-01,5.202754421731269341e-01
2.424150689614274490e-01,0.000000000000000000e+00,4.652380079767510779e-01
0.000000000000000000e+00,1.816712630367318670e-01,4.379168228129666773e-01
2.135244552704332333e-01,5.551115123125782702e-17,8.350831386301657000e-01
0.000000000000000000e+00,1.252709465501544717e-01,7.580792187703930818e-01
5.551115123125782702e-17,1.741558941849122299e-01,5.233292268497886646e-01
0.000000000000000000e+00,3.950357037050491460e-01,4.938659270297375281e-01
0.000000000000000000e+00,1.036359455294206811e-01,2.088028287663719618e-01
4.413887639483453085e-01,0.000000000000000000e+00,7.685022568750896621e-01
0.000000000000000000e+00,1.931024609968917671e-01,4.483870941548209199e-01
8.763013435138827800e-02,0.000000000000000000e+00,5.851855635357856578e-01
5.551115123125782702e-17,1.977308223889129302e-02,7.058448466700535384e-01
1.547369482874808022e-01,0.000000000000000000e+00,4.970266548565144826e-01
0.000000000000000000e+00,1.096471149403684398e-01,3.794236594567214071e-01
0.000000000000000000e+00,4.286151466344226280e-01,5.244844732789217812e-01
5.551115123125782702e-17,5.681029448668289961e-02,6.632137689312054274e-01
0.000000000000000000e+00,1.464921489606446636e-01,5.611715047633548670e-01
3.885928315618722984e-01,0.000000000000000000e+00,6.906709359820830674e-01
4.739858985915208489e-01,5.551115123125782702e-17,7.413535264901617294e-01
1.442759098862234080e-02,0.000000000000000000e+00,4.832919602909234724e-01
0.000000000000000000e+00,7.181895964506074259e-02,1.845168162198039807e-01
0.000000000000000000e+00,2.268248882614740114e-01,1.528543822967373123e-01
0.000000000000000000e+00,2.324939663828300418e-01,6.494307722776537783e-01
3.236284170341208188e-01,0.000000000000000000e+00,3.840487498586548365e-01
0.000000000000000000e+00,4.573955048164897730e-01,5.407342710735302260e-01
3.549370660345406714e-01,0.000000000000000000e+00,5.922023379760406048e-01
0.000000000000000000e+00,1.423395914420459984e-01,6.951774340536338581e-01
0.000000000000000000e+00,1.794560460726635220e-02,3.554644190118357860e-01
2.474986697503112065e-02,0.000000000000000000e+00,4.567404466267809826e-01
0.000000000000000000e+00,2.047901971267578891e-01,5.832065007814081214e-01
0.000000000000000000e+00,2.619813191022858367e-01,5.520633795029525892e-01
0.000000000000000000e+00,4.965466249294930856e-02,6.301801411054758217e-01
4.537317686266471584e-01,5.551115123125782702e-17,4.479897051835189936e-01
4.226246512773901287e-01,0.000000000000000000e+00,8.492442838746424583e-01
0.000000000000000000e+00,4.711867891161403143e-02,3.726012484888001630e-01
4.954502899094692103e-01,0.000000000000000000e+00,2.857450545074549098e-01
4.940912375034267612e-02,0.000000000000000000e+00,3.437703197311240411e-01
1.425846797259883170e-02,0.000000000000000000e+00,5.917222530510138911e-01
0.000000000000000000e+00,3.302660835576572973e-01,4.409658132845575285e-01
5.551115123125782702e-17,4.354411181583804358e-01,8.165848659057789449e-01
0.000000000000000000e+00,2.523207476283033657e-01,7.671619581694555379e-01
6.616020803108135784e-03,0.000000000000000000e+00,7.008104490859949909e-01
5.551115123125782702e-17,2.521633046109417187e-03,8.259474138290429091e-01
4.353898296784238231e-01,0.000000000000000000e+00,5.539574030598799492e-01
5.356995356025762156e-02,0.000000000000000000e+00,6.832142873400068872e-01
5.551115123125782702e-17,8.966952602564787211e-02,4.605486123562301248e-01
3.984186904568429721e-01,0.000000000000000000e+00,4.941217037297791492e-01
0.000000000000000000e+00,4.450477050026985792e-01,3.188787698643963386e-01
5.551115123125782702e-17,4.997205124825996325e-01,6.864294739170245796e-01
3.256619071689949019e-01,0.000000000000000000e+00,2.198828681279716424e-01
1.687724419971699530e-01,5.551115123125782702e-17,4.896128379159283561e-01
4.692158292479554627e-01,0.000000000000000000e+00,2.028144389331308917e-01
2.474889247139452353e-01,0.000000000000000000e+00,5.367403808034054702e-01
5.551115123125782702e-17,2.213070223905436729e-01,5.864041095090849476e-01
4.344885949215618881e-01,0.000000000000000000e+00,2.700084472470741792e-01
0.000000000000000000e+00,1.145030828559449598e-01,4.427067628691777612e-01
0.000000000000000000e+00,1.032300162829453694e-01,2.566437560057732714e-01
5.551115123125782702e-17,2.125520151547939940e-01,6.409449364849663100e-01
3.437970052343869432e-02,5.551115123125782702e-17,3.533303111175476463e-01
4.669012595888015205e-01,5.551115123125782702e-17,4.007824945630589220e-01
0.000000000000000000e+00,3.657466071450341527e-01,6.829412454076018157e-01
0.000000000000000000e+00,2.627595843508251372e-02,6.881014388519135494e-01
2.258283288449413617e-01,0.000000000000000000e+00,8.213034490787587405e-01
3.581522142460279445e-01,0.000000000000000000e+00,3.583966703451726410e-01
0.000000000000000000e+00,5.723554510822409513e-02,5.142716266804640002e-01
5.551115123125782702e-17,2.738469473799090559e-01,2.587725588536559651e-01
4.505563754321919023e-01,5.551115123125782702e-17,2.298253836034764297e-01
4.109149628867623805e-01,0.000000000000000000e+00,4.544409134245948612e-01
3.801317542690744178e-01,0.000000000000000000e+00,3.759701025286440457e-01
3.520172705947579583e-01,0.000000000000000000e+00,2.139864322060691659e-01
5.551115123125782702e-17,2.182286225992048356e-01,6.574438804498443645e-01
3.925714818167261311e-01,0.000000000000000000e+00,3.710786005634667539e-01
1.318309987903648062e-01,0.000000000000000000e+00,3.257720686869155502e-01
0.000000000000000000e+00,4.305465283772305085e-01,6.347312597067303885e-01
0.000000000000000000e+00,4.018826332607763341e-01,6.340685797231961907e-01
3.393714177107534091e-01,0.000000000000000000e+00,6.111082855879679254e-01
2.742357276527372933e-01,0.000000000000000000e+00,4.736974208061303093e-01
0.000000000000000000e+00,4.594067298715814318e-01,7.307498467154989186e-01
0.000000000000000000e+00,4.524463513297226624e-01,3.453526457592592247e-01
4.383104716172448456e-01,5.551115123125782702e-17,4.032077591284541351e-01
3.488337129427245276e-01,0.000000000000000000e+00,4.033959286830255953e-01
0.000000000000000000e+00,4.299220927636914769e-01,4.542221822209641102e-01
1.531764262471027593e-01,0.000000000000000000e+00,5.142989425173452034e-01
3.649734930814055867e-01,0.000000000000000000e+00,5.929150236381255379e-01
1.481146133112675733e-01,0.000000000000000000e+00,4.953823856229100375e-01
0.000000000000000000e+00,4.635280749892419783e-01,7.202330324275439954e-01
0.000000000000000000e+00,3.673954126764889527e-01,6.533521742382092379e-01
0.000000000000000000e+00,4.499803657812718738e-01,4.754186792600620381e-01
3.026583374167490792e-01,0.000000000000000000e+00,6.613947650314631055e-01
5.551115123125782702e-17,2.177267622408473602e-01,4.893088407690805441e-01
0.000000000000000000e+00,3.510605329462926916e-01,3.529225465354178803e-01
3.497438383031261644e-01,0.000000000000000000e+00,5.985390720644869766e-01
3.438061258732753034e-01,0.000000000000000000e+00,5.587412959596544937e-01
3.014472158795231671e-01,0.000000000000000000e+00,6.567190330775760643e-01
0.000000000000000000e+00,3.063829841272424082e-01,5.687402351785528776e-01
0.000000000000000000e+00,2.345841846696311572e-01,5.756158134104478741e-01
0.000000000000000000e+00,2.929864490814825251e-01,5.693604364979707455e-01
3.048565591694795129e-01,0.000000000000000000e+00,3.173917294653408883e-01
0.000000000000000000e+00,2.647069708019820222e-01,5.271455549292751730e-01
8.273302015288652722e-02,0.000000000000000000e+00,4.471380466641413642e-01
5.551115123125782702e-17,2.776202704168874158e-01,3.789015114342891843e-01
0.000000000000000000e+00,7.072553409995385731e-02,7.543778990556234687e-01
5.551115123125782702e-17,1.382929754177324999e-01,4.905784819120933560e-01
0.000000000000000000e+00,8.523197072813926134e-02,3.835120346477337572e-01
5.551115123125782702e-17,5.642717085547960254e-02,3.921058110753775083e-01
5.551115123125782702e-17,2.137909336376934144e-01,5.792695182690374978e-01
0.000000000000000000e+00,3.353680060526245121e-01,6.182471721635498518e-01
0.000000000000000000e+00,9.403097581524866300e-02,6.375786899219844095e-01
0.000000000000000000e+00,4.869712270707487467e-01,1.903220170538980627e-01
3.333373400940214948e-01,0.000000000000000000e+00,8.421836038876804320e-01
1.353949315079719384e-01,0.000000000000000000e+00,5.289989491273050515e-01
0.000000000000000000e+00,3.815352274258362320e-01,4.712051350120556314e-01
0.000000000000000000e+00,2.141555770883423193e-01,3.564475255351898797e-01
2.950641680795353938e-01,5.551115123125782702e-17,5.528629160968233647e-01
0.000000000000000000e+00,2.825678832504752158e-01,8.061315277588404493e-01
3.988345437055195175e-01,0.000000000000000000e+00,7.924768574877312233e-01
7.115090164546528095e-02,0.000000000000000000e+00,6.154236157785993866e-01
3.707437174116267053e-01,0.000000000000000000e+00,6.103199001461085960e-01
0.000000000000000000e+00,7.737146439949393883e-02,4.191924636899553303e-01
0.000000000000000000e+00,9.229213973939554005e-03,3.429319030417014580e-01
5.551115123125782702e-17,2.181680614428519460e-01,2.456377043852397413e-01
5.551115123125782702e-17,3.672091946968958354e-02,2.506252582891357328e-01
0.000000000000000000e+00,3.153874032600634258e-01,2.334023489062939660e-01
2.111586550091196224e-01,0.000000000000000000e+00,3.883002659662769251e-01
1.675275326348559801e-01,0.000000000000000000e+00,7.111886277306713744e-01
3.910399630248113656e-01,0.000000000000000000e+00,5.653939579188338449e-01
2.790522778970813134e-01,5.551115123125782702e-17,7.399039667613279692e-01
0.000000000000000000e+00,9.140121399661438328e-02,6.159142100057666269e-01
2.392953013679292029e-01,0.000000000000000000e+00,7.098818138545063272e-01
2.795704473825249003e-01,5.551115123125782702e-17,5.745981280110921130e-01
4.825180483477555238e-01,0.000000000000000000e+00,2.373396952628233914e-01
5.551115123125782702e-17,4.646452098804940700e-01,4.476039849482035815e-01
2.287102604681792162e-01,0.000000000000000000e+00,2.591217697960922495e-01
1.513150150833759144e-01,0.000000000000000000e+00,7.967283201271138093e-01
0.000000000000000000e+00,2.703445958153137818e-01,4.439415620926915329e-01
4.430477923647067606e-01,0.000000000000000000e+00,3.161183233502243839e-01
0.000000000000000000e+00,3.827372180533363810e-01,7.502769946907421605e-01
1.575744473683280411e-01,5.551115123125782702e-17,4.836462154641871236e-01
0.000000000000000000e+00,3.087326827894576464e-01,5.106470147156492168e-01
2.233218543617461194e-01,5.551115123125782702e-17,5.995141185970136455e-01
1.789308844208378213e-01,5.551115123125782702e-17,4.552178381521529982e-01
4.279122246488153425e-01,0.000000000000000000e+00,3.781075137495593097e-01
1.153724222500486785e-01,0.000000000000000000e+00,2.913374849471994654e-01
3.048988732764509324e-01,5.551115123125782702e-17,5.754437040311367602e-01
4.506109021315087282e-01,0.000000000000000000e+00,2.439123793003416529e-01
5.551115123125782702e-17,4.457028124709458972e-01,6.394626765665325507e-01
3.808587841697637644e-01,0.000000000000000000e+00,4.492747406455493975e-01
6.874501066656718562e-02,0.000000000000000000e+00,5.771200341547280122e-01
4.293309286581344919e-01,0.000000000000000000e+00,6.138823050057550246e-01
2.547627067057027239e-01,0.000000000000000000e+00,7.281740919446932914e-01
0.000000000000000000e+00,4.798677370903016715e-01,4.454567938327735899e-01
0.000000000000000000e+00,1.490918536550539519e-01,3.237170203433317184e-01
0.000000000000000000e+00,1.812918932838809005e-01,6.362855420004522866e-01
1.481693673082691287e-01,0.000000000000000000e+00,5.265011807429575974e-01
0.000000000000000000e+00,4.278004046398165006e-03,5.874572702907210342e-01
5.551115123125782702e-17,2.771358843570271291e-01,7.653980752406124299e-01
0.000000000000000000e+00,3.023080114225362713e-02,3.968429895659123519e-01
0.000000000000000000e+00,6.864367208027211120e-02,4.531951906569712252e-01
0.000000000000000000e+00,2.529896038864931640e-01,5.337902579656724766e-01
2.057074860874168465e-01,0.000000000000000000e+00,5.616823431864726990e-01
0.000000000000000000e+00,2.080036230629217497e-01,6.346531935200685481e-01
0.000000000000000000e+00,3.371531132259166230e-01,4.141723072875626022e-01
0.000000000000000000e+00,7.290368696948490435e-03,4.455183802650501956e-01
4.386382475078591248e-01,0.000000000000000000e+00,5.714100546141693826e-01
4.779021573223158348e-01,0.000000000000000000e+00,3.383891900099248451e-01
2.120010732103176920e-01,0.000000000000000000e+00,3.346647581529996751e-01
0.000000000000000000e+00,2.431186988444016261e-01,6.003838200413389448e-01
0.000000000000000000e+00,1.654364046154814250e-01,7.859602664138090056e-01
0.000000000000000000e+00,1.623592009482769383e-01,2.619579767575532236e-01
1.937115218148733886e-01,0.000000000000000000e+00,2.879263423979102621e-01
3.534758122870182429e-01,0.000000000000000000e+00,3.049661115908438025e-01
1.480408087806829864e-01,5.551115123125782702e-17,6.879547809741798359e-01
3.281166542336430014e-01,0.000000000000000000e+00,4.456526516977696861e-01
0.000000000000000000e+00,1.521371821009629977e-01,4.540093370267687667e-01
5.551115123125782702e-17,1.068312311986061025e-01,6.370910022891684843e-01
0.000000000000000000e+00,4.313152332833301017e-01,2.515092840152757248e-01
5.551115123125782702e-17,2.136901550381505310e-01,8.119262236012453338e-01
0.000000000000000000e+00,2.589797290445509104e-01,1.935479853654106241e-01
0.000000000000000000e+00,2.679771482229899027e-01,2.113177538445660253e-01
1.746640858284710940e-01,0.000000000000000000e+00,6.921114904231838727e-01
3.059149214337930633e-02,0.000000000000000000e+00,4.202251154788409493e-01
3.509187501454866798e-01,0.000000000000000000e+00,6.199438132748988917e-01
0.000000000000000000e+00,1.545938334487927390e-01,2.567024537446337407e-01
4.338547845178862827e-01,0.000000000000000000e+00,4.347081453848931076e-01
0.000000000000000000e+00,4.789172374773422725e-01,4.109657503792918387e-01
0.000000000000000000e+00,4.632952172983209049e-01,4.016900542408623487e-01
6.328113349513775354e-03,0.000000000000000000e+00,3.485473197647830368e-01
4.550435187046385499e-01,0.000000000000000000e+00,7.000137732509831290e-01
0.000000000000000000e+00,2.068515600109209762e-01,5.890987954466251342e-01
0.000000000000000000e+00,9.619855691707501766e-02,6.751779456286679526e-01
0.000000000000000000e+00,2.690856371911065636e-01,4.876710208632871746e-01
0.000000000000000000e+00,3.050632358402906585e-01,4.764406049329403814e-01
1.642693830500553398e-01,0.000000000000000000e+00,6.054974282917744421e-01
1.641052773923818431e-01,0.000000000000000000e+00,5.059661538924514756e-01
0.000000000000000000e+00,4.631323244866727418e-01,1.820587237021114024e-01
3.517295899303347073e-01,0.000000000000000000e+00,5.137375742914875865e-01
5.925840917394831209e-02,0.000000000000000000e+00,7.501753140813243181e-01
0.000000000000000000e+00,2.233533191820662456e-01,5.489034684850205847e-01
2.174725039013806205e-01,0.000000000000000000e+00,6.269218295993899126e-01
5.551115123125782702e-17,4.545563127814167270e-02,2.481460930868042980e-01
1.122627425684894487e-01,0.000000000000000000e+00,3.320556695580921813e-01
2.928391801058095600e-01,0.000000000000000000e+00,4.455288967652677456e-01
0.000000000000000000e+00,3.652518159549720256e-01,5.503956962707543532e-01
2.969471970840190100e-01,0.000000000000000000e+00,4.112913400536269415e-01
0.000000000000000000e+00,2.283801908948854820e-01,7.294803451853484333e-01
0.000000000000000000e+00,2.638421370166141866e-01,7.989364827672076341e-01
5.551115123125782702e-17,4.731053659240165299e-01,8.288691773440883814e-01
1.579757945444802414e-01,0.000000000000000000e+00,6.692557488115662423e-01
4.898227424635189786e-01,0.000000000000000000e+00,6.877395558261447661e-01
5.551115123125782702e-17,3.238539540731205646e-01,5.360550884551293915e-01
3.133557506316649310e-01,0.000000000000000000e+00,3.478786273425963360e-01
0.000000000000000000e+00,9.138602429846592878e-02,6.704605871403115369e-01
5.862416064042813568e-02,0.000000000000000000e+00,3.371669897530276128e-01
0.000000000000000000e+00,6.936135897270129247e-02,1.733344180603967333e-01
2.461559930441990507e-01,0.000000000000000000e+00,5.344856254875586243e-01
2.535668716396111133e-01,0.000000000000000000e+00,4.442011865431429452e-01
2.233884104540857507e-01,0.000000000000000000e+00,8.504287684834946903e-01
4.727361053398929647e-01,0.000000000000000000e+00,6.869434811025576515e-01
0.000000000000000000e+00,3.239209623384492476e-01,2.784758145388401274e-01
0.000000000000000000e+00,4.115037538669352180e-01,4.875222907652139170e-01
1.392875182858525629e-01,0.000000000000000000e+00,6.323081418376836904e-01
4.598635887967249536e-01,0.000000000000000000e+00,3.270787981250719012e-01
0.000000000000000000e+00,4.746447904834734666e-01,2.818505116275351607e-01
4.918480695110705181e-02,0.000000000000000000e+00,5.241370069863399150e-01
3.073826429926188597e-01,0.000000000000000000e+00,6.528644706442452428e-01
1.261872845729947734e-01,0.000000000000000000e+00,4.698327202223898658e-01
3.139035779282522975e-01,0.000000000000000000e+00,4.671139731861485012e-01
5.551115123125782702e-17,1.904642004816043399e-01,3.009865075208277840e-01
1.947639929364685107e-01,5.551115123125782702e-17,5.126595611459077162e-01
0.000000000000000000e+00,2.165820114794922424e-01,2.993307478277332789e-01
5.551115123125782702e-17,3.523421486666047930e-01,5.763154609270046969e-01
0.000000000000000000e+00,1.286874893711502099e-01,6.515230551002024750e-01
1.266482223028934095e-01,0.000000000000000000e+00,5.809010328057174766e-01
0.000000000000000000e+00,4.431125904412921979e-01,3.093610198162489722e-01
2.618713051169382355e-01,5.551115123125782702e-17,6.075739608773949030e-01
3.445020694987803722e-01,5.551115123125782702e-17,4.753303295160601905e-01
5.779781886387802547e-02,0.000000000000000000e+00,4.491561817872814499e-01
4.495642566846613786e-02,0.000000000000000000e+00,6.165441356591222499e-01
2.877626364802787773e-02,0.000000000000000000e+00,4.685456115856982962e-01
5.551115123125782702e-17,3.085109131441001740e-01,3.514691851601997596e-01
3.437850706853429195e-03,0.000000000000000000e+00,4.825307186297827511e-01
0.000000000000000000e+00,3.554243049184488967e-01,7.530934278027374695e-01
5.606992721867248841e-02,0.000000000000000000e+00,6.046521771039256032e-01
0.000000000000000000e+00,2.368578872970603655e-01,6.020507230006726385e-01
4.794156058429142608e-01,0.000000000000000000e+00,5.556553509187865947e-01
2.469676812684346023e-01,5.551115123125782702e-17,4.832425556275937173e-01
0.000000000000000000e+00,3.890012494979770974e-01,6.084747340521284853e-01
1.982112751669242168e-01,0.000000000000000000e+00,4.503603464409082768e-01
4.026268343147855755e-01,0.000000000000000000e+00,7.592575077289174246e-01
1.116551035001539516e-02,5.551115123125782702e-17,4.157975427631338539e-01
1.087006471028055254e-01,5.551115123125782702e-17,6.095633987745850968e-01
4.435827656233349847e-01,5.551115123125782702e-17,4.736881421542338821e-01
0.000000000000000000e+00,3.226847414343065878e-01,2.107469881862651939e-01
1.800415540653649282e-01,0.000000000000000000e+00,4.460599273211084403e-01
3.767981215509687010e-01,0.000000000000000000e+00,3.113644349977570669e-01
0.000000000000000000e+00,8.684082835978551573e-02,7.516854763658770144e-01
3.581237827554157871e-01,0.000000000000000000e+00,2.333501683777483016e-01
5.551115123125782702e-17,3.725345598483315035e-01,5.232650629077237880e-01
3.149646729811080847e-01,0.000000000000000000e+00,6.322732218745095167e-01
0.000000000000000000e+00,2.602176492296834898e-01,7.914573568665342895e-01
2.259345064634051825e-01,0.000000000000000000e+00,6.215583001777048588e-01
4.133898243207984047e-01,0.000000000000000000e+00,3.663863350018717324e-01
3.502703927929960992e-01,0.000000000000000000e+00,4.831534610157184884e-01
4.411455112844751558e-01,0.000000000000000000e+00,3.116801735074209434e-01
9.369968464386146945e-02,0.000000000000000000e+00,3.896146031129930076e-01
2.875789239046561696e-01,0.000000000000000000e+00,3.418780998856620346e-01
5.551115123125782702e-17,4.430096729272756106e-01,2.876880263801378512e-01
2.106715599540590067e-01,0.000000000000000000e+00,4.346061166264974518e-01
3.973144754413052704e-01,0.000000000000000000e+00,3.898683545059924427e-01
0.000000000000000000e+00,4.174631738838480155e-02,4.045892064911479347e-01
5.551115123125782702e-17,3.934005966874147275e-01,7.015319811437207287e-01
3.919529684776471568e-01,0.000000000000000000e+00,2.067575814899163533e-01
3.489357689385957917e-01,5.551115123125782702e-17,5.525941462205428145e-01
0.000000000000000000e+00,1.821658528078672901e-01,4.016599970756474236e-01
0.000000000000000000e+00,1.361937920085772857e-01,7.128697474058527384e-01
1.261355721097516813e-01,0.000000000000000000e+00,6.113202401840918121e-01
0.000000000000000000e+00,2.692696114125128215e-01,5.463758314725655207e-01
2.464273813197882523e-01,5.551115123125782702e-17,3.799971430708415365e-01
3.223039638329556755e-01,5.551115123125782702e-17,3.759003863539111534e-01
4.832700798778246654e-01,0.000000000000000000e+00,4.777896099887611325e-01
0.000000000000000000e+00,3.641651473078590939e-01,6.380607545961125560e-01
0.000000000000000000e+00,1.714677490387054304e-01,4.943549458938496510e-01
4.830744589441238190e-02,0.000000000000000000e+00,2.377084015206915035e-01
1.684670501322090286e-01,5.551115123125782702e-17,3.991832195136001404e-01
1.064510935092378152e-01,0.000000000000000000e+00,4.382747119360277943e-01
7.906604599842909087e-02,0.000000000000000000e+00,4.162321804006744452e-01
4.116944526446372765e-01,0.000000000000000000e+00,5.418858342005361539e-01
0.000000000000000000e+00,3.245735886779284041e-01,3.573597049415799254e-01
2.359785148494967233e-01,0.000000000000000000e+00,5.432618513773722624e-01
0.000000000000000000e+00,1.296732192801273720e-01,2.939653815691456451e-01
0.000000000000000000e+00,1.350284528233482439e-01,1.939682260592077157e-01
0.000000000000000000e+00,2.926195787098692103e-01,4.971642999456847845e-01
0.000000000000000000e+00,4.257188173952306531e-01,5.293072751839883461e-01
0.000000000000000000e+00,4.234266436776919496e-01,5.769025502795563920e-01
4.598197671472419867e-01,0.000000000000000000e+00,6.815736875242812687e-01
0.000000000000000000e+00,2.743390757099936073e-01,5.231576217200393231e-01
4.080341492770089840e-01,0.000000000000000000e+00,4.969926627333977609e-01
2.994237878895967819e-01,5.551115123125782702e-17,4.208316878016667428e-01
2.680639133756742565e-01,0.000000000000000000e+00,2.627799398937346043e-01
0.000000000000000000e+00,3.716393152647612941e-01,4.101388174763233030e-01
5.551115123125782702e-17,4.223908922363601715e-01,2.640637338929558986e-01
1.458576439459747798e-01,0.000000000000000000e+00,3.431791979200097265e-01
4.989477556945040582e-01,0.000000000000000000e+00,7.687139553185056151e-01
2.331547258044675552e-01,0.000000000000000000e+00,7.479158396285949806e-01
0.000000000000000000e+00,3.291328194627839432e-01,5.466644154978443915e-01
0.000000000000000000e+00,3.594129543431712759e-01,4.108916876552746178e-01
2.471767234831738769e-01,0.000000000000000000e+00,1.426174836171544835e-01
1.848316664135974396e-01,0.000000000000000000e+00,3.680484638922469909e-01
5.551115123125782702e-17,3.777146938323076575e-01,1.407317878641875519e-01
0.000000000000000000e+00,6.568210609931279809e-02,5.970835973947952180e-01
1.825193011620195871e-01,0.000000000000000000e+00,5.636738887769232598e-01
2.423076079499393298e-01,0.000000000000000000e+00,7.110899342346881369e-01
0.000000000000000000e+00,8.022171062395044849e-02,5.817404238096451907e-01
1.414137791024836499e-01,0.000000000000000000e+00,4.329384724878623247e-01
4.372584098880327730e-02,0.000000000000000000e+00,8.473468159447752335e-01
1.258708822631940394e-01,0.000000000000000000e+00,6.468121967491612390e-01
1.977210947905549410e-01,0.000000000000000000e+00,2.878667546281373779e-01
0.000000000000000000e+00,2.221800824840333699e-01,4.042899131643102884e-01
0.000000000000000000e+00,2.014158334489694613e-01,4.426776191077157474e-01
1.576900413324607286e-01,0.000000000000000000e+00,7.350571184863636809e-01
0.000000000000000000e+00,1.305351012398187627e-01,5.443204632804859999e-01
2.023908428105432034e-01,0.000000000000000000e+00,3.788995356433070838e-01
1.694022303674616592e-01,0.000000000000000000e+00,6.313663979248311797e-01
4.399635277158763236e-01,5.551115123125782702e-17,4.787583063028454378e-01
0.000000000000000000e+00,3.958740106056931607e-01,2.060918373274081006e-01
0.000000000000000000e+00,2.587157972663806094e-01,6.766047744625899307e-01
0.000000000000000000e+00,1.934086223854204478e-01,3.824198925314707398e-01
2.049958323169696062e-01,0.000000000000000000e+00,3.243012439809238590e-01
2.580698530779776956e-01,0.000000000000000000e+00,3.103067581433235356e-01
5.531664161887994702e-02,0.000000000000000000e+00,6.158578835787271721e-01
3.936591820205249670e-01,5.551115123125782702e-17,5.549413180188919048e-01
1.493112326590000927e-01,0.000000000000000000e+00,3.605918577517835399e-01
1.552303124059581374e-01,5.551115123125782702e-17,5.990852548359889562e-01
9.980408665239864918e-02,5.551115123125782702e-17,4.322242904946872466e-01
2.912600140066849974e-01,5.551115123125782702e-17,7.699521127975685886e-01
5.551115123125782702e-17,1.135582752036111143e-01,6.860128462351857692e-01
0.000000000000000000e+00,1.339400234569801951e-01,7.991183865005995202e-01
0.000000000000000000e+00,1.297382621136975445e-01,2.141593617238455316e-01
1.434915786275119953e-01,0.000000000000000000e+00,4.342052457834273405e-01
4.545447241445835229e-01,0.000000000000000000e+00,2.660041881120967511e-01
4.797745905527818766e-01,0.000000000000000000e+00,7.118699356953051005e-01
0.000000000000000000e+00,8.849971957373059528e-02,8.044749648671658537e-01
5.551115123125782702e-17,3.195741830922407267e-01,8.071735621694690055e-01
5.551115123125782702e-17,2.634025337736628503e-02,5.237620640199567301e-01
0.000000000000000000e+00,1.876705018112689860e-02,5.592474535731518648e-01
0.000000000000000000e+00,2.840003843574766540e-01,3.244803944269920581e-01
0.000000000000000000e+00,4.816102595185729474e-01,5.467217193858370239e-01
2.337339660781276862e-01,0.000000000000000000e+00,2.818252960471583357e-01
5.551115123125782702e-17,1.696312420923032360e-01,5.516260281234495189e-01
2.989300797446264868e-02,0.000000000000000000e+00,7.165994415121572647e-01
4.410548289228946595e-01,0.000000000000000000e+00,4.631761845127409516e-01
0.000000000000000000e+00,3.567331448393135096e-02,7.305937260603023731e-01
1.089059761155264372e-01,0.000000000000000000e+00,4.012870294635705326e-01
1.388218174386077752e-01,0.000000000000000000e+00,6.695406025412130591e-01
1.302501026087546920e-01,5.551115123125782702e-17,7.991238363711867798e-01
0.000000000000000000e+00,4.886524913736106090e-01,3.762295402221773610e-01
0.000000000000000000e+00,1.085138783937877882e-01,5.836829844605843087e-01
5.551115123125782702e-17,2.083733374485814416e-01,5.968327652975459197e-01
7.235542678350403989e-02,0.000000000000000000e+00,7.128436234676379657e-01
1.894203614620922349e-01,0.000000000000000000e+00,6.643828247465475290e-01
1.369557517031804728e-01,0.000000000000000000e+00,4.619766874872932583e-01
4.361668881312241175e-01,0.000000000000000000e+00,5.243051364174582396e-01
2.390572889267554291e-01,0.000000000000000000e+00,2.099171660314654297e-01
0.000000000000000000e+00,1.175420450292861130e-01,3.507470181298866230e-01
5.235528715484633056e-02,0.000000000000000000e+00,6.193446781621614328e-01
4.755957876577722732e-01,0.000000000000000000e+00,4.119673322359299061e-01
3.897602444965776458e-01,5.551115123125782702e-17,4.045271965232002942e-01
6.012966281978798788e-02,0.000000000000000000e+00,6.790715868068719629e-01
0.000000000000000000e+00,1.186682974386365497e-01,6.211357746117798229e-01
0.000000000000000000e+00,1.831606387475382958e-01,6.216203102043965645e-01
4.253116096324510709e-01,0.000000000000000000e+00,6.521772094519269203e-01
2.518035380099135079e-01,0.000000000000000000e+00,4.491437017407305943e-01
0.000000000000000000e+00,1.308284349574794780e-01,6.804987418381730491e-01
0.000000000000000000e+00,9.536641393354011731e-02,5.036186093799032149e-01
4.124991026984027309e-01,5.551115123125782702e-17,4.131591095238853484e-01
0.000000000000000000e+00,1.152708696109333020e-01,5.993723165009657849e-01
2.714060983374317892e-01,0.000000000000000000e+00,6.108636599323662431e-01
5.551115123125782702e-17,3.519156773032796615e-01,3.944823064843014371e-01
5.551115123125782702e-17,1.902390613431380606e-01,1.695582964767694545e-01
2.845901445334024227e-01,0.000000000000000000e+00,4.658037340353224365e-01
3.021001273664236653e-01,0.000000000000000000e+00,4.371148888536033339e-01
4.619200692727164492e-01,5.551115123125782702e-17,5.986213277434000446e-01
0.000000000000000000e+00,4.074044940694044881e-01,4.521385032678540972e-01
0.000000000000000000e+00,4.116310042295682203e-01,2.611698495562881361e-01
8.416929106805931537e-02,0.000000000000000000e+00,3.159373632123041453e-01
4.617748477254430273e-01,0.000000000000000000e+00,6.915155361602381978e-01
3.194637511227526039e-01,0.000000000000000000e+00,4.123996832445673832e-01
9.549463386346768168e-03,0.000000000000000000e+00,7.121939547819979843e-01
1.752946216190294781e-01,0.000000000000000000e+00,6.032295716695139642e-01
5.551115123125782702e-17,1.815152474863876431e-01,6.899947431158792721e-01
3.583419897295105905e-01,0.000000000000000000e+00,3.530936668593770422e-01
0.000000000000000000e+00,2.486029080265020896e-01,8.687433833177969911e-01
0.000000000000000000e+00,2.593790973160559066e-02,6.718281406197952332e-01
