1.000000000000000000e+00,7.102711774529233413e-01,6.233758593962893668e-01
1.000000000000000000e+00,6.216819753966202899e-01,5.059411585015571866e-01
1.000000000000000000e+00,2.313747680073724444e-02,4.557440426684707391e-01
0.000000000000000000e+00,1.601437684135679218e-01,9.235110548217907445e-01
5.551115123125782702e-17,9.855433497868697490e-01,3.477536776540046670e-01
0.000000000000000000e+00,4.556827766103390687e-01,7.977130819333988487e-01
4.858887346342533053e-02,1.000000000000000000e+00,4.370043922896108546e-01
1.000000000000000000e+00,5.966690919396799853e-01,6.792444535079723567e-01
1.000000000000000000e+00,6.329073487375465046e-01,5.297196938875002870e-01
7.548832838411987378e-01,1.000000000000000000e+00,6.271936317199044986e-01
4.689815175162468375e-01,0.000000000000000000e+00,6.660147662234920940e-01
0.000000000000000000e+00,9.951271735663298479e-01,3.916873803710825830e-01
9.884542593272862554e-01,1.000000000000000000e+00,7.894108530628584086e-01
0.000000000000000000e+00,6.033323144518676351e-01,7.069490506719507961e-01
1.491222893959818219e-01,1.000000000000000000e+00,4.857116423442118247e-01
6.064058931612968939e-01,0.000000000000000000e+00,6.573014769949441227e-01
0.000000000000000000e+00,3.805153818249930597e-01,7.269293593458132641e-01
0.000000000000000000e+00,7.873106372376520445e-01,5.695815334762137638e-01
5.551115123125782702e-17,8.948518063199224493e-01,5.764628907354405474e-01
0.000000000000000000e+00,9.130220823465250435e-01,6.648003451147653786e-01
0.000000000000000000e+00,8.021063079964346754e-01,6.608721273302696764e-01
0.000000000000000000e+00,4.004606476912007107e-01,7.876550552455321430e-01
1.000000000000000000e+00,2.693965857917820506e-01,3.923684176188930173e-01
1.000000000000000000e+00,3.859378756608610739e-01,4.394699694868314244e-01
9.119188038622608738e-01,1.000000000000000000e+00,5.468366071834764863e-01
5.551115123125782702e-17,6.835444816905681398e-01,4.168040214074081318e-01
7.343783657876105098e-01,0.000000000000000000e+00,6.867876807473323186e-01
0.000000000000000000e+00,5.561469755483777755e-02,5.946639563853725052e-01
7.859407552549725340e-01,5.551115123125782702e-17,5.976689627085670642e-01
2.511255539317956420e-01,1.000000000000000000e+00,3.613239775816430854e-01
0.000000000000000000e+00,6.595730453247985459e-01,5.375810497799766718e-01
0.000000000000000000e+00,7.160607067167370499e-01,2.990856914389870003e-01
0.000000000000000000e+00,4.040047504250828259e-01,6.561238761163199484e-01
2.038182956093869402e-01,1.000000000000000000e+00,2.961529441791365680e-01
0.000000000000000000e+00,8.233108525722259152e-01,5.550950184484502170e-01
1.000000000000000000e+00,4.321988374719180070e-01,5.081642438942576279e-01
7.460592203242275566e-01,1.000000000000000000e+00,3.774099857664506841e-01
0.000000000000000000e+00,5.024395641917311917e-01,5.208226310074635101e-01
0.000000000000000000e+00,3.913448944307595379e-01,6.285999710639820215e-01
0.000000000000000000e+00,5.829749060247159109e-01,6.522059376718942758e-01
1.000000000000000000e+00,5.070768918505302869e-01,5.086021952233259480e-01
6.753413876813428862e-01,1.000000000000000000e+00,3.640644857999396633e-01
6.054592871352296735e-01,0.000000000000000000e+00,7.388337335077381773e-01
3.148205835779932515e-01,0.000000000000000000e+00,4.995160922184831431e-01
1.000000000000000000e+00,4.457853250907181097e-01,5.871628825507380078e-01
0.000000000000000000e+00,3.590936477045343911e-01,5.534911933758679403e-01
1.000000000000000000e+00,1.755550331693326305e-01,6.167138569916266189e-01
0.000000000000000000e+00,9.572652979147054930e-01,5.927170011330883392e-01
0.000000000000000000e+00,3.196857918334881088e-01,7.855620773532081547e-01
1.000000000000000000e+00,6.839120306570787289e-01,6.437091834847573635e-01
5.307983250033512235e-01,1.000000000000000000e+00,5.393178763677799470e-01
1.170491109207086877e-01,0.000000000000000000e+00,5.026205571983772824e-01
8.879269551295747576e-01,1.000000000000000000e+00,6.098610036854317240e-01
8.649091612367767468e-01,0.000000000000000000e+00,5.926939688813002149e-01
2.019468680564064367e-01,0.000000000000000000e+00,5.681130279255116600e-01
7.362173627850582269e-01,1.000000000000000000e+00,6.583427372647565612e-01
9.324929293595476398e-01,5.551115123125782702e-17,4.794974832176306379e-01
8.644019111936009914e-01,1.000000000000000000e+00,5.326453487170322854e-01
0.000000000000000000e+00,4.498617615315418372e-01,6.241586213435377228e-01
5.669821177428939762e-01,0.000000000000000000e+00,8.255208377872592651e-01
1.775605553562009664e-01,1.000000000000000000e+00,5.232234752150930479e-01
4.662508258983382170e-01,1.000000000000000000e+00,5.741364252745061458e-01
2.610576936967501371e-01,5.551115123125782702e-17,3.886662609440109661e-01
0.000000000000000000e+00,9.738711596157734185e-01,4.692810157457673603e-01
1.000000000000000000e+00,3.709397738364481611e-01,4.019933766670907849e-01
3.321552769301769903e-01,0.000000000000000000e+00,4.718834559917916560e-01
4.865409784278732497e-01,1.000000000000000000e+00,6.397323563826110560e-01
8.694853452194499788e-01,0.000000000000000000e+00,8.627454823357725289e-01
3.719511450939571029e-01,1.000000000000000000e+00,4.472765021890482418e-01
1.000000000000000000e+00,6.179560851700075519e-01,7.501877927715910888e-01
9.342649101433557757e-01,1.000000000000000000e+00,8.886409007375578595e-01
3.623603498903397169e-01,5.551115123125782702e-17,4.455212965118250379e-01
1.000000000000000000e+00,9.439718619443906444e-01,6.535830326843586890e-01
0.000000000000000000e+00,8.935613452170136917e-01,7.281722850465650598e-01
1.000000000000000000e+00,8.574820884570453217e-01,7.246192743028854188e-01
1.000000000000000000e+00,3.667795517852820431e-01,3.576475201411494775e-01
9.964598523311252176e-01,0.000000000000000000e+00,7.896264787834978982e-01
0.000000000000000000e+00,6.373858487842131160e-01,7.600038554308442551e-01
1.000000000000000000e+00,6.553665231110102907e-01,3.777818371270431630e-01
0.000000000000000000e+00,9.301604643312745280e-01,7.638961717137021656e-01
4.971763958543061745e-01,0.000000000000000000e+00,5.188417782286126601e-01
0.000000000000000000e+00,7.652149810610671121e-01,6.400578331281625566e-01
2.502598849898681754e-01,1.000000000000000000e+00,2.941142452779039740e-01
8.294375383300123250e-01,1.000000000000000000e+00,6.550622780370836118e-01
2.733810945652446200e-01,1.000000000000000000e+00,4.209720368773544052e-01
1.000000000000000000e+00,3.873203765351281858e-01,5.088198884897467966e-01
3.934686949453823912e-01,0.000000000000000000e+00,8.300257496550385028e-01
5.551115123125782702e-17,2.223175358008229185e-01,6.137394464516615633e-01
0.000000000000000000e+00,5.338001040367265082e-01,5.627516143165032236e-01
2.615732490343679051e-01,1.000000000000000000e+00,4.266148320388037374e-01
1.000000000000000000e+00,9.046417183991178890e-01,9.201000332889233135e-01
1.000000000000000000e+00,7.002742879225085648e-01,3.624286216123565607e-01
5.637414180329427538e-01,0.000000000000000000e+00,6.297786180659531441e-01
1.000000000000000000e+00,4.607111756775806866e-01,8.128482361591252703e-01
1.000000000000000000e+00,6.471381663528745776e-01,7.227849480864165788e-01
1.000000000000000000e+00,2.062719551918505978e-01,6.262590553726204989e-01
7.320300791382650107e-01,0.000000000000000000e+00,3.989215487966970564e-01
1.000000000000000000e+00,8.308768862246945774e-02,2.619183319947397948e-01
0.000000000000000000e+00,1.941911669827013354e-01,6.623755856064615921e-01
5.551115123125782702e-17,7.176577735237077427e-02,5.640820693110312201e-01
0.000000000000000000e+00,5.456028904132853574e-01,9.247232720020797103e-01
9.410899239363739177e-01,1.000000000000000000e+00,4.093124983079671764e-01
7.133172912235753449e-01,0.000000000000000000e+00,3.932503733150879976e-01
4.620374867575549049e-01,1.000000000000000000e+00,5.295499222973636400e-01
1.000000000000000000e+00,6.206913372578952703e-01,5.481849813650531145e-01
5.511161399441011355e-01,1.000000000000000000e+00,7.767730279425979489e-01
0.000000000000000000e+00,9.726958979523019355e-01,5.106936503850216802e-01
0.000000000000000000e+00,8.034194221369580502e-01,8.146043052120455208e-01
3.979939496351003747e-01,1.000000000000000000e+00,6.713016622738323669e-01
1.000000000000000000e+00,2.295534550024403153e-01,2.427697834384984488e-01
0.000000000000000000e+00,4.748916119110058176e-01,5.376950527862456308e-01
8.753638010970042904e-01,1.000000000000000000e+00,7.851991413894297001e-01
1.496601852619241502e-01,0.000000000000000000e+00,7.105804384975702437e-01
0.000000000000000000e+00,2.125731369699484508e-01,7.047104831709180006e-01
5.517053014249111431e-01,0.000000000000000000e+00,7.048703550778776528e-01
1.000000000000000000e+00,1.262384457503797353e-01,4.592442205120782495e-01
1.417073249068270258e-01,1.000000000000000000e+00,8.477879009049342773e-01
1.000000000000000000e+00,8.876115019508340476e-02,5.295549262629262177e-01
5.001986794414486903e-01,1.000000000000000000e+00,5.574573719310944586e-01
0.000000000000000000e+00,1.052709636914102576e-01,4.661818467769107688e-01
4.872124006077597214e-01,1.000000000000000000e+00,5.214395790867222269e-01
1.000000000000000000e+00,2.193728941005722577e-01,6.149328323384261052e-01
9.079833235998244767e-01,0.000000000000000000e+00,6.203012898559711052e-01
0.000000000000000000e+00,2.842136944526149067e-01,6.193905754504920314e-01
1.000000000000000000e+00,4.237562280304437712e-01,6.909779630276463580e-01
7.020946420586069436e-01,1.000000000000000000e+00,5.944137758961198781e-01
1.000000000000000000e+00,4.245063333132997885e-01,6.017643911499039877e-01
1.000000000000000000e+00,2.460333457073916041e-01,6.305168521957567052e-01
1.000000000000000000e+00,3.880759935475459055e-01,6.450184125527061996e-01
9.292006132788050987e-01,0.000000000000000000e+00,3.626938732204104676e-01
1.000000000000000000e+00,3.977137181820578071e-02,3.422996139574350227e-01
1.000000000000000000e+00,8.154237551059506650e-01,5.455518556616119064e-01
1.000000000000000000e+00,6.065737720814238232e-01,8.893612238048188567e-01
0.000000000000000000e+00,6.591110939263733481e-02,7.050863727803459158e-01
3.131369580839515887e-02,0.000000000000000000e+00,9.924014761256720885e-01
1.000000000000000000e+00,8.159803410571661031e-01,4.750489285985448618e-01
0.000000000000000000e+00,3.011670851574114738e-01,5.301936527447106418e-01
0.000000000000000000e+00,3.794364713865832628e-01,5.614133773440366237e-01
8.331221563525925689e-01,1.000000000000000000e+00,4.452319767372311388e-01
1.000000000000000000e+00,6.876248406978329175e-01,7.245904235942652871e-01
7.531282708199484865e-01,0.000000000000000000e+00,6.670665145982140887e-01
6.196569029962601949e-01,1.000000000000000000e+00,7.095111565373484197e-01
7.207862180523260109e-01,1.000000000000000000e+00,5.977050089189587245e-01
1.590238547349999698e-01,0.000000000000000000e+00,8.617280906849292821e-01
1.000000000000000000e+00,6.873033761940758879e-01,6.998200751796155306e-01
4.361319374232051627e-01,0.000000000000000000e+00,7.581642479492944897e-01
5.074359331096098824e-01,1.000000000000000000e+00,5.848759996497499003e-01
0.000000000000000000e+00,9.140686041446127730e-02,7.740057902625094854e-01
1.000000000000000000e+00,3.382286204570728594e-01,5.230940996463551151e-01
6.203442683424512660e-01,0.000000000000000000e+00,8.623020520284331303e-01
6.772838702947453493e-02,0.000000000000000000e+00,4.226050420305520472e-01
0.000000000000000000e+00,8.879397878508489272e-01,5.507124211818710258e-01
1.000000000000000000e+00,3.578977089617176310e-01,5.190497999570613530e-01
2.390671587318254632e-01,1.000000000000000000e+00,5.930413077102566488e-01
2.737543251138382372e-01,0.000000000000000000e+00,6.216861591542666154e-01
1.000000000000000000e+00,3.551309842900836067e-01,8.588538448343756571e-01
3.900662908017760167e-01,0.000000000000000000e+00,8.025535221411252973e-01
0.000000000000000000e+00,8.233901077126948298e-01,4.995036851692465918e-01
1.000000000000000000e+00,6.435199926414706395e-01,7.507994064838716675e-01
0.000000000000000000e+00,1.724891481027329698e-02,6.053833247641828841e-01
0.000000000000000000e+00,2.271686254296735874e-01,9.493182597115098487e-01
0.000000000000000000e+00,9.577139791137010416e-01,6.189740022658531959e-01
6.596475101811429820e-01,1.000000000000000000e+00,4.812040667383060133e-01
1.000000000000000000e+00,6.337045582264491106e-01,8.558523054313613709e-01
1.000000000000000000e+00,5.503897808946012216e-01,5.743694504900669351e-01
5.133542262649075649e-01,0.000000000000000000e+00,8.050350848961327355e-01
1.000000000000000000e+00,5.118018860423113603e-01,5.328596721732478114e-01
6.031808314681298411e-01,0.000000000000000000e+00,7.938007164263931603e-01
3.270990871765901420e-01,0.000000000000000000e+00,8.340897923665989699e-01
1.000000000000000000e+00,6.056301301983427754e-01,6.596579399528825771e-01
5.673159997560471846e-01,1.000000000000000000e+00,4.459711526954506233e-01
1.000000000000000000e+00,5.033416197714303264e-01,7.061402602763465763e-01
1.000000000000000000e+00,2.708761261531004161e-01,8.690906891610743479e-01
3.790268133148563257e-01,0.000000000000000000e+00,4.654920066555753855e-01
4.023363755786123486e-01,1.000000000000000000e+00,6.966601789380144627e-01
3.009587712499240952e-01,0.000000000000000000e+00,7.682806544983501462e-01
1.000000000000000000e+00,2.360013364435547545e-01,5.372639027585339733e-01
1.000000000000000000e+00,4.297241638826266863e-01,6.880034970780958270e-01
5.043781989584201764e-01,0.000000000000000000e+00,7.190330800937833056e-01
4.960295504715720449e-01,1.000000000000000000e+00,4.962252235449884918e-01
9.649918603359807223e-01,1.000000000000000000e+00,5.615520267305399438e-01
1.000000000000000000e+00,4.576436733569778648e-01,7.603438026587389098e-01
2.380716170288901812e-01,1.000000000000000000e+00,2.922568248251714573e-01
1.000000000000000000e+00,3.072687632458710461e-01,4.440850815842325994e-01
0.000000000000000000e+00,3.316853525286321269e-01,6.097957233826769574e-01
0.000000000000000000e+00,7.470808089461618007e-01,3.193169090347067751e-01
0.000000000000000000e+00,3.759439176654956194e-01,7.031779798174390139e-01
1.000000000000000000e+00,9.246273892314649245e-01,3.823330950630448033e-01
3.320831066676689924e-01,0.000000000000000000e+00,5.803808554802788455e-01
1.000000000000000000e+00,6.635726865109613515e-01,7.812886288807537882e-01
6.060511661715668463e-01,1.000000000000000000e+00,6.618337097371161937e-01
1.000000000000000000e+00,2.244818694714367513e-01,3.925030067056097804e-01
8.718983241466301548e-01,1.000000000000000000e+00,6.424041666330397859e-01
9.348830935294554223e-01,1.000000000000000000e+00,7.891435464979102976e-01
9.656985967352939015e-01,1.000000000000000000e+00,6.881709037300599574e-01
9.555050937453513082e-01,1.000000000000000000e+00,5.580625330221486990e-01
1.000000000000000000e+00,3.686402754582953079e-01,5.770816524784392332e-01
4.190189726310711849e-01,0.000000000000000000e+00,6.326311914694158212e-01
1.000000000000000000e+00,7.520449217567143352e-01,7.401799269218555244e-01
1.000000000000000000e+00,9.617948458172784765e-01,4.568234217734820635e-01
0.000000000000000000e+00,5.911818379663927869e-01,4.719374135857118402e-01
0.000000000000000000e+00,1.017796898146509643e-01,3.880381651150662803e-01
7.636354570919410278e-01,1.000000000000000000e+00,8.500496726722756025e-01
2.337935938681349746e-01,1.000000000000000000e+00,5.294789340353706075e-01
3.843121379564758966e-01,0.000000000000000000e+00,3.545153353130103824e-01
6.609250848850612980e-01,0.000000000000000000e+00,7.439195840023173911e-01
0.000000000000000000e+00,2.876425569172030849e-02,4.772047450789001499e-01
5.053388312546088779e-01,1.000000000000000000e+00,3.839271655972749664e-01
1.000000000000000000e+00,4.498202385739096254e-01,7.296906029144955008e-01
1.000000000000000000e+00,7.644455523984400314e-02,5.052745756239407360e-01
2.240146463703522883e-01,1.000000000000000000e+00,6.969997049774121489e-01
7.912145395460066233e-01,1.000000000000000000e+00,6.787482965636560950e-01
5.943158491586584269e-01,1.000000000000000000e+00,4.739299960092706598e-01
0.000000000000000000e+00,2.509331663126148637e-01,5.536771226609228380e-01
0.000000000000000000e+00,4.274914380315857909e-01,7.404863408119219947e-01
6.746356657888756825e-01,1.000000000000000000e+00,3.886824860171496643e-01
0.000000000000000000e+00,2.045965912990519442e-01,3.661734062603873019e-01
1.000000000000000000e+00,5.415896990343679329e-01,5.703876374489096346e-01
5.669349159225350876e-01,1.000000000000000000e+00,9.022345143461988348e-01
1.000000000000000000e+00,7.056262174767492512e-01,7.741810773709727478e-01
1.000000000000000000e+00,4.366685545157968362e-01,7.022247290826949540e-01
1.000000000000000000e+00,3.034724933394828406e-01,5.084478076511899092e-01
5.720464015981711059e-01,1.000000000000000000e+00,6.889088488484976791e-01
0.000000000000000000e+00,4.519599681381811229e-01,6.587976835994379110e-01
0.000000000000000000e+00,8.982215335757897101e-01,5.541052632634984043e-01
3.750773824659353606e-02,0.000000000000000000e+00,3.004661866935066095e-01
7.218383697595702753e-01,0.000000000000000000e+00,6.237702345958249239e-01
5.446592841295238019e-01,1.000000000000000000e+00,9.070944318663777262e-01
1.000000000000000000e+00,5.652381528548571232e-01,6.033636572382355956e-01
1.000000000000000000e+00,5.000863011403672287e-01,6.106195173869161108e-01
1.618488162583638923e-01,0.000000000000000000e+00,6.531630895715953011e-01
0.000000000000000000e+00,6.579225507042972820e-01,4.316240447860630880e-01
5.551115123125782702e-17,2.262120697976946482e-01,6.618932860705443177e-01
1.089472642513442668e-01,1.000000000000000000e+00,5.780907074585071026e-01
8.627986193791713498e-01,0.000000000000000000e+00,5.749785621912244515e-01
0.000000000000000000e+00,4.001729350883737046e-01,5.242180243608138834e-01
3.006886627121179156e-01,0.000000000000000000e+00,4.443642005211080881e-01
0.000000000000000000e+00,1.740118781048397567e-01,4.443668320445743336e-01
1.000000000000000000e+00,3.896132862626073834e-01,4.508377160529331573e-01
6.589870454676503009e-01,0.000000000000000000e+00,3.745492497010925459e-01
5.551115123125782702e-17,4.293615624472107983e-01,5.616543998076927169e-01
7.324651789240954614e-01,1.000000000000000000e+00,5.573011348449329327e-01
0.000000000000000000e+00,6.141517580729639603e-01,7.477294859369012503e-01
0.000000000000000000e+00,5.275710049636276322e-01,5.547058426299118494e-01
9.577077434150256252e-01,1.000000000000000000e+00,8.705943696099703866e-01
3.437427695349686840e-01,0.000000000000000000e+00,5.318185801599755180e-01
1.000000000000000000e+00,9.309929374710383954e-01,8.466623843427533158e-01
1.702560456367564479e-01,0.000000000000000000e+00,4.704516281092799845e-01
2.526182119047828412e-01,1.000000000000000000e+00,2.700259104627189544e-01
6.561646751149508017e-02,0.000000000000000000e+00,5.136388929187809538e-01
0.000000000000000000e+00,9.062875702429677993e-01,4.699360252264989657e-01
0.000000000000000000e+00,7.603798227302582813e-01,7.200774903727260590e-01
1.509512746253439119e-01,1.000000000000000000e+00,3.744038313028166254e-01
0.000000000000000000e+00,8.707203452023426493e-02,7.874797823608079561e-01
2.440982548518836892e-01,0.000000000000000000e+00,7.682706241111603163e-01
5.551115123125782702e-17,7.166884770069885668e-01,6.787512511235903601e-01
7.508501018274370553e-01,1.000000000000000000e+00,4.893195567224002396e-01
0.000000000000000000e+00,7.727442616604107695e-01,7.857985377479388411e-01
1.702630930267708953e-01,0.000000000000000000e+00,5.672585425861926822e-01
4.993961584846913215e-01,0.000000000000000000e+00,7.880261593353008465e-01
7.371086656340933851e-01,1.000000000000000000e+00,8.275408497533325303e-01
3.314353501892145504e-01,0.000000000000000000e+00,5.479711233980661955e-01
1.000000000000000000e+00,8.163024777479719329e-01,7.102354299963190565e-01
2.908810988068438741e-01,0.000000000000000000e+00,4.441353533873475534e-01
1.421601014540849750e-01,1.000000000000000000e+00,5.132349442966656072e-01
1.000000000000000000e+00,6.629088642977318813e-01,5.638443959780321535e-01
7.466332302900405837e-01,5.551115123125782702e-17,3.610460453444307993e-01
0.000000000000000000e+00,8.942259497916844602e-01,8.966477387425536572e-01
6.422288997927113607e-01,0.000000000000000000e+00,8.188493665795197884e-01
1.916190091411459351e-01,0.000000000000000000e+00,8.849043268280273322e-01
3.817378837869410679e-01,1.000000000000000000e+00,8.339098179660240362e-01
0.000000000000000000e+00,6.293736182819688052e-01,5.096462039684871437e-01
1.664829453739582465e-01,1.000000000000000000e+00,5.859084177580040631e-01
2.528691007823092862e-01,1.000000000000000000e+00,2.899578737418412322e-01
3.938484058165042656e-01,1.000000000000000000e+00,7.869340354551968009e-01
1.000000000000000000e+00,8.666240196779853022e-01,2.959087246979364427e-01
7.774852499215165746e-01,1.000000000000000000e+00,5.407302161183062950e-01
1.000000000000000000e+00,4.842194153299976822e-01,6.863057856530110357e-01
5.551115123125782702e-17,5.180929918985420768e-01,6.777165110907718004e-01
0.000000000000000000e+00,7.867263347635080617e-01,8.139217647872628580e-01
1.000000000000000000e+00,3.327536484954024543e-01,5.636282439105801956e-01
5.165574187030084197e-01,1.000000000000000000e+00,6.832858911575898642e-01
1.000000000000000000e+00,9.183319965277170205e-01,7.522277159017816128e-01
1.000000000000000000e+00,9.032428384310480229e-01,5.921842056194142057e-01
4.930124698816895634e-02,0.000000000000000000e+00,7.697641752586531494e-01
0.000000000000000000e+00,8.480499424739895709e-02,6.475295536780896200e-01
1.000000000000000000e+00,7.761264233813532920e-01,2.772145039504059771e-01
0.000000000000000000e+00,8.492124145918695799e-01,6.645295824217012370e-01
4.610956577062288453e-01,1.000000000000000000e+00,5.992451690991527080e-01
5.989497353407656766e-01,0.000000000000000000e+00,8.459062319676045050e-01
5.759564741003142530e-02,0.000000000000000000e+00,8.390328328324646590e-01
7.197697248803429648e-01,1.000000000000000000e+00,4.960815968827409495e-01
5.466473098849706780e-01,0.000000000000000000e+00,3.636835221408756258e-01
1.091987912222731616e-01,1.000000000000000000e+00,5.567629979093207115e-01
1.123785584618527400e-01,1.000000000000000000e+00,2.887053905816179822e-01
6.517222589903202135e-01,0.000000000000000000e+00,3.684452821502424147e-01
8.225215000105952079e-01,1.000000000000000000e+00,4.304277822512820317e-01
3.850515238479200741e-01,0.000000000000000000e+00,6.341907695415867074e-01
0.000000000000000000e+00,4.773429814302154184e-01,6.532881013471377729e-01
5.397918942947236287e-01,1.000000000000000000e+00,4.275979407605481342e-01
0.000000000000000000e+00,8.256078298148845640e-01,6.286024201072368811e-01
0.000000000000000000e+00,2.034477002678333479e-01,4.585660066071509666e-01
0.000000000000000000e+00,7.039727467014007534e-01,3.125833258109158574e-01
0.000000000000000000e+00,9.012975090102408604e-01,3.896953919469530181e-01
0.000000000000000000e+00,8.558792849228802346e-02,5.455240084361357988e-01
3.694744507301073178e-02,0.000000000000000000e+00,5.570749649942162707e-01
8.440115842676669811e-01,1.000000000000000000e+00,5.441088916810370435e-01
7.995062232088059329e-01,0.000000000000000000e+00,9.202504158296820336e-01
1.000000000000000000e+00,6.185792770924372075e-01,6.778853619802119868e-01
7.391593176593784786e-01,5.551115123125782702e-17,4.605834593744944638e-01
1.000000000000000000e+00,3.304012517761695245e-02,5.305636963236981529e-01
0.000000000000000000e+00,4.166505231341572357e-01,6.982421531599536380e-01
1.000000000000000000e+00,6.330006549365945201e-01,5.996867254396796021e-01
4.424546169445784938e-01,1.000000000000000000e+00,7.141561268086644709e-01
1.196032794837298407e-02,0.000000000000000000e+00,9.043200740659537162e-01
1.000000000000000000e+00,2.237992531235166727e-01,6.378395061398148824e-01
0.000000000000000000e+00,1.951767775720316678e-01,6.543211044059014103e-01
6.221265970179464810e-01,1.000000000000000000e+00,6.308880499810962661e-01
3.058771040718208378e-01,0.000000000000000000e+00,6.876114606713576993e-01
4.150328699617139572e-01,0.000000000000000000e+00,4.865514743288287813e-01
6.863763316168633999e-01,1.000000000000000000e+00,6.440186617139456171e-01
1.000000000000000000e+00,5.860401197931076611e-01,5.131954186519843697e-01
5.058924416163518289e-01,0.000000000000000000e+00,4.557064624236928929e-01
4.581369837867919070e-01,1.000000000000000000e+00,7.142928028538597651e-01
0.000000000000000000e+00,9.280011036585701367e-01,9.201196388893434497e-01
1.534742913905926542e-01,5.551115123125782702e-17,3.941992089335991656e-01
0.000000000000000000e+00,8.749920629072963640e-01,8.951981634389737374e-01
4.776560233831633195e-01,1.000000000000000000e+00,6.883745033649721901e-01
7.173060341245103277e-01,0.000000000000000000e+00,5.397330029794444872e-01
8.081603575518195859e-01,1.000000000000000000e+00,6.715886608229522103e-01
0.000000000000000000e+00,3.489645774699312586e-01,4.842361124183145460e-01
1.000000000000000000e+00,2.301226843301985570e-01,4.296509024771258956e-01
2.698438167560252010e-01,0.000000000000000000e+00,8.571385750688446103e-01
1.000000000000000000e+00,4.468062015182737712e-01,5.934540771235883305e-01
0.000000000000000000e+00,8.050614550871877384e-01,6.374327573723577167e-01
1.000000000000000000e+00,7.347595405747118225e-01,3.372182135241487133e-01
1.000000000000000000e+00,5.248228029102617320e-01,6.101099762542969707e-01
5.551115123125782702e-17,9.928814402772649927e-01,6.639018163233113556e-01
7.548698321531001065e-01,1.000000000000000000e+00,4.580482969637907353e-01
0.000000000000000000e+00,6.044168237151859024e-01,8.588928705346408066e-01
1.000000000000000000e+00,9.576039314696338511e-01,5.133830964014675091e-01
9.662402802113860822e-01,0.000000000000000000e+00,7.736464532450788578e-01
1.000000000000000000e+00,2.906282847450346596e-01,6.629729538822657364e-01
1.000000000000000000e+00,1.634677806901317920e-01,6.861242842400306907e-01
0.000000000000000000e+00,3.952193459890107619e-02,8.466529235864841407e-01
1.247205647591370647e-02,0.000000000000000000e+00,8.132499330008496896e-01
8.694599071958074576e-01,0.000000000000000000e+00,7.483442018175001653e-01
1.000000000000000000e+00,5.943072970211238371e-03,3.730703022008026171e-01
2.908904819928976870e-01,0.000000000000000000e+00,6.956171323823920893e-01
7.364497450004806600e-01,1.000000000000000000e+00,3.108479687850299045e-01
3.174057574742735754e-01,5.551115123125782702e-17,5.935369255281778278e-01
7.853985920864046122e-01,1.000000000000000000e+00,3.641832837122367383e-01
3.168262989991667555e-01,0.000000000000000000e+00,9.190981299999023690e-01
3.230752379504203686e-01,1.000000000000000000e+00,4.834290581712110679e-01
0.000000000000000000e+00,6.862240642625718756e-01,7.198346597589631024e-01
1.770334507437671401e-01,1.000000000000000000e+00,4.009568154661276584e-01
8.059111045899687298e-01,0.000000000000000000e+00,3.582986420562395691e-01
7.322415469875898086e-01,0.000000000000000000e+00,8.534946958918419035e-01
3.891564642524734108e-01,0.000000000000000000e+00,8.708541977543741153e-01
1.000000000000000000e+00,6.582838417279318621e-02,5.706746182517347110e-01
5.680039229690360125e-01,1.000000000000000000e+00,7.260684544149125230e-01
0.000000000000000000e+00,3.092069673980388789e-01,5.732533822865211182e-01
3.901635575099507425e-01,1.000000000000000000e+00,7.153113764150227372e-01
1.000000000000000000e+00,7.893843169798476778e-01,5.080376746321999537e-01
3.837430821675944514e-01,0.000000000000000000e+00,6.128849626612677959e-01
0.000000000000000000e+00,7.818293078786816563e-01,4.809570402904684849e-01
1.000000000000000000e+00,1.780054356033543006e-01,7.970372126665917767e-01
3.302189128626993320e-01,0.000000000000000000e+00,6.518760848493136972e-01
5.392567072598110078e-01,0.000000000000000000e+00,5.460115094049193818e-01
4.898298471610740834e-01,0.000000000000000000e+00,6.532330563989482419e-01
7.021108362369935518e-01,0.000000000000000000e+00,5.826178221522489986e-01
9.047939080920426314e-01,0.000000000000000000e+00,7.724861767196169460e-01
9.257986427046984712e-01,1.000000000000000000e+00,2.657531649772360560e-01
9.528672880589550420e-01,1.000000000000000000e+00,6.734280342645777573e-01
0.000000000000000000e+00,8.729357268783439761e-01,6.867335513990372453e-01
5.264976657044518893e-01,0.000000000000000000e+00,8.394847067448365507e-01
4.866143109164462466e-01,0.000000000000000000e+00,5.891936428712493123e-01
4.129905266846023992e-01,0.000000000000000000e+00,6.330536356207352444e-01
3.305795107485953177e-01,1.000000000000000000e+00,7.341271988429185491e-01
1.000000000000000000e+00,6.830785626059748816e-01,3.994129625395896888e-01
0.000000000000000000e+00,8.224014066369383924e-01,5.014665017850158391e-01
5.551115123125782702e-17,4.617754114791223774e-01,5.462299519455069419e-01
0.000000000000000000e+00,8.106937597387625649e-02,3.444756022184828903e-01
0.000000000000000000e+00,1.533412841569719021e-01,6.407375046262012708e-01
7.436800511653550716e-01,0.000000000000000000e+00,8.210612705740785167e-01
2.636910494528864057e-01,0.000000000000000000e+00,4.615354241378945566e-01
3.137241686911736993e-01,0.000000000000000000e+00,6.502612241122012193e-01
5.162045358839113529e-01,1.000000000000000000e+00,7.169593343530129559e-01
1.000000000000000000e+00,7.246691878609465842e-01,5.839364055548008636e-01
3.095642899850972740e-01,0.000000000000000000e+00,4.383582254965949221e-01
7.284147442432276076e-01,0.000000000000000000e+00,5.075160192872444354e-01
9.632055735785112205e-01,0.000000000000000000e+00,6.556081765886110357e-01
8.343768033203844414e-01,0.000000000000000000e+00,5.424438685643333535e-01
9.665742805301786866e-01,0.000000000000000000e+00,4.428326984106101816e-01
0.000000000000000000e+00,8.567262460309621463e-01,3.220162539767416621e-01
5.053675912565330774e-01,1.000000000000000000e+00,6.487705865296382601e-01
9.469057078874016931e-01,1.000000000000000000e+00,7.015557869144952718e-01
1.000000000000000000e+00,3.896999393662440858e-01,5.110756878062282516e-01
1.000000000000000000e+00,7.192677236525160112e-01,6.164652379930100068e-01
0.000000000000000000e+00,6.137807527479065550e-01,5.492753783622041919e-01
6.792836739137153579e-01,0.000000000000000000e+00,2.678996172416304167e-01
1.000000000000000000e+00,8.578991348786828564e-01,4.656287965364460657e-01
1.000000000000000000e+00,7.105293470422611168e-01,3.569433111887500565e-01
0.000000000000000000e+00,3.979736296983733546e-01,5.618360933592412287e-01
1.000000000000000000e+00,5.884184569929074016e-02,6.265133865096763621e-01
1.000000000000000000e+00,6.613398395740254232e-01,5.591573693344951135e-01
0.000000000000000000e+00,4.745398576961942227e-01,9.101641768186350401e-01
1.000000000000000000e+00,9.426052596203291500e-01,5.922728109374305605e-01
0.000000000000000000e+00,1.301493306512425119e-01,6.566096711892945859e-01
0.000000000000000000e+00,2.014235659877336992e-01,5.119249175052028589e-01
0.000000000000000000e+00,5.941792184766209184e-01,5.889669169009377203e-01
1.000000000000000000e+00,9.562284086288965756e-01,7.753289832186009978e-01
5.077614447560530042e-02,0.000000000000000000e+00,4.708949649876209564e-01
3.424225502919063802e-01,0.000000000000000000e+00,7.011658848727179150e-01
3.383749471620238203e-01,0.000000000000000000e+00,4.685398174620631906e-01
4.412026257863060907e-01,1.000000000000000000e+00,6.795311833284629621e-01
1.000000000000000000e+00,6.763538958180609351e-02,8.321382381945257034e-01
8.664906258200798517e-01,1.000000000000000000e+00,6.636610860345569796e-01
2.472285699277089188e-01,1.000000000000000000e+00,5.719741319451021599e-01
1.000000000000000000e+00,4.788739964268589611e-01,9.291004737791412893e-01
1.000000000000000000e+00,6.558882698605108530e-01,5.892105729220894483e-01
0.000000000000000000e+00,2.261766864214262984e-01,3.880986444985302652e-01
6.679828499595377167e-01,1.000000000000000000e+00,7.631655381235152857e-01
0.000000000000000000e+00,3.995408055097827149e-01,7.783969274703176344e-01
0.000000000000000000e+00,5.609168008984453113e-01,4.998032260309245300e-01
1.000000000000000000e+00,1.244969503976441350e-01,6.199188055446751555e-01
1.000000000000000000e+00,2.292371463843869694e-01,5.602922658951285939e-01
0.000000000000000000e+00,7.056270301723754912e-01,7.170731093660671629e-01
1.000000000000000000e+00,7.972113069931086038e-01,9.369562297321823996e-01
7.702919560638337160e-01,0.000000000000000000e+00,7.241192562848663972e-01
2.018008752444235832e-01,0.000000000000000000e+00,9.613714188793416326e-01
0.000000000000000000e+00,1.124159497277077979e-01,5.643511209387178651e-01
1.000000000000000000e+00,7.767852722014634281e-03,6.758940959427564010e-01
0.000000000000000000e+00,3.995034902402044841e-01,5.251928447447825610e-01
7.993932567935251310e-01,1.000000000000000000e+00,4.222415040758312754e-01
9.191583003099332849e-01,1.000000000000000000e+00,6.106426026385887162e-01
1.000000000000000000e+00,4.868088446733380703e-01,6.648929030958984354e-01
0.000000000000000000e+00,7.501237440956581848e-01,4.810242500685328326e-01
1.000000000000000000e+00,8.300826766103355236e-01,8.092114430659363977e-01
0.000000000000000000e+00,4.320474797431712588e-01,7.632436120950529812e-01
1.000000000000000000e+00,1.368269756333152509e-01,7.762662371715172149e-01
2.191013672709471449e-01,1.000000000000000000e+00,4.620487530867930515e-01
0.000000000000000000e+00,7.141952554805208742e-01,6.619930497186484741e-01
1.000000000000000000e+00,2.814473892703293068e-01,6.404675381990274641e-01
3.432951594224084024e-01,0.000000000000000000e+00,6.745576983211108990e-01
1.000000000000000000e+00,6.856593656642490098e-01,8.220953442916929532e-01
0.000000000000000000e+00,4.112143266085721560e-03,4.187411868538216675e-01
7.383334419081510891e-01,1.000000000000000000e+00,7.099717553430454631e-01
6.838484859018989503e-01,1.000000000000000000e+00,8.996127929504683651e-01
4.278195797939149392e-02,1.000000000000000000e+00,7.502646233575899215e-01
0.000000000000000000e+00,8.224512855409487067e-01,6.391547480882470156e-01
2.629108529956211138e-01,1.000000000000000000e+00,5.449688576902049775e-01
0.000000000000000000e+00,1.125602972925362488e-01,7.540148148005840767e-01
8.654240194148747900e-01,1.000000000000000000e+00,4.891295509992569790e-01
1.000000000000000000e+00,6.778348980848070138e-01,7.156947647177998029e-01
1.000000000000000000e+00,6.784922939006419185e-01,3.572646402366794760e-01
5.883890534254840876e-01,0.000000000000000000e+00,4.782810189685264834e-01
2.946450053107090294e-01,0.000000000000000000e+00,5.499594429941790930e-01
3.154087022582751088e-01,1.000000000000000000e+00,5.332989627881667971e-01
9.470819675023390838e-01,0.000000000000000000e+00,6.088455588646120020e-01
7.180396916502389537e-01,1.000000000000000000e+00,4.148135789259272954e-01
0.000000000000000000e+00,2.596589371819518766e-02,7.677307904101251523e-01
7.435358634682122103e-01,1.000000000000000000e+00,5.993861020061146405e-01
1.000000000000000000e+00,5.886235094373084564e-01,5.100497126699298223e-01
1.000000000000000000e+00,3.142659322214927942e-01,6.827855282655108660e-01
0.000000000000000000e+00,7.660583995801488744e-01,2.735448295693533871e-01
0.000000000000000000e+00,3.066958927069187157e-01,4.685045315777012220e-01
1.000000000000000000e+00,2.767010962657933115e-01,5.433871361363497021e-01
1.000000000000000000e+00,2.515945976477017565e-01,5.200636320937562784e-01
0.000000000000000000e+00,1.866428428857590527e-01,4.421966773584112276e-01
2.684583949121038815e-02,0.000000000000000000e+00,8.252963369355319490e-01
0.000000000000000000e+00,4.136315515917803332e-01,8.916791647586581604e-01
2.976152757817442929e-01,0.000000000000000000e+00,5.953678880406531038e-01
0.000000000000000000e+00,8.830466287446048224e-01,5.451272690696851164e-01
8.471631154104550809e-01,0.000000000000000000e+00,5.204096357752735491e-01
8.634514618112802964e-01,1.000000000000000000e+00,6.772382184485777890e-01
0.000000000000000000e+00,5.463122241677691449e-01,6.418190716490620451e-01
6.198374107149275947e-01,1.000000000000000000e+00,6.771166005635848029e-01
0.000000000000000000e+00,3.931924331921270444e-01,6.963451608124359149e-01
9.018503888783208078e-01,1.000000000000000000e+00,3.606164150839798466e-01
6.465094789527625618e-02,0.000000000000000000e+00,5.675930035374290306e-01
8.049228224989990466e-03,0.000000000000000000e+00,7.790079104838318891e-01
1.000000000000000000e+00,8.506546989649528268e-01,8.421908129242667851e-01
0.000000000000000000e+00,8.317958683138952924e-01,3.977589162574335369e-01
0.000000000000000000e+00,6.221173465679067371e-01,7.702702233869722637e-01
6.120856718596451307e-02,1.000000000000000000e+00,6.056216445276781934e-01
8.579289102896378028e-01,0.000000000000000000e+00,5.091682512577409003e-01
1.000000000000000000e+00,4.336657398689958698e-01,7.441232866856533068e-01
1.000000000000000000e+00,4.959416588364291556e-01,6.090831545758572663e-01
1.000000000000000000e+00,8.446953905747525138e-01,6.779654477757229847e-01
1.000000000000000000e+00,1.987971889309073092e-01,7.329894029996875116e-01
1.000000000000000000e+00,7.377344875137686886e-01,3.258532912692754246e-01
6.296963613877968324e-01,1.000000000000000000e+00,3.941632127828648691e-01
1.000000000000000000e+00,5.793252638365177232e-01,5.304854444874494979e-01
1.527597085725407311e-02,0.000000000000000000e+00,3.383749354290973010e-01
0.000000000000000000e+00,6.241756666665142506e-01,4.817913500072679156e-01
1.000000000000000000e+00,6.825702448125492428e-01,5.841655074218364829e-01
4.757378910496714575e-01,1.000000000000000000e+00,3.871392384332753567e-01
1.000000000000000000e+00,5.749439211043150255e-02,5.300139955825643456e-01
9.272223732550982644e-01,5.551115123125782702e-17,4.997500065343539188e-01
0.000000000000000000e+00,8.460710229729521137e-01,4.050456323768155120e-01
3.006186699957884567e-01,1.000000000000000000e+00,6.045383204115890585e-01
3.168322342027711791e-01,0.000000000000000000e+00,5.414614266354318417e-01
9.378044424340692409e-01,1.000000000000000000e+00,4.414469370396212899e-01
2.173721572939039670e-01,5.551115123125782702e-17,5.776860967663612900e-01
1.000000000000000000e+00,4.092297078701216395e-01,5.766579122710019378e-01
0.000000000000000000e+00,7.446069230189044097e-01,8.377465288520546949e-01
5.345664619686446573e-01,1.000000000000000000e+00,3.882205317370346909e-01
8.051165917662891358e-01,0.000000000000000000e+00,4.638752969045620844e-01
0.000000000000000000e+00,2.347708377460382134e-01,5.752883573396704309e-01
1.695495981287232778e-01,1.000000000000000000e+00,3.479596803905417035e-01
1.000000000000000000e+00,2.461217045223760003e-01,3.114137277212736254e-01
2.874191949421106007e-01,1.000000000000000000e+00,9.006868772152482050e-01
6.389649782570010483e-01,1.000000000000000000e+00,5.925419314461362053e-01
0.000000000000000000e+00,9.247760434757834602e-02,7.449741852746393223e-01
4.142825065639070270e-01,5.551115123125782702e-17,6.185926510062045303e-01
0.000000000000000000e+00,6.671153333559033394e-01,5.893618063097101345e-01
1.000000000000000000e+00,1.822709719198948308e-01,4.718037834479170689e-01
7.048863107350421542e-01,0.000000000000000000e+00,6.467174854871118317e-01
9.293498519895442289e-01,1.000000000000000000e+00,4.534317797571174036e-01
1.935518046426988881e-01,0.000000000000000000e+00,6.064758821039899495e-01
3.914770202746424843e-01,1.000000000000000000e+00,7.240609039129798363e-01
3.124144571401683557e-01,5.551115123125782702e-17,5.087738010623332752e-01
0.000000000000000000e+00,4.936121550027959271e-01,4.199245478434236456e-01
1.000000000000000000e+00,7.819961475607691836e-01,5.213351824086214226e-01
0.000000000000000000e+00,4.181528312149089821e-01,6.270130540241762862e-01
1.000000000000000000e+00,6.031441613053899475e-01,5.202559465071485700e-01
1.000000000000000000e+00,9.224713102517378971e-01,6.555520046563073633e-01
1.000000000000000000e+00,1.313577621348701596e-01,8.891390305248243475e-01
1.000000000000000000e+00,5.698421760479860376e-01,6.885860934228694719e-01
4.996432643182639466e-01,0.000000000000000000e+00,8.031214236849696375e-01
5.626878262348893323e-01,1.000000000000000000e+00,4.509986637850786906e-01
5.551115123125782702e-17,2.194505260488933129e-01,4.614601764092164937e-01
9.851732037778573314e-01,0.000000000000000000e+00,6.689767204540865153e-01
0.000000000000000000e+00,4.819978815135263495e-01,3.999786260595344922e-01
7.309507907217082101e-01,1.000000000000000000e+00,3.792197862095105232e-01
5.302971162412805084e-01,0.000000000000000000e+00,6.395976467781594454e-01
6.427822051332037212e-01,0.000000000000000000e+00,4.347736336045554539e-01
3.901292613809606014e-01,0.000000000000000000e+00,4.194581727057063447e-01
8.503984734278027258e-01,0.000000000000000000e+00,5.708480112112348515e-01
5.975157011157061770e-01,0.000000000000000000e+00,6.965123817415783680e-01
1.000000000000000000e+00,3.871716894759318350e-01,5.443254646404247499e-01
1.000000000000000000e+00,3.208290017827817309e-01,6.376201866405188934e-01
0.000000000000000000e+00,9.055196627496518991e-01,6.861858399356345339e-01
0.000000000000000000e+00,3.442222989845871717e-01,4.294462901176310243e-01
8.035461643293306810e-01,5.551115123125782702e-17,5.627695157311410901e-01
1.000000000000000000e+00,7.574922936954785468e-01,4.224183279050518491e-01
6.425673575555495010e-01,1.000000000000000000e+00,8.199628768702427184e-01
1.000000000000000000e+00,7.674944945539421415e-01,6.096297164989985529e-01
0.000000000000000000e+00,4.635467113715199261e-01,7.998908544020654210e-01
1.000000000000000000e+00,5.629385836684450695e-01,4.671822910301056675e-01
4.761380345312023477e-01,1.000000000000000000e+00,8.035910118025991755e-01
1.000000000000000000e+00,5.758428619954417682e-01,6.653019997385866136e-01
8.968305471670472429e-01,0.000000000000000000e+00,3.805684080387859436e-01
4.372327868314238586e-01,5.551115123125782702e-17,6.778924659128718888e-01
1.000000000000000000e+00,7.983209400804138767e-01,6.851202570783905266e-01
7.125988322193325120e-01,1.000000000000000000e+00,8.173705027336728435e-01
8.805095673731972994e-01,1.000000000000000000e+00,6.470000891385685460e-01
7.781719859635465308e-01,1.000000000000000000e+00,9.012872500879326454e-01
1.000000000000000000e+00,3.637764194091496761e-01,8.470634689515086357e-01
0.000000000000000000e+00,2.793812202307454085e-01,2.829665518057401519e-01
1.000000000000000000e+00,4.427287574191852704e-01,4.354209799765838551e-01
1.000000000000000000e+00,2.259422306619605636e-01,3.067465322443809761e-01
0.000000000000000000e+00,2.601193290502457067e-01,5.754800626032561262e-01
1.000000000000000000e+00,6.028668962986221125e-01,5.398721374819329677e-01
8.655138464282992050e-01,1.000000000000000000e+00,2.596662654329587872e-01
6.269048479972677557e-01,1.000000000000000000e+00,3.569598153315026723e-01
2.369109237798946443e-01,1.000000000000000000e+00,3.778700063808843046e-01
0.000000000000000000e+00,3.072544308609113095e-01,4.290684139325918189e-01
1.000000000000000000e+00,4.923288711047008603e-01,6.174028157629104507e-01
1.000000000000000000e+00,4.620360517651164178e-01,7.565778228126294191e-01
8.237983474683224783e-01,0.000000000000000000e+00,5.328629285729054033e-01
7.915953171259180188e-01,1.000000000000000000e+00,2.925031539185429241e-01
6.907955599149120385e-01,0.000000000000000000e+00,7.474371529405439141e-01
0.000000000000000000e+00,3.737718267274995898e-01,7.452459032634674019e-01
0.000000000000000000e+00,8.802492158128865096e-01,7.076799712978363299e-01
1.000000000000000000e+00,5.353015283736736185e-01,7.786640153912226525e-01
2.373913985566014628e-01,0.000000000000000000e+00,8.044400578070692864e-01
1.797653955068302389e-01,0.000000000000000000e+00,7.872421478632258829e-01
1.000000000000000000e+00,1.130683844595799514e-01,4.870392330802434389e-01
9.764062016743879635e-02,1.000000000000000000e+00,3.470029241213090088e-01
1.653035047843665062e-02,0.000000000000000000e+00,8.322504582469543166e-01
3.858252173093684734e-01,1.000000000000000000e+00,5.145698691428316485e-01
0.000000000000000000e+00,9.744066926577699128e-02,7.229892544847065228e-01
9.957217096150017266e-02,1.000000000000000000e+00,5.053795212151016569e-01
2.098677845334756542e-02,1.000000000000000000e+00,5.745946512174190390e-01
7.684619485862196342e-01,1.000000000000000000e+00,6.374976125958111695e-01
1.000000000000000000e+00,6.730029635560726975e-01,4.725094336979769882e-01
9.426075770043091939e-01,0.000000000000000000e+00,5.948604337277753062e-01
3.732826753563555644e-01,1.000000000000000000e+00,6.649219562177086651e-01
6.223927073602026905e-01,1.000000000000000000e+00,7.437046422845893234e-01
5.240051995768875148e-01,0.000000000000000000e+00,7.304453086217616020e-01
3.478164799548690844e-01,1.000000000000000000e+00,5.328573577385355975e-01
2.004192441057844609e-01,5.551115123125782702e-17,3.144065293141269368e-01
1.000000000000000000e+00,5.270595905105673884e-02,6.480392688039177118e-01
5.988456017034859968e-01,0.000000000000000000e+00,5.739521079194339626e-01
8.623079471302530497e-01,1.000000000000000000e+00,5.307333220247392180e-01
0.000000000000000000e+00,4.159708686002829836e-01,6.110113034889702588e-01
5.551115123125782702e-17,8.055348984857685357e-01,5.443615135446058240e-01
3.795624687265332642e-01,5.551115123125782702e-17,6.013802563769189424e-01
2.520840112914030096e-01,0.000000000000000000e+00,6.879537198715972579e-01
7.938186551958992254e-01,1.000000000000000000e+00,8.762843062043860209e-01
2.839327086443835801e-01,0.000000000000000000e+00,5.462386596856599885e-01
1.000000000000000000e+00,9.603383347157898875e-01,4.197627460594596793e-01
1.000000000000000000e+00,2.480345494829204467e-01,6.184398093102551064e-01
3.959737992446473731e-01,0.000000000000000000e+00,6.723396968842230148e-01
1.000000000000000000e+00,5.931354379167443902e-01,8.095680150060753366e-01
1.000000000000000000e+00,7.617785992181291821e-01,2.627648838572042012e-01
1.000000000000000000e+00,3.178682539542322383e-01,3.505028325212577456e-01
1.000000000000000000e+00,8.747086796360219463e-01,7.962307424019343660e-01
1.000000000000000000e+00,8.197866326714999818e-01,5.710230492053018914e-01
1.000000000000000000e+00,7.119798093361912050e-02,4.985968834851882692e-01
8.129110812628164151e-01,1.000000000000000000e+00,6.509592974505012952e-01
2.878991879169053858e-01,1.000000000000000000e+00,3.374671179418434752e-01
9.712204906473445032e-01,1.000000000000000000e+00,7.214070823354461481e-01
1.076154907285724605e-01,0.000000000000000000e+00,5.788562560050678485e-01
6.366239732787720706e-01,1.000000000000000000e+00,5.164397115147362216e-01
6.809873043740324317e-01,1.000000000000000000e+00,6.104649390769812944e-01
1.000000000000000000e+00,6.002793051202486296e-01,5.565254081958423971e-01
3.677667412244713940e-01,1.000000000000000000e+00,6.913331679078102976e-01
1.048254367091550066e-02,1.000000000000000000e+00,8.483814922908812228e-01
1.000000000000000000e+00,5.892392005853194226e-01,5.930665084684992872e-01
0.000000000000000000e+00,9.157952894464115312e-01,3.245932648559420319e-01
1.000000000000000000e+00,3.910257715365663689e-01,4.777564897642598840e-01
0.000000000000000000e+00,4.448738810048494807e-01,5.322794294234937107e-01
1.365840492264858153e-01,0.000000000000000000e+00,7.702588729607509066e-01
1.000000000000000000e+00,1.123955003694787624e-01,6.908412824325018686e-01
7.198555440618064072e-01,0.000000000000000000e+00,6.513295834346081170e-01
0.000000000000000000e+00,4.841877090022128627e-01,6.331544761264991106e-01
8.977297578556142632e-01,0.000000000000000000e+00,7.649994209722604799e-01
1.748094999615782408e-01,1.000000000000000000e+00,7.477118559821931409e-01
9.328896375708626287e-01,0.000000000000000000e+00,5.087440136565347659e-01
1.000000000000000000e+00,3.881229925932578317e-01,3.486678558844075182e-01
1.000000000000000000e+00,5.468077243245612618e-01,5.991588205749603935e-01
8.375829792344693381e-01,1.000000000000000000e+00,9.773771795359782466e-01
8.660640121864258134e-01,0.000000000000000000e+00,5.880183526547456685e-01
1.000000000000000000e+00,6.151075266788733620e-01,9.206573942350088080e-01
8.334511000811002379e-01,0.000000000000000000e+00,4.384859167763396348e-01
1.000000000000000000e+00,6.574626932966178838e-01,5.688684653579477724e-01
1.000000000000000000e+00,1.509042968412649399e-02,5.687328212417031015e-01
2.712011417010464776e-01,0.000000000000000000e+00,6.669148504863826599e-01
0.000000000000000000e+00,2.175499372605418924e-01,5.991901186080269559e-01
4.582574896600932757e-01,0.000000000000000000e+00,5.574710743293749271e-01
6.543662972081395468e-01,0.000000000000000000e+00,7.005889034615921940e-01
1.000000000000000000e+00,4.269199848703851830e-01,6.016569229650983175e-01
1.000000000000000000e+00,1.317538017522770777e-01,6.299599267448549034e-01
1.285732119144955554e-02,1.000000000000000000e+00,9.137031652918046198e-01
3.053844673611454397e-01,0.000000000000000000e+00,5.632763206809312528e-01
1.000000000000000000e+00,7.572789474947186905e-01,9.586051361868022092e-01
5.262401100960762967e-01,0.000000000000000000e+00,6.604403389187134543e-01
0.000000000000000000e+00,8.309077206703352481e-02,7.420050759566126919e-01
1.000000000000000000e+00,6.573729592247259390e-01,6.306453579469192272e-01
0.000000000000000000e+00,8.017499469704121307e-01,4.995830591580568969e-01
1.000000000000000000e+00,6.134597055835367962e-01,5.670183373068323762e-01
0.000000000000000000e+00,8.120474562534623075e-01,6.964521001569268233e-01
4.423351988481902253e-01,1.000000000000000000e+00,5.401267085553830283e-01
1.630441700977978137e-01,1.000000000000000000e+00,8.153636643933152017e-01
5.301379652662143727e-01,0.000000000000000000e+00,6.652869825759897271e-01
2.126124519232495680e-01,5.551115123125782702e-17,5.387068176758736948e-01
1.000000000000000000e+00,6.363545886800864304e-01,5.710465432762059645e-01
7.904777150250726914e-01,1.000000000000000000e+00,6.178893096190271050e-01
5.538213534278244587e-01,0.000000000000000000e+00,5.386453161935066403e-01
1.000000000000000000e+00,3.865693843743577274e-01,6.997739585051051536e-01
0.000000000000000000e+00,3.433667383346444835e-02,6.402023326229997480e-01
6.035433215049107458e-01,1.000000000000000000e+00,6.873437157395722030e-01
8.562243441625131402e-01,1.000000000000000000e+00,9.079449309927550837e-01
9.985429354794441714e-01,0.000000000000000000e+00,8.579609657461181316e-01
3.817505875625570866e-01,1.000000000000000000e+00,8.400353239538307371e-01
2.850886019687813300e-01,1.000000000000000000e+00,5.553231680811161475e-01
9.602898164252771096e-01,0.000000000000000000e+00,9.001601243393659857e-01
9.599982730509698525e-01,1.000000000000000000e+00,8.114858288613331361e-01
1.000000000000000000e+00,1.934835946017707253e-01,5.467049520720743683e-01
4.797002626220552290e-01,0.000000000000000000e+00,8.844842010945767052e-01
0.000000000000000000e+00,3.819882605052662972e-01,6.284490895754445416e-01
2.623378775451019052e-01,0.000000000000000000e+00,7.672161883106045632e-01
5.551115123125782702e-17,6.771451042689184963e-01,6.315904112819109573e-01
1.000000000000000000e+00,4.949962406908573476e-01,6.759698407010281684e-01
9.412836999719969011e-01,1.000000000000000000e+00,3.456929464870673874e-01
1.000000000000000000e+00,5.562032778781972331e-01,4.711747574191005317e-01
1.000000000000000000e+00,2.421002525253305171e-01,7.207995929832191617e-01
0.000000000000000000e+00,7.304815168738483244e-01,5.282420975071235869e-01
1.000000000000000000e+00,8.280847786813638756e-02,5.664526951361155138e-01
3.297421018102051349e-01,0.000000000000000000e+00,5.471305998303331863e-01
1.000000000000000000e+00,8.672575121475080140e-01,4.320275354171717042e-01
2.166961287409431836e-01,0.000000000000000000e+00,8.830670466282891651e-01
7.217866197784725824e-01,0.000000000000000000e+00,5.994580988536936106e-01
5.974658550460336670e-01,1.000000000000000000e+00,8.547145630856710641e-01
1.000000000000000000e+00,7.072880706496419423e-01,6.827583837110632325e-01
1.517827611381640796e-01,1.000000000000000000e+00,6.121965403067272105e-01
3.336505206967502191e-01,1.000000000000000000e+00,8.183342486036875307e-01
1.742980530943229467e-01,0.000000000000000000e+00,7.313143244209904248e-01
1.000000000000000000e+00,5.209365913052234065e-01,9.037568157814056535e-01
3.855112400699282071e-01,0.000000000000000000e+00,6.391944975551585584e-01
1.000000000000000000e+00,1.528398457551173872e-01,2.762510754469806318e-01
7.619224946698608392e-01,0.000000000000000000e+00,6.553853303714911593e-01
1.000000000000000000e+00,7.736669598325887076e-01,3.367529507539567812e-01
6.077631906000439121e-01,0.000000000000000000e+00,6.714502907770788509e-01
1.852227024041587788e-01,1.000000000000000000e+00,6.311519107921835792e-01
7.219885258911395987e-01,1.000000000000000000e+00,7.473000244806619063e-01
1.000000000000000000e+00,6.474925848667660855e-01,4.042280503063973573e-01
9.245385554967182618e-01,0.000000000000000000e+00,5.125054227599230572e-01
6.500758634806813596e-02,1.000000000000000000e+00,4.346533477818114721e-01
1.000000000000000000e+00,3.795743715327641876e-01,6.705988878859134861e-01
0.000000000000000000e+00,6.347134882618082896e-02,7.228421538828513349e-01
1.000000000000000000e+00,7.790134075049359730e-01,8.220114051637146257e-01
5.640354091894892452e-01,0.000000000000000000e+00,5.774480219420282667e-01
2.884016353815416212e-02,0.000000000000000000e+00,4.978783897863297003e-01
4.061410837118334949e-01,1.000000000000000000e+00,8.262132438912701549e-01
0.000000000000000000e+00,8.702012574952917578e-01,7.205310911100932802e-01
4.482045620740158776e-01,5.551115123125782702e-17,5.787079000719563826e-01
2.891091102699493431e-01,0.000000000000000000e+00,6.145630614955559512e-01
0.000000000000000000e+00,8.608342104051542876e-01,5.689269814107190681e-01
0.000000000000000000e+00,5.559529180814484217e-01,7.545705341474557848e-01
1.000000000000000000e+00,5.958224485991587827e-01,5.872319400927425992e-01
8.584658983228199425e-01,0.000000000000000000e+00,7.881072668657697067e-01
0.000000000000000000e+00,6.108261190264263618e-01,3.893688762944153003e-01
8.739560873731010426e-01,0.000000000000000000e+00,3.021163079640874494e-01
6.270390815700355169e-02,5.551115123125782702e-17,5.160666909929322310e-01
0.000000000000000000e+00,3.660679784895954914e-01,3.550256483976911848e-01
0.000000000000000000e+00,7.405620522526260574e-01,5.514647039390634387e-01
0.000000000000000000e+00,9.123448652610552934e-01,6.707683644854306459e-01
0.000000000000000000e+00,6.297825628097468709e-01,2.963753897880543331e-01
1.109247951283039435e-01,0.000000000000000000e+00,6.746607805516738887e-01
6.795440739063282054e-01,0.000000000000000000e+00,7.016035986104824929e-01
7.600105171708267937e-01,1.000000000000000000e+00,5.419309956090023750e-01
1.000000000000000000e+00,2.972637580427736070e-01,7.099263810355839199e-01
6.760863842531011914e-01,1.000000000000000000e+00,6.498825293488186272e-01
0.000000000000000000e+00,5.045472800643076017e-01,7.244212933695157730e-01
7.777497828884060160e-01,1.000000000000000000e+00,6.270501331239757281e-01
1.806890700344062073e-01,0.000000000000000000e+00,6.841484999449598536e-01
2.262820350431091199e-01,0.000000000000000000e+00,4.302618161006926401e-01
2.681441454985167283e-03,0.000000000000000000e+00,9.135685980470509282e-01
1.000000000000000000e+00,3.392384620962701769e-02,6.334771031332184776e-01
1.563611257959383605e-01,0.000000000000000000e+00,6.172771506687920740e-01
1.000000000000000000e+00,9.106549458450592383e-01,5.692501975469806963e-01
1.000000000000000000e+00,4.850607094939031194e-01,7.766181545881314374e-01
1.948102693043845535e-01,5.551115123125782702e-17,4.964503132344034730e-01
7.269511380703981285e-01,1.000000000000000000e+00,6.610064295777015042e-01
0.000000000000000000e+00,9.389109782701436924e-01,5.417358234477369638e-01
5.206654305775747504e-01,1.000000000000000000e+00,6.328422578914226770e-01
1.000000000000000000e+00,3.723842143991651366e-01,5.648211087755597992e-01
9.667125488507732900e-03,1.000000000000000000e+00,6.587759301634602549e-01
1.244903244928635133e-01,0.000000000000000000e+00,7.633575931781161339e-01
0.000000000000000000e+00,9.978650099422170516e-03,5.464660452984901884e-01
1.000000000000000000e+00,7.462119259767043822e-01,6.941104263724291457e-01
0.000000000000000000e+00,6.444969695695094147e-01,4.661231734998086407e-01
0.000000000000000000e+00,4.114277119298348495e-02,5.920260572895283957e-01
6.309571644117180078e-01,0.000000000000000000e+00,5.976861619136302206e-01
2.965908072157266151e-01,1.000000000000000000e+00,4.223644999806098754e-01
0.000000000000000000e+00,7.011578948013302837e-01,7.254585588628732484e-01
1.000000000000000000e+00,2.627413236603141633e-01,4.224548768538493593e-01
4.929450957335200778e-01,0.000000000000000000e+00,5.309622153686928137e-01
0.000000000000000000e+00,9.807532821409814527e-02,6.967569005913559765e-01
0.000000000000000000e+00,3.825198149389036351e-01,7.385378059229652514e-01
0.000000000000000000e+00,2.610875264578138566e-02,6.526736386574565341e-01
9.907104713130396867e-01,0.000000000000000000e+00,6.915317665907161349e-01
2.149303487157300241e-01,0.000000000000000000e+00,6.511404761514731909e-01
4.107494606513623636e-01,0.000000000000000000e+00,6.756939098251907305e-01
5.317417410330588234e-01,0.000000000000000000e+00,6.776101744335832899e-01
7.126587834116746567e-01,1.000000000000000000e+00,3.349098525268689452e-01
8.089162929867166341e-03,1.000000000000000000e+00,6.891565895017345289e-01
5.567601928546102030e-01,1.000000000000000000e+00,5.886599664081368921e-01
1.099381367132088450e-01,5.551115123125782702e-17,2.963221082187026956e-01
5.867735591667906370e-01,1.000000000000000000e+00,8.361862966244490991e-01
0.000000000000000000e+00,3.056558563667818307e-01,7.285036598322677248e-01
2.197998355774626322e-01,0.000000000000000000e+00,6.591196273786062987e-01
6.141252356491644360e-01,1.000000000000000000e+00,7.069876978979484639e-01
5.196239897136979424e-01,1.000000000000000000e+00,7.248531698997289219e-01
1.137896610580888535e-01,0.000000000000000000e+00,6.799888437914866079e-01
1.431966214526197989e-02,0.000000000000000000e+00,6.838638002762711388e-01
8.205983119174333762e-01,0.000000000000000000e+00,6.639882746377945288e-01
6.408038868176827441e-01,1.000000000000000000e+00,5.729893854926385588e-01
9.892815771789009727e-01,0.000000000000000000e+00,4.264342334813759350e-01
7.080287057066145806e-01,5.551115123125782702e-17,3.658950636949199198e-01
0.000000000000000000e+00,2.001249153171699158e-01,7.029544427922798100e-01
5.306110222612786531e-01,0.000000000000000000e+00,6.957470234712925805e-01
6.850928539147321805e-01,0.000000000000000000e+00,7.470478018591063529e-01
7.141466829530226379e-01,0.000000000000000000e+00,5.991678502758761571e-01
4.437464795059294920e-01,0.000000000000000000e+00,6.816887806560225638e-01
5.551115123125782702e-17,8.330630898841677734e-01,6.512727664811284178e-01
8.460048956293262368e-01,1.000000000000000000e+00,7.040063413963361105e-01
1.000000000000000000e+00,1.325067579673788187e-01,5.611571329760004501e-01
6.438416383715062086e-01,5.551115123125782702e-17,5.186153195230128743e-01
0.000000000000000000e+00,8.433901058140854667e-01,7.383704679177216512e-01
6.705747779604525061e-01,1.000000000000000000e+00,4.714351497799724733e-01
5.517657893114678025e-01,1.000000000000000000e+00,6.538111735583559403e-01
2.235838645632027832e-01,0.000000000000000000e+00,8.266266046315793314e-01
6.036781627671625738e-01,1.000000000000000000e+00,4.571611723449330311e-01
1.000000000000000000e+00,2.779433348806049087e-01,3.792104681486062057e-01
1.513972260290298300e-01,0.000000000000000000e+00,6.381993851992218136e-01
1.920955605837515456e-01,1.000000000000000000e+00,8.915591573594254804e-01
6.987404020819036887e-01,1.000000000000000000e+00,8.424588594091515503e-01
1.000000000000000000e+00,8.863929158115897433e-01,5.233722271937693016e-01
7.814306885294914906e-01,1.000000000000000000e+00,4.071910231762057020e-01
1.000000000000000000e+00,4.069785011324253965e-01,6.672801246054600455e-01
5.867290460827206955e-01,1.000000000000000000e+00,6.192063640505163225e-01
7.537491473057117419e-01,0.000000000000000000e+00,5.899732340811661979e-01
3.574372903801344981e-01,0.000000000000000000e+00,6.691416058219959995e-01
0.000000000000000000e+00,3.861284126992896581e-01,4.655129408942730307e-01
0.000000000000000000e+00,8.743411039068444968e-01,8.266762767003578150e-01
3.450603656744473113e-01,1.000000000000000000e+00,7.715304954409885063e-01
4.118549662721462945e-01,1.000000000000000000e+00,3.641539690768824111e-01
6.841657846735051951e-01,1.000000000000000000e+00,2.980252796127333959e-01
0.000000000000000000e+00,4.014547041121593329e-01,5.849364774373104758e-01
1.000000000000000000e+00,9.441377051049676394e-02,4.350997236248669298e-01
4.035060285827926085e-01,1.000000000000000000e+00,8.098513141172636320e-01
1.000000000000000000e+00,3.917385628238783668e-01,3.704839622838378421e-01
2.352724246257620333e-02,0.000000000000000000e+00,4.852294111362880358e-01
0.000000000000000000e+00,1.841225756434301530e-01,5.042120005610455369e-01
1.000000000000000000e+00,5.518698568339839294e-01,3.215287357733201401e-01
1.000000000000000000e+00,1.653724482472266333e-01,7.652436702471490104e-01
5.563576930016020938e-01,0.000000000000000000e+00,7.374146182951486495e-01
0.000000000000000000e+00,5.634415406077174504e-01,6.151369852442375441e-01
4.818042276250414369e-01,0.000000000000000000e+00,6.459726487502915893e-01
5.551115123125782702e-17,7.485413198297332649e-01,6.538924517371261791e-01
8.041492069309277291e-01,0.000000000000000000e+00,4.820879610275652372e-01
4.818456773877906607e-01,0.000000000000000000e+00,6.241502984146829469e-01
1.144887943774869909e-01,0.000000000000000000e+00,4.927999477406259099e-01
1.688589901336050580e-01,1.000000000000000000e+00,5.725954424450510061e-01
8.233230114907967856e-01,1.000000000000000000e+00,7.757679625442748250e-01
9.860943675392037644e-01,0.000000000000000000e+00,9.296867791895933042e-01
3.188610089561515482e-01,0.000000000000000000e+00,6.535636153177926122e-01
7.737075072472592296e-01,5.551115123125782702e-17,6.711404057503417286e-01
7.352883306296490451e-01,1.000000000000000000e+00,4.953061018311396557e-01
4.283044531709180314e-01,5.551115123125782702e-17,7.614644483503725247e-01
0.000000000000000000e+00,9.242358751352122148e-01,6.308248267061438153e-01
0.000000000000000000e+00,8.757110041298334924e-01,6.872697106552332347e-01
1.000000000000000000e+00,9.563440685448156842e-01,7.184997116373261772e-01
0.000000000000000000e+00,4.699592834463502400e-01,5.219976329895132938e-01
4.458767967814304400e-01,1.000000000000000000e+00,6.348915540935899937e-01
2.689794086445486121e-01,1.000000000000000000e+00,6.540513160388685687e-01
0.000000000000000000e+00,1.900663272567271744e-01,6.132530824403509273e-01
0.000000000000000000e+00,3.864272083673465086e-01,5.120818797699118186e-01
5.551115123125782702e-17,2.759833820010171856e-01,7.830821569835691998e-01
0.000000000000000000e+00,3.649593140712044104e-01,6.625688945432337551e-01
1.000000000000000000e+00,4.389732592842232606e-01,7.214371590681782909e-01
3.659913665260373650e-01,0.000000000000000000e+00,2.903341014766668837e-01
3.350740117768709614e-01,5.551115123125782702e-17,6.307016180968981756e-01
0.000000000000000000e+00,1.905422275191189785e-01,5.602232386363141803e-01
4.482307889657215494e-01,1.000000000000000000e+00,4.254229788152803504e-01
0.000000000000000000e+00,8.696834901520871242e-01,7.630950941948122512e-01
1.000000000000000000e+00,3.371342422114732007e-01,6.741865523787462511e-01
0.000000000000000000e+00,1.221831613873953781e-01,4.575847350812850545e-01
0.000000000000000000e+00,6.404325424900153552e-01,7.021394408192608294e-01
5.551115123125782702e-17,5.836108707729512624e-01,6.569861367981624234e-01
4.493301179270808854e-02,0.000000000000000000e+00,3.016744912978905346e-01
1.020018950705350314e-01,1.000000000000000000e+00,6.279854893485360412e-01
0.000000000000000000e+00,1.869735779343455473e-01,6.663087356766388414e-01
1.975496411201073665e-01,0.000000000000000000e+00,8.350851658585709547e-01
1.999419516737406255e-01,5.551115123125782702e-17,5.055103802102908217e-01
8.511300612531755849e-01,1.000000000000000000e+00,5.194929586325446325e-01
9.783024121749734903e-01,1.000000000000000000e+00,5.938829139775543275e-01
4.462724906581487239e-01,1.000000000000000000e+00,4.001248994208584930e-01
3.725210645375974239e-01,0.000000000000000000e+00,3.331346668995621707e-01
9.944438486630774454e-01,0.000000000000000000e+00,8.265269017598504409e-01
1.000000000000000000e+00,3.396318320061663121e-01,2.748502271115463857e-01
2.132907151942112500e-01,1.000000000000000000e+00,3.386857325407780506e-01
7.365431830258086787e-01,1.000000000000000000e+00,6.337790403524068417e-01
8.644630245197150176e-01,0.000000000000000000e+00,5.699531287119495859e-01
5.959554124183269463e-01,1.000000000000000000e+00,6.932332294476626355e-01
4.302795634432602379e-01,0.000000000000000000e+00,5.526932795748135119e-01
7.347507760553850797e-01,5.551115123125782702e-17,3.685865608084410439e-01
7.653583935774459501e-01,1.000000000000000000e+00,2.791164294270277457e-01
5.187267823637097264e-01,1.000000000000000000e+00,5.445385402477771475e-01
1.000000000000000000e+00,7.009180694555700031e-01,5.996534896268810311e-01
1.040092110204567377e-01,0.000000000000000000e+00,7.130834869245641361e-01
2.127702324220738794e-01,1.000000000000000000e+00,4.501373451537034054e-01
1.000000000000000000e+00,8.743482071887370699e-01,2.872225641494593473e-01
3.058023678765540154e-01,0.000000000000000000e+00,3.258973729580479928e-01
7.132867394642472547e-02,0.000000000000000000e+00,5.519345741635740543e-01
0.000000000000000000e+00,5.194535694702010487e-01,6.431619513969162316e-01
0.000000000000000000e+00,5.072098775709914520e-01,5.433625199710689913e-01
8.411549900911053923e-01,0.000000000000000000e+00,7.423292369788430101e-01
0.000000000000000000e+00,1.055443045539427027e-01,5.068090619632953375e-01
6.830081503869348536e-01,1.000000000000000000e+00,4.821081870658881496e-01
1.000000000000000000e+00,3.045024374719965676e-01,6.315022066806216250e-01
0.000000000000000000e+00,6.349854037814305352e-01,4.593112529012777223e-01
9.128481138362090075e-01,0.000000000000000000e+00,6.589907290213603552e-01
2.731471090306577532e-01,0.000000000000000000e+00,6.347150899668693169e-01
4.944443782456527381e-01,0.000000000000000000e+00,8.046166988638441264e-01
5.419823774514339609e-01,1.000000000000000000e+00,6.474570472327529913e-01
9.866485662521873312e-01,0.000000000000000000e+00,8.219205105940612377e-01
0.000000000000000000e+00,5.231704629226227032e-01,5.354169478175104802e-01
5.572460336346675147e-01,1.000000000000000000e+00,7.415126579513257044e-01
0.000000000000000000e+00,7.457143776652856992e-01,4.986723711103883128e-01
8.980829380876529378e-01,1.000000000000000000e+00,6.419681956339904350e-01
2.804433066204297664e-01,0.000000000000000000e+00,9.005967401794345850e-01
0.000000000000000000e+00,6.828585558464940197e-01,6.451750336827388743e-01
2.507329369716291279e-01,1.000000000000000000e+00,3.765748366054749718e-01
5.551115123125782702e-17,3.802407079742189389e-01,5.387361344604281177e-01
1.000000000000000000e+00,5.840032947929822971e-01,7.665538613171468674e-01
4.007761997995157310e-01,1.000000000000000000e+00,6.300184440178888678e-01
4.365509804350202194e-01,1.000000000000000000e+00,6.139981563652702201e-01
1.000000000000000000e+00,3.109279319892903626e-01,4.101212039240699214e-01
1.000000000000000000e+00,3.664737010704930409e-01,7.488199806243815981e-01
4.104146404609738119e-01,0.000000000000000000e+00,6.006682582840031648e-01
8.141765747929105013e-01,0.000000000000000000e+00,5.451027675509304560e-01
0.000000000000000000e+00,2.733742651682150027e-01,6.739763569896994877e-01
4.975165283771405544e-01,0.000000000000000000e+00,4.952883488879988860e-01
8.486178542638460609e-01,0.000000000000000000e+00,5.384366863139707915e-01
1.029559958582623724e-01,1.000000000000000000e+00,7.742403497052072758e-01
4.203918825325817510e-01,0.000000000000000000e+00,5.332421072668807049e-01
1.594542482653681370e-01,0.000000000000000000e+00,5.986590164138901882e-01
3.631382734031129988e-02,0.000000000000000000e+00,6.832175133364101205e-01
4.105004677718571138e-03,0.000000000000000000e+00,4.305505808787977173e-01
1.000000000000000000e+00,5.871729933868587992e-01,6.440601250832423963e-01
0.000000000000000000e+00,4.949598696098138628e-01,4.518520427593228916e-01
1.000000000000000000e+00,5.920204936066769674e-02,3.820407311817818896e-01
4.741325287781172348e-01,1.000000000000000000e+00,5.298322171741903786e-01
3.585700157880984396e-01,0.000000000000000000e+00,8.360857692979302147e-01
5.820183228034391254e-01,1.000000000000000000e+00,8.893163166479044479e-01
1.773145062421766505e-01,1.000000000000000000e+00,3.435582256787250710e-01
1.000000000000000000e+00,9.932296027294662544e-01,5.376541114952062550e-01
1.000000000000000000e+00,3.114104750361052498e-01,4.298705539637238116e-01
2.506664468135997303e-01,1.000000000000000000e+00,5.492035100833017047e-01
5.015010084000172119e-01,0.000000000000000000e+00,5.009280209573268028e-01
1.000000000000000000e+00,6.836749360376139784e-01,4.935060891196213495e-01
0.000000000000000000e+00,8.589650248936907539e-01,4.155847256680408885e-01
0.000000000000000000e+00,4.065501609644533443e-01,5.438101065005209733e-01
4.923656637931113633e-01,0.000000000000000000e+00,7.186275298767090813e-01
6.834300171270997204e-01,0.000000000000000000e+00,9.168351075974220388e-01
8.430226287903312965e-01,1.000000000000000000e+00,4.996949770511289746e-01
1.000000000000000000e+00,3.919237683185041177e-01,7.266572328144624837e-01
6.127835900189083640e-01,1.000000000000000000e+00,8.055046481577660122e-01
0.000000000000000000e+00,7.063703676618720007e-01,5.632128834963272546e-01
1.000000000000000000e+00,4.332120182667431596e-02,6.722736637421312667e-01
3.167308770887123925e-01,0.000000000000000000e+00,6.048755880687987085e-01
1.000000000000000000e+00,7.818797480647533549e-01,4.243256603797652682e-01
1.804446328500670660e-01,1.000000000000000000e+00,6.209700551734946838e-01
0.000000000000000000e+00,4.069027170493978440e-01,6.089278713572788826e-01
3.436698004251620420e-01,1.000000000000000000e+00,4.490338716752822479e-01
1.000000000000000000e+00,2.860833784399736124e-01,3.848985018395907343e-01
3.455980926403177111e-01,1.000000000000000000e+00,6.968675970828446253e-01
3.741337583733816974e-01,0.000000000000000000e+00,7.800449664517324910e-01
8.069317441125378743e-03,5.551115123125782702e-17,5.173217272622501195e-01
4.393388755608897966e-01,1.000000000000000000e+00,5.910730834753259444e-01
1.000000000000000000e+00,2.963088760152088330e-01,7.109636323532899649e-01
0.000000000000000000e+00,2.284249823361249043e-01,4.411850022841487529e-01
0.000000000000000000e+00,7.415035143756322222e-01,5.594272707763376928e-01
1.000000000000000000e+00,2.881253029305020918e-01,5.541322255566959454e-01
2.231503757584576975e-01,1.000000000000000000e+00,5.047497716663316147e-01
2.365123395081633884e-01,1.000000000000000000e+00,5.549456153519322088e-01
1.000000000000000000e+00,2.323485494503584325e-01,8.759845557363484803e-01
1.000000000000000000e+00,7.320422255849523552e-01,9.063869675263408476e-01
1.000000000000000000e+00,8.623247865871803697e-01,6.269213264455577583e-01
2.572459140052851811e-01,1.000000000000000000e+00,2.482990083552543137e-01
1.801152784728052847e-01,1.000000000000000000e+00,4.934089480095804614e-01
8.305977273817687356e-01,1.000000000000000000e+00,5.332797588716697845e-01
0.000000000000000000e+00,4.378930967185706846e-02,6.158747763743575021e-01
0.000000000000000000e+00,4.463799040610662017e-01,8.203140500760019993e-01
7.571185458922576883e-01,1.000000000000000000e+00,3.791403312541148929e-01
3.222106706184836300e-01,1.000000000000000000e+00,5.480875286042671268e-01
5.551115123125782702e-17,3.033765213565452479e-01,4.567042051938450808e-01
1.000000000000000000e+00,7.843706948604864948e-01,3.145993707138603490e-01
4.237883651581469402e-01,0.000000000000000000e+00,6.247084700392895318e-01
1.941039291178073833e-01,1.000000000000000000e+00,7.709108448077932607e-01
6.713583224085608592e-01,0.000000000000000000e+00,6.876020876401938153e-01
1.486901651781113998e-02,1.000000000000000000e+00,6.264124880859002209e-01
0.000000000000000000e+00,8.089884462935564846e-01,8.845456653476766462e-01
6.546992918552931862e-01,1.000000000000000000e+00,5.034552930462672382e-01
4.984267212889707532e-01,1.000000000000000000e+00,6.457657496758919535e-01
1.000000000000000000e+00,4.288746623984605044e-01,4.908422876576498117e-01
1.000000000000000000e+00,8.584456468644658944e-01,6.545344770541536850e-01
5.551115123125782702e-17,3.744375725672758892e-01,4.925860708341827654e-01
0.000000000000000000e+00,3.837434058977945428e-01,4.452596704695719887e-01
1.000000000000000000e+00,2.257120725859357857e-01,5.887425513515978093e-01
0.000000000000000000e+00,7.335617542311019257e-01,5.105086145238608708e-01
2.999451843540285600e-01,1.000000000000000000e+00,8.405125241705970751e-01
5.080041540842438197e-01,0.000000000000000000e+00,5.500278671923881646e-01
0.000000000000000000e+00,9.495312765852184089e-01,8.777613815687622667e-01
1.000000000000000000e+00,7.319430435553672121e-01,7.307649325919155503e-01
3.088163960530978525e-01,0.000000000000000000e+00,4.036555478150946064e-01
4.170109682515278915e-01,1.000000000000000000e+00,7.128850385681169133e-01
1.000000000000000000e+00,8.172508519530935489e-01,6.974395449290113902e-01
2.867299235295341919e-01,0.000000000000000000e+00,7.431056061987946215e-01
1.000000000000000000e+00,6.969046275441178606e-01,6.048708488450129650e-01
0.000000000000000000e+00,5.623661239692767655e-02,5.750433262097904841e-01
1.000000000000000000e+00,9.741100976848253712e-01,4.272489167964532708e-01
1.866232212392304191e-01,0.000000000000000000e+00,5.355369028284713284e-01
8.424154939173253975e-01,1.000000000000000000e+00,5.873087830689420752e-01
0.000000000000000000e+00,1.521867855474036690e-01,5.013251984658244620e-01
0.000000000000000000e+00,4.726799510715564701e-01,7.749508499250673532e-01
6.337383973029668827e-01,1.000000000000000000e+00,5.563698923355410164e-01
8.333408639143519148e-01,1.000000000000000000e+00,4.612266474807177885e-01
6.855644304260224420e-01,1.000000000000000000e+00,5.293008578619720073e-01
5.486918642194671403e-01,1.000000000000000000e+00,6.763276067751107234e-01
6.033272517236328847e-01,1.000000000000000000e+00,3.668230431349721044e-01
0.000000000000000000e+00,6.044778416301510582e-01,8.303403391601660299e-01
1.000000000000000000e+00,3.648734954320181911e-01,5.313812550755971920e-01
0.000000000000000000e+00,2.720640921695043346e-01,4.081961073148077102e-01
0.000000000000000000e+00,5.170550122749357769e-01,8.234007818064462692e-01
3.593252986693228346e-01,1.000000000000000000e+00,5.173013817696593408e-01
5.850822506594887118e-01,1.000000000000000000e+00,3.456810452363338060e-01
1.000000000000000000e+00,2.750506368454680439e-01,4.822818565827952098e-01
1.000000000000000000e+00,8.691644828593645400e-01,6.679971537515843050e-01
3.128648128515087445e-01,0.000000000000000000e+00,7.690566839422583456e-01
6.141114788793546886e-01,1.000000000000000000e+00,5.924490949806265894e-01
2.141216060778977082e-01,0.000000000000000000e+00,5.249385978044622814e-01
1.000000000000000000e+00,2.656871757768628495e-01,4.504497511679254607e-01
1.558898128083713863e-01,1.000000000000000000e+00,5.295825374524266715e-01
