3.695625758880154987e-01,4.697637504495757454e-01,1.000000000000000000e+00
2.699996104711274714e-01,0.000000000000000000e+00,4.363996836964373904e-01
4.690263272577862574e-01,1.000000000000000000e+00,4.331089802418211510e-01
2.337347213515267863e-01,6.747341087612177546e-01,1.000000000000000000e+00
1.727737869128044279e-01,5.551115123125782702e-17,5.820207022637978733e-01
6.188414603295625538e-01,1.000000000000000000e+00,6.542322969107172703e-01
1.027575792218455852e-01,3.370590829995202542e-01,5.551115123125782702e-17
5.153545286751348709e-01,6.657543045868383746e-01,1.000000000000000000e+00
6.984581652938516294e-01,9.692607728598421346e-01,1.000000000000000000e+00
9.058988645816247187e-01,1.000000000000000000e+00,2.662531973756576131e-01
2.613297771927451385e-01,0.000000000000000000e+00,9.830470724596531706e-01
7.524901068778647728e-01,0.000000000000000000e+00,1.463887951875692539e-01
1.000000000000000000e+00,6.972199604753509528e-02,2.191444432524223274e-01
7.315694512633899027e-01,7.818063317007213353e-01,0.000000000000000000e+00
0.000000000000000000e+00,5.706711838007150206e-01,6.365174292708045689e-01
5.644596679903094438e-01,9.620383465637680764e-01,0.000000000000000000e+00
3.491987017823912631e-01,0.000000000000000000e+00,1.304871640423179713e-01
3.718268720733730603e-01,1.000000000000000000e+00,7.071427124713385304e-01
0.000000000000000000e+00,2.851153090868393525e-01,8.811489934676606239e-01
4.044027658626233035e-01,0.000000000000000000e+00,4.163561302832718969e-01
8.122115013751464163e-01,6.328308310646812984e-01,1.000000000000000000e+00
1.280733749791241327e-01,9.778086969453367860e-01,1.000000000000000000e+00
0.000000000000000000e+00,9.222928480680608887e-01,8.517193605693467173e-01
2.887643928965275553e-01,1.531995130149268192e-01,0.000000000000000000e+00
6.698616115143808392e-01,1.000000000000000000e+00,7.312708392046192163e-01
0.000000000000000000e+00,9.188923201936800567e-01,6.087969016007143130e-01
0.000000000000000000e+00,4.260329529826074046e-01,9.346320626517944374e-01
8.831806041831445908e-01,8.914578887672576224e-01,0.000000000000000000e+00
6.929255347077862837e-01,7.337581244987949614e-01,1.000000000000000000e+00
1.000000000000000000e+00,9.143395229230572019e-01,6.070807739573141903e-01
0.000000000000000000e+00,1.913542049990638594e-01,2.855761815758928179e-01
1.000000000000000000e+00,8.853567182666221003e-01,2.111909802665224434e-01
1.161339168502713015e-01,1.756964334210945333e-01,0.000000000000000000e+00
1.000000000000000000e+00,2.700424333902567420e-01,7.067074190908604336e-01
9.367020132325805104e-01,1.000000000000000000e+00,3.535512040356525443e-02
1.279597622315549188e-01,0.000000000000000000e+00,1.464712845236299521e-01
7.130838947718898257e-01,1.000000000000000000e+00,5.899515351203061808e-01
2.290130359231738466e-01,1.000000000000000000e+00,5.036153141513290965e-01
3.274720690022596692e-01,3.322682525877529436e-01,1.000000000000000000e+00
7.857948519015556244e-01,6.833375855662939813e-01,0.000000000000000000e+00
3.964048142023990362e-02,6.779526933706430114e-01,0.000000000000000000e+00
1.000000000000000000e+00,8.615983974641245879e-01,2.755427997878961421e-01
4.268220078271493523e-01,1.000000000000000000e+00,3.140457443580951802e-02
6.722929867813037808e-02,0.000000000000000000e+00,6.747921055492366316e-01
9.245244166463209012e-01,1.000000000000000000e+00,3.280365567789426118e-01
0.000000000000000000e+00,8.552624305605920352e-01,3.079068078341483661e-01
9.797623852671478728e-01,8.231932109430764033e-01,1.000000000000000000e+00
6.958918439432340008e-01,4.769295753648183367e-01,0.000000000000000000e+00
8.551734808643871588e-01,0.000000000000000000e+00,4.083294145743739390e-01
3.827720448983357171e-02,1.000000000000000000e+00,5.072890045418455562e-01
2.591272689049145539e-02,0.000000000000000000e+00,3.551014181163210104e-01
8.993057210136757851e-01,4.154300561775349232e-01,0.000000000000000000e+00
4.221758008312820332e-01,2.078774650991866424e-01,5.551115123125782702e-17
9.593913696021869608e-01,1.000000000000000000e+00,5.981683230538062945e-01
1.139165473923219873e-01,1.000000000000000000e+00,8.944679255307632637e-01
0.000000000000000000e+00,3.525578222654641158e-01,6.919314296635068473e-01
4.180224997428753086e-01,1.000000000000000000e+00,2.919560717828174057e-01
2.398118377283796065e-01,0.000000000000000000e+00,2.460430861107412159e-01
1.000000000000000000e+00,3.822450516747266658e-01,3.142328021657980752e-01
1.000000000000000000e+00,9.749418836100336438e-01,9.384893146224528859e-01
4.223101398143726537e-01,5.551115123125782702e-17,5.331152013704703041e-01
1.000000000000000000e+00,1.745507200251911750e-01,7.101839232485938069e-01
1.000000000000000000e+00,4.281341648174584180e-01,6.467190244785933073e-01
7.288927926426573833e-01,5.523686347412058995e-01,0.000000000000000000e+00
5.251197559462805753e-01,1.000000000000000000e+00,4.798272714916788084e-01
3.275150666866830651e-01,9.038093359676949712e-01,1.000000000000000000e+00
5.840789971333822939e-01,0.000000000000000000e+00,1.870251803239264543e-01
1.000000000000000000e+00,7.525018069109143948e-01,5.761205117888424931e-01
5.694983410981538929e-01,0.000000000000000000e+00,7.178478307041791240e-01
1.000000000000000000e+00,5.745256413932896544e-01,8.719499331599621650e-01
0.000000000000000000e+00,7.653713538022884899e-01,1.707790014052839866e-01
4.355239979390793659e-01,1.000000000000000000e+00,4.540577589068147679e-01
3.307829087196509921e-01,1.000000000000000000e+00,1.093890490330919341e-01
9.448095148030613011e-01,4.317822417788942380e-01,1.000000000000000000e+00
9.786300352903658517e-01,1.000000000000000000e+00,9.091702729294739438e-01
5.731997015216381275e-01,1.258774605494926702e-01,0.000000000000000000e+00
0.000000000000000000e+00,8.788021823357361484e-02,1.281136960063450347e-02
4.428273686417021904e-01,1.000000000000000000e+00,2.184005510654445370e-01
9.816649162906934123e-01,3.761046252837356718e-01,1.000000000000000000e+00
6.166549599004356175e-01,6.583881937964279896e-01,0.000000000000000000e+00
1.000000000000000000e+00,4.173126524129155968e-02,8.108756546726825221e-01
0.000000000000000000e+00,3.003672157010576771e-01,7.278337627871988014e-01
4.856434073716376920e-01,7.012803143070983625e-01,1.000000000000000000e+00
6.757063424890543679e-01,1.000000000000000000e+00,4.117679959443137916e-01
4.987803366567166163e-01,1.000000000000000000e+00,2.124445298197673304e-01
4.900805603489739037e-01,2.283855573663772232e-01,0.000000000000000000e+00
1.000000000000000000e+00,3.375709706894970963e-01,8.219892789841849456e-01
5.699695362523402586e-01,1.000000000000000000e+00,3.628572887730333596e-01
1.000000000000000000e+00,8.643318969914309813e-01,4.887191407160151324e-01
0.000000000000000000e+00,9.779480586841182710e-01,3.026663699560346865e-01
8.057976452947666068e-01,1.000000000000000000e+00,9.775585209431152389e-01
8.819653205624000680e-01,4.891022494771378737e-01,1.000000000000000000e+00
8.704035904128232248e-01,1.000000000000000000e+00,5.493176487270614583e-01
5.756112733091706124e-01,8.337770631832438495e-01,1.000000000000000000e+00
6.825861437947586818e-01,3.127084033448583877e-01,1.000000000000000000e+00
6.934870159966403103e-01,0.000000000000000000e+00,2.881375193474287055e-01
1.000000000000000000e+00,2.946355412547015939e-01,1.129601339360082890e-01
1.000000000000000000e+00,1.009458689212638927e-02,5.044014162152949954e-01
1.000000000000000000e+00,2.449754443578295859e-01,9.169912555386554587e-01
1.662015578909230573e-01,1.000000000000000000e+00,6.172371667763290048e-01
9.198988716840564295e-02,3.369841184721379390e-01,0.000000000000000000e+00
1.384034467993819351e-01,0.000000000000000000e+00,2.278745644652649671e-01
8.800781244290910577e-01,1.941419554582223261e-01,1.000000000000000000e+00
0.000000000000000000e+00,1.416819915039601030e-01,9.744446550243095473e-01
7.118753495229886985e-01,3.001920447668346981e-01,0.000000000000000000e+00
3.569767863990986889e-01,1.000000000000000000e+00,5.787206983479772360e-01
2.242142368168608124e-01,0.000000000000000000e+00,6.316117084943659865e-01
6.598906892179012829e-01,0.000000000000000000e+00,5.177839690806501638e-02
5.399739572561196299e-01,3.511947430038478424e-01,1.000000000000000000e+00
8.212875413266444991e-01,4.325235116132027935e-01,0.000000000000000000e+00
0.000000000000000000e+00,3.471387518360148916e-01,7.363526453010981188e-01
1.000000000000000000e+00,1.741329765901033777e-01,8.342020358731183638e-01
1.000000000000000000e+00,7.631822862640257332e-01,7.269897525178488085e-01
1.000000000000000000e+00,3.288829472545504728e-01,1.288630181861544211e-02
3.256664958673614052e-01,2.072627210937614539e-01,1.000000000000000000e+00
1.000000000000000000e+00,8.161119495531024004e-01,3.984058274386079734e-01
0.000000000000000000e+00,5.703778991170931345e-01,8.703660987102559421e-01
1.000000000000000000e+00,1.436821066477199094e-01,7.283718782357033739e-01
1.000000000000000000e+00,6.337836693562901580e-01,2.740680038687737241e-02
3.963231983770042488e-01,8.327899447867697091e-01,5.551115123125782702e-17
1.000000000000000000e+00,2.565009537468909695e-02,6.719975531512905054e-01
6.246475239752931063e-01,6.171460453861750128e-01,0.000000000000000000e+00
9.434838215069814016e-01,7.500091986449188841e-01,0.000000000000000000e+00
2.407942070922455269e-01,4.187291647199054001e-01,1.000000000000000000e+00
4.490676635099349889e-01,0.000000000000000000e+00,4.104466897929467395e-01
1.000000000000000000e+00,7.347066680516782800e-01,4.731196539262224054e-01
3.167862307993588589e-01,6.570341244437853945e-01,1.000000000000000000e+00
3.127193375094416417e-01,5.829533865517112501e-01,1.000000000000000000e+00
0.000000000000000000e+00,7.391505240400897403e-01,3.462277986695808663e-01
0.000000000000000000e+00,5.597707743258638624e-01,4.709256111602718731e-01
5.756939854855204208e-01,0.000000000000000000e+00,6.110849179561338440e-01
0.000000000000000000e+00,9.560170203774684961e-01,1.228249242100933891e-01
8.554237737459146063e-01,0.000000000000000000e+00,9.721680092554917385e-01
5.819711527803433926e-01,1.000000000000000000e+00,7.673141320676024613e-01
3.123188284918005375e-01,0.000000000000000000e+00,4.152355713546125870e-01
1.000000000000000000e+00,1.358393844358118385e-01,5.549780121530555332e-01
6.497604387153828043e-01,5.854554376419074391e-01,0.000000000000000000e+00
5.578563873861500655e-01,9.635702524246043676e-01,0.000000000000000000e+00
5.551115123125782702e-17,8.496644932610948331e-01,6.467590979633095483e-01
1.881771373486751942e-01,1.761859644005475678e-02,0.000000000000000000e+00
0.000000000000000000e+00,6.200683658665895326e-02,4.830441079738986287e-01
6.081637033972973061e-01,8.683816025117635506e-01,1.000000000000000000e+00
1.666107333342560226e-01,1.000000000000000000e+00,5.839069443177912211e-01
8.385787742337278416e-01,7.281648740232290473e-01,1.000000000000000000e+00
0.000000000000000000e+00,7.375223855344836821e-04,2.732445849750570477e-01
3.861764875461023427e-01,0.000000000000000000e+00,5.890338752140217293e-02
9.738131399592777626e-01,9.466751179324233156e-01,1.000000000000000000e+00
6.318021930978523493e-02,1.000000000000000000e+00,3.549268102255220825e-01
0.000000000000000000e+00,3.120814376966589698e-01,5.149692079842029813e-01
9.310309029271044423e-01,6.547121966115847513e-01,0.000000000000000000e+00
7.272258275373949532e-02,0.000000000000000000e+00,5.386774177470189384e-01
4.109832454942474733e-01,3.457873752488662689e-01,1.000000000000000000e+00
3.337644432307702025e-01,9.356250668445074137e-01,1.000000000000000000e+00
1.118947806285745528e-01,7.822857267337910425e-01,1.000000000000000000e+00
5.271257937898852219e-01,9.908569018024655506e-01,0.000000000000000000e+00
5.176645804234560888e-01,5.763361431680893432e-01,0.000000000000000000e+00
0.000000000000000000e+00,8.073235021910561970e-01,2.865590360706125050e-01
4.240412726337609572e-01,1.234524274521373588e-01,5.551115123125782702e-17
3.296495670701049541e-01,6.401120699122533342e-01,1.000000000000000000e+00
6.557656046698456809e-02,0.000000000000000000e+00,2.518324742335316113e-01
1.000000000000000000e+00,1.983907343473486073e-01,5.539771005687778027e-01
6.491737177462736375e-01,0.000000000000000000e+00,3.810727318263788521e-01
7.342141771613969192e-01,0.000000000000000000e+00,4.202104780572598064e-01
0.000000000000000000e+00,9.370040296254520396e-01,1.570471456434250901e-01
9.431036177831761957e-01,5.193029809244141815e-01,1.000000000000000000e+00
1.458072000230699050e-01,8.488464282207038858e-01,1.000000000000000000e+00
1.915336650528416951e-01,1.000000000000000000e+00,8.241437038794358072e-01
2.343093792826223543e-01,0.000000000000000000e+00,3.826650236060213928e-02
2.564338283982788846e-01,0.000000000000000000e+00,5.509336458660798463e-01
7.233960522523510406e-01,0.000000000000000000e+00,9.453893452738393322e-01
9.585751233751870215e-01,1.192483146068323285e-01,1.000000000000000000e+00
8.367665068041536536e-01,1.000000000000000000e+00,2.178325575891377208e-01
8.233551806486902880e-01,5.551115123125782702e-17,6.655314595024204305e-01
0.000000000000000000e+00,6.479080789582316591e-01,1.860028244483063475e-01
5.683109995982928986e-01,6.600964898673864489e-01,1.000000000000000000e+00
7.061369395080361322e-01,3.311408807857925130e-01,0.000000000000000000e+00
0.000000000000000000e+00,6.487861078673349269e-01,7.319268478632903197e-01
2.358324921268002694e-01,1.000000000000000000e+00,1.484796548707812969e-01
3.831492933547946400e-01,6.211875982230041782e-02,1.000000000000000000e+00
9.451199668258631892e-01,1.000000000000000000e+00,8.719837490612947217e-01
0.000000000000000000e+00,8.225187209584075010e-01,6.595270080067388019e-01
1.000000000000000000e+00,5.435961764193396606e-01,5.647996801700755354e-01
0.000000000000000000e+00,2.833569120133178076e-01,9.358909352185583730e-01
1.163266674910652942e-01,0.000000000000000000e+00,6.570173876565665871e-02
8.957984402488562425e-01,8.177322831386502067e-01,1.000000000000000000e+00
3.112137502652544963e-01,6.722804351006629320e-01,1.000000000000000000e+00
2.448427705163436219e-02,8.813626422757342427e-01,1.000000000000000000e+00
0.000000000000000000e+00,1.055832980749497052e-01,7.564330431176377045e-01
0.000000000000000000e+00,2.954971663685044825e-01,8.393274214151119628e-01
9.385626155471160637e-01,0.000000000000000000e+00,3.607749185915894996e-01
9.165618714381530419e-01,0.000000000000000000e+00,8.292547317841174603e-01
2.033154706894019781e-01,1.000000000000000000e+00,5.422375740611825590e-01
5.388419305119667158e-01,6.953512908024672701e-01,1.000000000000000000e+00
1.000000000000000000e+00,1.034291512109217770e-01,1.290696766361556502e-01
7.254312037185960405e-01,1.000000000000000000e+00,8.869735455850580319e-01
0.000000000000000000e+00,7.720086592449615370e-02,2.800619172283422831e-01
7.542600250939904827e-01,1.000000000000000000e+00,1.806217793150029782e-01
6.523498927836185457e-01,0.000000000000000000e+00,8.578865766399861315e-01
9.021633302765779128e-01,1.000000000000000000e+00,6.190698564550410898e-01
3.914901407071086359e-01,0.000000000000000000e+00,9.192814523804716531e-01
1.000000000000000000e+00,9.284287871633501998e-01,2.506593489399233654e-02
0.000000000000000000e+00,6.013940708500120635e-01,1.133252250922810456e-01
1.000000000000000000e+00,6.122935309474549781e-01,6.290009165232637312e-01
2.773596485298481795e-01,0.000000000000000000e+00,4.206764130338220831e-01
1.000000000000000000e+00,6.676804869811234777e-01,5.932353128452605429e-01
1.900410064598513360e-01,1.000000000000000000e+00,7.334762832757153461e-01
1.000000000000000000e+00,5.111608820349957671e-01,3.526362579487173909e-01
1.000000000000000000e+00,8.713359866606503745e-01,4.922133452260606945e-01
1.000000000000000000e+00,7.438620309067101033e-01,4.815693250631132849e-01
5.426534562924041349e-01,3.699900568537356493e-01,0.000000000000000000e+00
8.093264735333527415e-01,1.000000000000000000e+00,3.815780015243850354e-01
1.000000000000000000e+00,1.475909763948660136e-01,9.584802058135164504e-01
7.644131525431033802e-01,7.489366717690911779e-01,0.000000000000000000e+00
5.890870876228684327e-01,8.835338995909416404e-01,1.000000000000000000e+00
1.000000000000000000e+00,7.699412426006999599e-01,4.926170185288243908e-01
6.118768781559891234e-01,1.000000000000000000e+00,2.088837339113674418e-01
2.511181741170928627e-01,8.568305551895086802e-01,0.000000000000000000e+00
0.000000000000000000e+00,5.614855657080759510e-01,4.211747725440141421e-01
8.045342843692165902e-01,1.000000000000000000e+00,9.944064350140580100e-02
1.000000000000000000e+00,3.306464065862023682e-01,5.256535165966373935e-01
2.234214949192647737e-01,1.000000000000000000e+00,9.637236755970201019e-01
3.445947361383461804e-01,6.700281813812845044e-01,1.000000000000000000e+00
3.344848775361362048e-01,0.000000000000000000e+00,9.048878968752984697e-01
1.000000000000000000e+00,8.339493939472797379e-01,8.525906952037591857e-01
0.000000000000000000e+00,9.081906812918307814e-01,2.996935608019548059e-01
3.412230929518380029e-01,0.000000000000000000e+00,4.545347451581049913e-02
5.551115123125782702e-17,8.862213084967374144e-01,2.555263777688902005e-01
5.136468609371703797e-01,0.000000000000000000e+00,5.019249731149610927e-02
1.000000000000000000e+00,9.853129225051204809e-01,7.889726116087952823e-02
8.490622735523446485e-01,2.803052371311120505e-01,0.000000000000000000e+00
4.151651380716475659e-02,4.588044224674122651e-01,1.000000000000000000e+00
2.082096074296286847e-01,0.000000000000000000e+00,8.160643215987835042e-01
0.000000000000000000e+00,5.164779657857574424e-01,5.051415668283043559e-03
4.533713080433900977e-01,0.000000000000000000e+00,4.539595400211182685e-02
2.852298257697294392e-02,3.871240847651729045e-01,1.000000000000000000e+00
0.000000000000000000e+00,1.223791226513731289e-01,8.949237365939656241e-01
7.391539744997956962e-01,8.520595364944454353e-01,0.000000000000000000e+00
7.847104414102752390e-01,1.000000000000000000e+00,3.938697314306992547e-01
0.000000000000000000e+00,8.802928257995963346e-01,8.980189708421593142e-01
6.412740261615654802e-01,0.000000000000000000e+00,7.581059087174030209e-02
2.433402378707189007e-02,0.000000000000000000e+00,7.392614809529265418e-01
8.501682297103677621e-01,1.000000000000000000e+00,7.973481310492578356e-01
1.178884757398341310e-01,1.000000000000000000e+00,7.230542412058391655e-01
9.242980827379704278e-02,1.000000000000000000e+00,9.440572455342413072e-01
0.000000000000000000e+00,5.071553996614530657e-01,6.332390065498954002e-01
6.588962609135996518e-01,6.227341015681998604e-01,1.000000000000000000e+00
1.000000000000000000e+00,1.697571700442766507e-01,6.635068611689047824e-01
5.551115123125782702e-17,9.696880239738134843e-01,9.876410583899724038e-01
1.695854290450842794e-01,1.000000000000000000e+00,9.104316582112090828e-01
5.197171010990377926e-01,9.157550345089839894e-01,0.000000000000000000e+00
0.000000000000000000e+00,1.042809344930716309e-01,1.284733484744054188e-01
1.000000000000000000e+00,4.903977092228791745e-01,2.122299299304583053e-01
3.130638636859808810e-01,5.256651529507879728e-01,1.000000000000000000e+00
4.805384650895718757e-01,2.157161852009886194e-01,0.000000000000000000e+00
9.340326913037002576e-01,5.838173428960964362e-01,1.000000000000000000e+00
1.000000000000000000e+00,3.282659084652583825e-01,9.545925544096411919e-02
1.090711267928010653e-01,1.000000000000000000e+00,6.518981540417154719e-01
4.735011688265886032e-01,0.000000000000000000e+00,6.513305087714660324e-02
1.000000000000000000e+00,8.429268085964261026e-01,7.267381383981682541e-01
0.000000000000000000e+00,3.265802687453606690e-01,8.391895591415742262e-01
6.405538031862390014e-01,0.000000000000000000e+00,2.961615420796763765e-01
7.135025401706533987e-01,3.917126068868103106e-01,1.000000000000000000e+00
1.000000000000000000e+00,1.951636360570315198e-01,6.239566720257411214e-02
2.107676659227042948e-01,6.128946961167439644e-01,0.000000000000000000e+00
1.000000000000000000e+00,8.173274329820312545e-01,7.966071298935126777e-01
3.032033138553265061e-01,7.632934955626416995e-01,1.000000000000000000e+00
6.322310128387480521e-01,4.221436860353046661e-01,0.000000000000000000e+00
8.647756748476962407e-01,1.000000000000000000e+00,8.909953701508754875e-02
0.000000000000000000e+00,5.520403494454906301e-01,1.461159566631863305e-01
0.000000000000000000e+00,6.602735079274931751e-01,3.455507806108304436e-02
7.906150802553808532e-01,1.000000000000000000e+00,6.743798926510842229e-01
7.741595203197311204e-01,2.635497130015300171e-01,0.000000000000000000e+00
7.464529671978594738e-01,6.923515054390735335e-01,0.000000000000000000e+00
6.361565971725102742e-03,3.351531963256432212e-01,1.000000000000000000e+00
1.850875845015176879e-01,1.000000000000000000e+00,3.527866298252690380e-01
2.378596508355831363e-01,1.000000000000000000e+00,3.765704810187724960e-01
0.000000000000000000e+00,7.664486021510756864e-01,1.627821132011497696e-02
0.000000000000000000e+00,4.570507270907245290e-01,5.197304961796964662e-01
7.491094685178567580e-01,1.000000000000000000e+00,7.462696029198397918e-01
9.135666870119024674e-02,1.000000000000000000e+00,4.463292568723626896e-01
5.205160627602792855e-01,7.718767275296598562e-01,0.000000000000000000e+00
2.022497335913562289e-01,5.190534968634309410e-01,1.000000000000000000e+00
1.022640716396053251e-01,0.000000000000000000e+00,4.293428457437173384e-01
1.102938937465208213e-01,7.386654021649903257e-01,0.000000000000000000e+00
1.507550678451738957e-01,2.662468223967355829e-01,1.000000000000000000e+00
1.180512842886538571e-02,1.000000000000000000e+00,4.568927262935049693e-01
5.527778409604009457e-01,9.883855857339580719e-01,1.000000000000000000e+00
6.540451462740545230e-01,1.000000000000000000e+00,9.702212592889167819e-01
4.310210776187325399e-01,1.826327614711125147e-01,0.000000000000000000e+00
1.335422307860397173e-01,1.000000000000000000e+00,1.339214853349586232e-01
9.114374663976414492e-01,1.000000000000000000e+00,5.112320063003829018e-01
6.243243352602727558e-01,1.000000000000000000e+00,6.806758866068792768e-01
1.000000000000000000e+00,2.494290796643634511e-01,5.962580464132374303e-01
5.774856624548145856e-01,8.916788031447334673e-01,0.000000000000000000e+00
6.381414562267173629e-02,9.575011591181661341e-01,0.000000000000000000e+00
1.000000000000000000e+00,3.522224759203618216e-02,5.161017380688193157e-01
3.006651544087560746e-01,8.952947431327968886e-01,1.000000000000000000e+00
2.111924850183577451e-03,1.000000000000000000e+00,8.733496299562772958e-01
0.000000000000000000e+00,1.841450398807834565e-01,6.697866192558844523e-01
0.000000000000000000e+00,6.053354708062118616e-01,7.853337941581833848e-01
6.466219330916819219e-01,1.000000000000000000e+00,7.328804278358489466e-01
1.200206302803004665e-01,2.010942416104823938e-01,1.000000000000000000e+00
5.213576283276296630e-01,1.000000000000000000e+00,4.427786527533233984e-01
4.120159411282108275e-01,6.163260510652346369e-01,0.000000000000000000e+00
8.109137876287448865e-01,8.795374364312968929e-02,0.000000000000000000e+00
5.146155796353595324e-01,5.962850815112540337e-01,1.000000000000000000e+00
1.764594672357481797e-01,0.000000000000000000e+00,7.390131381147828638e-01
9.213625216752545644e-01,2.631743363186708207e-01,1.000000000000000000e+00
3.176386213927192559e-01,1.000000000000000000e+00,4.670318617325605048e-01
2.329286610522484091e-01,0.000000000000000000e+00,5.205187667523365480e-01
8.530710970556957262e-01,6.196820250383223705e-01,1.000000000000000000e+00
0.000000000000000000e+00,1.654337906266825087e-01,2.498502179940769730e-01
1.656220911942815344e-01,5.930715039047331771e-01,1.000000000000000000e+00
3.229183615358227621e-01,2.379279157370555453e-01,1.000000000000000000e+00
1.000000000000000000e+00,2.001134104858188767e-01,3.325522011429610236e-01
0.000000000000000000e+00,8.709733640925358955e-01,6.607534568200126301e-01
2.309492649889201554e-01,5.191689101278663676e-01,1.000000000000000000e+00
0.000000000000000000e+00,1.202669914765033821e-01,4.212773169389125161e-01
6.688882717942384870e-02,0.000000000000000000e+00,6.085756171843663687e-01
3.633708190040763619e-01,1.000000000000000000e+00,9.459993008138977144e-01
8.324608782037863364e-01,0.000000000000000000e+00,3.718288863944083644e-01
5.599024555331427733e-02,1.000000000000000000e+00,3.284513856418759259e-01
6.741416501119732452e-01,5.430673512701535977e-01,1.000000000000000000e+00
6.876159474781828873e-01,2.673626542200365774e-01,1.000000000000000000e+00
1.000000000000000000e+00,6.915283307279262992e-01,2.475434314807714031e-01
8.942444296865116327e-01,8.353474628482644437e-01,1.000000000000000000e+00
0.000000000000000000e+00,1.699765028096331121e-01,7.685163592113060105e-01
2.457233453366629294e-01,5.331742063331097459e-01,0.000000000000000000e+00
4.041616492528976590e-01,2.193952985470927208e-01,1.000000000000000000e+00
8.753618227406203545e-01,7.254679395385708052e-01,1.000000000000000000e+00
5.718101368279343566e-01,4.558762820174645514e-01,0.000000000000000000e+00
7.006525824895112331e-01,0.000000000000000000e+00,6.159486424506297464e-01
5.173235362760916223e-01,1.000000000000000000e+00,5.801233626592066095e-01
5.007232504348718694e-01,6.051815489585504748e-01,0.000000000000000000e+00
0.000000000000000000e+00,5.115225942453921482e-01,1.067383792202815651e-01
1.000000000000000000e+00,8.378614707021464492e-01,9.244885610973951895e-01
2.727877233610559449e-02,7.828123513223130825e-01,1.000000000000000000e+00
9.910190286616678002e-01,3.117867537754109852e-01,0.000000000000000000e+00
1.000000000000000000e+00,8.145628544865018972e-01,6.385472627291159942e-01
6.104322239187320864e-01,4.556669016749781420e-04,1.000000000000000000e+00
1.184068401327115216e-01,1.000000000000000000e+00,2.950546370329472645e-01
1.000000000000000000e+00,9.043244289016341142e-01,4.678569647331315973e-01
8.856454771252326719e-01,3.814381064829874823e-02,1.000000000000000000e+00
1.357789652732000474e-01,1.000000000000000000e+00,9.301574438777775455e-01
1.753801709072267401e-01,0.000000000000000000e+00,6.398430185248300539e-01
0.000000000000000000e+00,2.805937653464686266e-01,4.692908045047760046e-01
1.871208602573151136e-01,6.564371327879021667e-01,0.000000000000000000e+00
0.000000000000000000e+00,4.353223363527169987e-01,7.842938867893267663e-01
5.551115123125782702e-17,5.187853951674624708e-01,7.512721786134513025e-01
5.081062695801363827e-01,3.552512054670456387e-01,1.000000000000000000e+00
1.000000000000000000e+00,5.434998742536730765e-01,2.831687428471908463e-01
8.939966301399477899e-01,7.405793200394792386e-01,0.000000000000000000e+00
0.000000000000000000e+00,6.384167294369278434e-01,8.165875973657710230e-01
6.829632861358860829e-01,1.000000000000000000e+00,4.067726009895924477e-01
3.151395928902179233e-01,9.254466180649119078e-01,1.000000000000000000e+00
0.000000000000000000e+00,2.775736756689881068e-01,5.308883262698943506e-01
1.000000000000000000e+00,6.325241065580140543e-01,5.095823489968080988e-01
6.213408256333488033e-01,0.000000000000000000e+00,4.425846476122534123e-01
1.000000000000000000e+00,7.882966788213695564e-01,4.850418670294500689e-01
0.000000000000000000e+00,8.144559391160477446e-01,5.747270612156901715e-01
0.000000000000000000e+00,4.748508266623563956e-01,7.634356508949927678e-01
2.758478898407060731e-01,5.616198243147796365e-02,0.000000000000000000e+00
4.464157672166771396e-01,3.969592385337485929e-01,1.000000000000000000e+00
4.923851341343843946e-01,1.063789735550686455e-01,0.000000000000000000e+00
0.000000000000000000e+00,4.664824883108094067e-01,3.717988693895574182e-01
5.065710667467415718e-03,5.551115123125782702e-17,4.028511476196966479e-01
7.627013625223455495e-01,1.000000000000000000e+00,7.366084512439328158e-01
0.000000000000000000e+00,9.805202016783458596e-01,7.046589208017997041e-01
1.622268398793004218e-01,1.000000000000000000e+00,5.454434526089385615e-01
0.000000000000000000e+00,2.098566739449876928e-01,2.307947108690526217e-01
9.770479335274059318e-01,0.000000000000000000e+00,8.766123094848279340e-01
8.290407152256307199e-02,1.000000000000000000e+00,2.677875553676456466e-02
7.588510587783059425e-01,3.513013758973411171e-01,1.000000000000000000e+00
1.000000000000000000e+00,8.464739312887459288e-01,6.692742246439712384e-01
7.847347391734282862e-02,9.189512208968632079e-01,1.000000000000000000e+00
8.322095785239507215e-01,8.898932959657785968e-01,0.000000000000000000e+00
2.422877249986794546e-01,6.964575938969943536e-01,0.000000000000000000e+00
1.000000000000000000e+00,7.721361257731382821e-01,8.592093334261574622e-02
1.000000000000000000e+00,1.646895680910649418e-01,5.466617008797559629e-01
1.000000000000000000e+00,5.821470487273391337e-01,9.687323710252144782e-01
4.917078400646229808e-02,1.000000000000000000e+00,2.055006705319796789e-01
1.000000000000000000e+00,9.376602058033091103e-01,8.909691702070364761e-01
9.802175892587770001e-01,1.000000000000000000e+00,5.316830180298787178e-01
1.000000000000000000e+00,8.375858119878493158e-01,5.727611350387070699e-01
4.595162055903451170e-01,2.019476905491175978e-01,0.000000000000000000e+00
4.389406142224433482e-01,6.870018266128484763e-01,0.000000000000000000e+00
6.711429783887035150e-01,8.263602113555106321e-01,1.000000000000000000e+00
1.991822818147674645e-01,1.000000000000000000e+00,5.971246499215714376e-01
0.000000000000000000e+00,2.245952936872691597e-01,6.979153670855107183e-01
1.000000000000000000e+00,3.706634571302753201e-01,5.068009801181156959e-01
3.913635229864406151e-01,9.331967903253718388e-01,0.000000000000000000e+00
1.000000000000000000e+00,7.090743675136029767e-01,4.808102993044044426e-01
4.966174137862372495e-01,2.928850377120525428e-01,1.000000000000000000e+00
1.000000000000000000e+00,5.652655237097437002e-01,2.902226933629447614e-01
3.008890483142891981e-01,0.000000000000000000e+00,8.285993962144283520e-02
0.000000000000000000e+00,5.855022939142573435e-01,2.059417488309950584e-01
1.000000000000000000e+00,6.467298814016175790e-01,9.018462989306141875e-01
1.000000000000000000e+00,9.463965025122479391e-01,6.258637310341094162e-01
4.461184926811650464e-01,5.953126700735617005e-01,1.000000000000000000e+00
9.465809918209171503e-01,0.000000000000000000e+00,6.750903803617810395e-01
9.965667006188048127e-01,1.000000000000000000e+00,9.198844352033668237e-01
7.428618383337706188e-01,4.584315775533779891e-01,0.000000000000000000e+00
1.000000000000000000e+00,7.087548110129500145e-01,7.257289343615447308e-01
9.388572549858256178e-01,2.889742975437147310e-01,1.000000000000000000e+00
4.365966667565949200e-01,4.280032401070921755e-01,1.000000000000000000e+00
1.000000000000000000e+00,2.461509274579509465e-01,1.630764335515570429e-01
3.682637677695023704e-01,4.488632711333462311e-01,0.000000000000000000e+00
8.429089217181293670e-01,5.566217289245422029e-01,5.551115123125782702e-17
3.455204388470951016e-01,0.000000000000000000e+00,5.230821453398066812e-01
1.000000000000000000e+00,8.953060481177537167e-01,5.959220934894133848e-01
1.768453800205538884e-01,1.503863511897634009e-01,1.000000000000000000e+00
0.000000000000000000e+00,1.864877030158811344e-01,3.143070914780948799e-02
2.824511255823922706e-01,0.000000000000000000e+00,5.035779219836868936e-01
9.827960707895880832e-01,8.723382003755585368e-01,0.000000000000000000e+00
6.178890166057512401e-01,0.000000000000000000e+00,9.390627432019111875e-01
5.179537072289507327e-01,8.925272572806052240e-01,0.000000000000000000e+00
1.000000000000000000e+00,5.997742823127008016e-01,8.261222141172979150e-01
6.689112908849603745e-01,1.983222243677563723e-01,0.000000000000000000e+00
9.179258474517629773e-01,7.560691090215573285e-01,5.551115123125782702e-17
0.000000000000000000e+00,2.737362917873335522e-01,6.569358064007317921e-01
6.414173564603369293e-01,1.000000000000000000e+00,4.298028311785979660e-01
3.465597004575851070e-01,2.111382965210482077e-01,1.000000000000000000e+00
1.000000000000000000e+00,1.738149201800691102e-01,1.532695208670110665e-01
9.731718515751912602e-01,5.551115123125782702e-17,5.325671294271497880e-01
1.000000000000000000e+00,1.572607831913332976e-01,9.074994173938422115e-03
0.000000000000000000e+00,4.709711708659728435e-01,7.128391164432449356e-01
1.678666285154803428e-01,0.000000000000000000e+00,3.254770641705918011e-01
6.254930755075481796e-01,1.000000000000000000e+00,8.674803327290888655e-01
1.633483667899060521e-02,0.000000000000000000e+00,3.658322185785757297e-01
8.125219583433860304e-01,0.000000000000000000e+00,8.938108521021752573e-01
4.273685409759020448e-01,5.235474002622479972e-01,1.000000000000000000e+00
2.610951532588915436e-01,1.000000000000000000e+00,6.293224218480248933e-01
9.760133539276161230e-02,3.511802639509565838e-01,1.000000000000000000e+00
2.307721929363890645e-01,1.000000000000000000e+00,3.864986684850738596e-01
6.067741815865163035e-01,0.000000000000000000e+00,9.970567703652243319e-01
6.730787680358045755e-01,0.000000000000000000e+00,6.570468220971192874e-01
1.288892229413849400e-01,6.984033986741533528e-02,1.000000000000000000e+00
1.000000000000000000e+00,9.502684054764544141e-01,6.170467845888805147e-01
1.000000000000000000e+00,3.121201017462342242e-01,9.191599932031568887e-01
0.000000000000000000e+00,3.803217348563412425e-01,2.334234879966558540e-01
1.000000000000000000e+00,1.525630505158117600e-01,4.890151383288022791e-01
4.975572770582637472e-01,0.000000000000000000e+00,3.556463360356743042e-01
6.335820560719072070e-01,7.274455892916383837e-01,5.551115123125782702e-17
5.809341179776625896e-01,8.739066312354077937e-01,0.000000000000000000e+00
6.653943260563315309e-01,8.174587235932828655e-02,5.551115123125782702e-17
5.484275840246902733e-01,6.185685744743674164e-01,0.000000000000000000e+00
2.907130575532283490e-01,7.661856359012159112e-02,0.000000000000000000e+00
1.854618561685796307e-01,7.839418845785373069e-01,1.000000000000000000e+00
6.797140961813623594e-01,0.000000000000000000e+00,9.132948096302306862e-01
9.839961176434528500e-01,5.014883117276015545e-01,0.000000000000000000e+00
2.168136933883789141e-01,3.660265256123361732e-01,1.000000000000000000e+00
1.558450442563749649e-01,1.000000000000000000e+00,9.436380773129213750e-01
5.066449761285517495e-01,1.377563333653857858e-01,1.000000000000000000e+00
2.351748834203094551e-01,0.000000000000000000e+00,5.762472249717679462e-01
2.888398891634149646e-01,8.857867725794339453e-01,1.000000000000000000e+00
5.868413454131959917e-02,1.000000000000000000e+00,2.160963197919409662e-01
5.474798904744407890e-01,4.270457162853836808e-01,0.000000000000000000e+00
1.282148393973227551e-01,4.208267866460216888e-01,0.000000000000000000e+00
8.663505826351300954e-01,0.000000000000000000e+00,6.786344200126499526e-01
1.000000000000000000e+00,2.342417684003328393e-01,2.146140380125177161e-01
8.400925770418046223e-01,2.847086103201331153e-01,1.000000000000000000e+00
6.396667677899938731e-01,5.551115123125782702e-17,3.911029700474144555e-02
8.848124245789008580e-01,6.478194724906523039e-01,0.000000000000000000e+00
0.000000000000000000e+00,4.991211955329504235e-01,9.617971111410628104e-01
6.991829498227113415e-01,4.284399085851030020e-01,0.000000000000000000e+00
5.489052727140940613e-01,4.278205813669433422e-02,0.000000000000000000e+00
6.678480388125013212e-01,2.960994983193436791e-01,0.000000000000000000e+00
1.000000000000000000e+00,1.035992790853674794e-01,9.530948392031985961e-01
4.452747130550780419e-01,3.453972841555700835e-01,0.000000000000000000e+00
3.030583723854331502e-01,0.000000000000000000e+00,2.284340254776976165e-01
9.815448423832500158e-01,6.068774407663158899e-01,0.000000000000000000e+00
6.289819971587291558e-01,3.649927558354962853e-01,1.000000000000000000e+00
8.631584846756806817e-01,8.775535201137130148e-01,0.000000000000000000e+00
1.000000000000000000e+00,6.041782709584671007e-01,3.182271319755610728e-01
9.099674215908120090e-01,1.000000000000000000e+00,1.876841494180701009e-01
4.749216037550976210e-01,1.000000000000000000e+00,1.910148594041403691e-01
6.873911034358947125e-01,7.184389304143301569e-02,1.000000000000000000e+00
4.982891536843194746e-01,0.000000000000000000e+00,3.490405619869250131e-01
9.201234925549127697e-01,1.945026552973804224e-01,1.000000000000000000e+00
1.000000000000000000e+00,7.554571321278467089e-01,2.366733054374544343e-01
5.564940669468045886e-01,3.262069578394544145e-02,1.000000000000000000e+00
2.727245708452193940e-01,6.477227393485005535e-01,0.000000000000000000e+00
1.000000000000000000e+00,1.876993546640967347e-01,4.068999685890795082e-01
7.729770720746249602e-01,8.909520562195017979e-01,1.000000000000000000e+00
4.125494730967940171e-01,1.000000000000000000e+00,5.632595075601598555e-01
2.820667848986559978e-01,6.866101337339526323e-01,1.000000000000000000e+00
1.000000000000000000e+00,1.640792814843175518e-01,8.985488502261096411e-01
3.210519532461417747e-01,0.000000000000000000e+00,5.029603062323343421e-01
4.412597398943776672e-01,2.669214552949128461e-02,0.000000000000000000e+00
6.015853543148506066e-01,8.217593957545256123e-01,1.000000000000000000e+00
7.708782453251530331e-01,0.000000000000000000e+00,5.780618677407163286e-01
1.000000000000000000e+00,5.529627465222786142e-03,4.488712986086854650e-01
9.206121655412705662e-01,9.282154337055350535e-01,0.000000000000000000e+00
5.562988843980380960e-01,7.528936152301315410e-01,1.000000000000000000e+00
1.220754203497105284e-01,3.125693713036253318e-01,1.000000000000000000e+00
4.203744961565536453e-02,9.384795002489659810e-02,0.000000000000000000e+00
1.108296521456276773e-01,3.065890998788897148e-01,1.000000000000000000e+00
5.562035861309738705e-01,0.000000000000000000e+00,8.245118049588157083e-01
7.311297480997454024e-01,9.339830598635021630e-01,0.000000000000000000e+00
1.000000000000000000e+00,3.815245612564727162e-02,6.738579775801312177e-01
2.529561915044312159e-01,2.145803329677106186e-01,0.000000000000000000e+00
1.779455471827288693e-01,6.491977439279159601e-01,1.000000000000000000e+00
2.666757247174659229e-01,0.000000000000000000e+00,3.955306401430594421e-01
1.401146993505107130e-01,6.144789807014463534e-01,0.000000000000000000e+00
2.603414968075437597e-01,8.048264833836289434e-01,1.000000000000000000e+00
3.400442374826952996e-01,8.383520392394692156e-01,1.000000000000000000e+00
7.449183204899141320e-01,1.000000000000000000e+00,6.248008121694836881e-01
4.992367080187596340e-01,2.659849041496850086e-01,0.000000000000000000e+00
0.000000000000000000e+00,2.890460574070916611e-01,9.402635302531764383e-02
1.000000000000000000e+00,9.703219615843321488e-01,4.084456932056783063e-01
3.256298864749971878e-01,0.000000000000000000e+00,6.227557290558098924e-01
6.292776991730951730e-01,1.197053180397946726e-01,1.000000000000000000e+00
8.891011025945748658e-01,0.000000000000000000e+00,6.204371742687420088e-01
1.390633291098066215e-01,1.000000000000000000e+00,9.124137053063346992e-02
1.000000000000000000e+00,7.113426179697184271e-01,8.245020972412785421e-01
8.557860204292591089e-01,5.411345729441314756e-01,0.000000000000000000e+00
1.000000000000000000e+00,1.631165658158560960e-01,9.767351265432548946e-01
4.422578020881555161e-01,1.271544983955690822e-01,0.000000000000000000e+00
5.551115123125782702e-17,7.007359814786301433e-02,5.835640756603432955e-01
1.000000000000000000e+00,4.572510123655292857e-01,8.685116407780171244e-01
0.000000000000000000e+00,6.267091255236323377e-01,2.370784502617648282e-01
2.147337764819008399e-01,7.467038824409034659e-01,1.000000000000000000e+00
1.000000000000000000e+00,1.302403653415876161e-01,5.540475897354059098e-01
4.989143400262552874e-01,3.860863032047244237e-01,1.000000000000000000e+00
2.808615325675327123e-01,7.562703459230060155e-01,0.000000000000000000e+00
1.000000000000000000e+00,7.072675382604183270e-01,4.816102334744848390e-01
6.974688544436604687e-01,7.985160315607984227e-01,0.000000000000000000e+00
1.117810896811586852e-01,8.444953433665376430e-01,0.000000000000000000e+00
1.973291523018575466e-01,0.000000000000000000e+00,2.658863342632989402e-01
0.000000000000000000e+00,9.805044083870589899e-02,6.297408202509218178e-01
8.834086993840328805e-01,8.016230689742875892e-02,1.000000000000000000e+00
0.000000000000000000e+00,2.474391676731696466e-02,4.452868593779578110e-01
4.053447288944301286e-01,2.771315867093301355e-01,5.551115123125782702e-17
1.000000000000000000e+00,4.430955361332579723e-01,7.511144262810035555e-01
5.070105868340614164e-01,9.422511848748884589e-01,1.000000000000000000e+00
4.973458718341613460e-01,0.000000000000000000e+00,1.559115158998387596e-01
3.769820828520347722e-01,0.000000000000000000e+00,7.960587641219408761e-01
1.363871554890804805e-01,1.840923126189197845e-01,1.000000000000000000e+00
2.460111290388862226e-01,7.905988272057098420e-01,1.000000000000000000e+00
1.147107867159268824e-01,8.472105813582622158e-01,1.000000000000000000e+00
4.180285600296607673e-01,5.763303547326213971e-01,0.000000000000000000e+00
2.729070205713801656e-01,3.742575742555944163e-01,1.000000000000000000e+00
8.762659347493021444e-01,5.229361896583482050e-01,1.000000000000000000e+00
7.168664010406911036e-02,2.831009884267803312e-01,0.000000000000000000e+00
8.268214320379699833e-01,0.000000000000000000e+00,1.812728471113017603e-02
0.000000000000000000e+00,8.950853986863240852e-01,6.273630425131757615e-01
0.000000000000000000e+00,1.250862958806741587e-01,2.323014345411370529e-01
8.056858047370679676e-01,2.259289984483909830e-01,0.000000000000000000e+00
3.696485206443933524e-02,8.324638625816869197e-01,0.000000000000000000e+00
3.751246070689928658e-01,0.000000000000000000e+00,9.620369115271183436e-01
1.000000000000000000e+00,9.361275867947231877e-01,5.577317739132676699e-01
6.007676826539715131e-01,2.671986595774738515e-01,0.000000000000000000e+00
2.697769458848039981e-01,6.769932130308040641e-01,1.000000000000000000e+00
6.770572233924578853e-01,2.133952942704016031e-01,5.551115123125782702e-17
1.557135332579241971e-01,1.000000000000000000e+00,9.635639490378578031e-01
1.000000000000000000e+00,7.768618539272861279e-01,6.773943950977910911e-01
3.497845950027502204e-01,6.992359308615616609e-01,0.000000000000000000e+00
7.756774621047879403e-02,3.197330579024261765e-01,1.000000000000000000e+00
1.032548095116759268e-01,1.000000000000000000e+00,1.284290977855024884e-01
1.000000000000000000e+00,1.260580224533514038e-02,1.063236184894017500e-01
0.000000000000000000e+00,4.990210555461525588e-01,6.622151015779081940e-01
7.211095452614119106e-01,3.140598715888709425e-02,5.551115123125782702e-17
8.421259752336033300e-01,0.000000000000000000e+00,4.581003837165055770e-01
1.000000000000000000e+00,7.550895431327062646e-01,8.831388511083735349e-01
4.184222872336359478e-01,0.000000000000000000e+00,2.372065954125804899e-01
2.025641866830058535e-01,0.000000000000000000e+00,2.576712471050923159e-01
1.156318358289407100e-01,1.000000000000000000e+00,3.525312480148569128e-01
5.543064551193394029e-01,5.551115123125782702e-17,7.690846299982143641e-01
1.433676741323687276e-01,6.273011096740107595e-01,0.000000000000000000e+00
5.635692264310083743e-01,2.194808708244971873e-01,0.000000000000000000e+00
9.878410812554958564e-01,1.000000000000000000e+00,2.830493111960481478e-01
1.708783615092552832e-01,2.631291417261093502e-01,1.000000000000000000e+00
5.667892334962516543e-01,7.926507733672134570e-01,0.000000000000000000e+00
3.845469698702982386e-01,0.000000000000000000e+00,7.091020563992033177e-01
5.222620756993894275e-01,8.875476325439919378e-01,0.000000000000000000e+00
0.000000000000000000e+00,4.521427575944613753e-01,4.729193482018387851e-01
3.949746737934188290e-01,1.000000000000000000e+00,5.026964795037904832e-01
9.196035279634904303e-01,1.000000000000000000e+00,7.814839211323557633e-01
1.000000000000000000e+00,8.662019273456971202e-01,3.127873700522605382e-01
5.218673745797104413e-01,4.801046383550996999e-01,1.000000000000000000e+00
1.579182671316605724e-01,3.561296731020020534e-01,1.000000000000000000e+00
1.000000000000000000e+00,3.749580132339460636e-01,5.197081335262370150e-01
6.201804970832927033e-01,0.000000000000000000e+00,9.268146709797084881e-01
3.650117567968813592e-02,5.551115123125782702e-17,5.713286796933007006e-01
1.000000000000000000e+00,6.649235264609205664e-01,6.547653371957673496e-03
2.559038081752924021e-01,3.076408097259227814e-01,0.000000000000000000e+00
0.000000000000000000e+00,6.755396219395066737e-01,7.063298219675333556e-01
1.000000000000000000e+00,2.674991916098425904e-01,2.251376615741678688e-01
7.614988136279920994e-01,1.000000000000000000e+00,4.268726172717445255e-01
2.064471466471397565e-01,1.769282161704405221e-01,1.000000000000000000e+00
1.000000000000000000e+00,6.101783977459911412e-01,5.477583503389760189e-01
1.464862899445250055e-01,1.000000000000000000e+00,7.087519085118234585e-01
1.283610954391717351e-01,3.396425513758211667e-01,1.000000000000000000e+00
2.773413822206640678e-01,0.000000000000000000e+00,8.061475439744275606e-01
5.713517424427377867e-02,5.257222882158504307e-01,1.000000000000000000e+00
5.551115123125782702e-17,9.352579312623856556e-01,7.496208206374701533e-01
3.328937343835509655e-01,0.000000000000000000e+00,8.661604701926790550e-01
0.000000000000000000e+00,2.827275351226411493e-01,1.325849300882931958e-01
0.000000000000000000e+00,6.416360411767683125e-01,8.665453637019062683e-01
8.035129933304645533e-01,0.000000000000000000e+00,4.763768962762189307e-01
2.511237289478860935e-01,2.367972944747098740e-01,1.000000000000000000e+00
1.000000000000000000e+00,7.718052596601707727e-01,2.527827434343729029e-01
0.000000000000000000e+00,7.031476847744821956e-01,2.996523937706641050e-02
3.959488643584929690e-02,3.260376853832509525e-01,1.000000000000000000e+00
9.302352600693442053e-01,3.326172165654772694e-01,0.000000000000000000e+00
0.000000000000000000e+00,5.347213088262806613e-01,4.924417168825983016e-01
5.056924054320177664e-02,8.367291879383204067e-01,1.000000000000000000e+00
1.000000000000000000e+00,1.976880162603382174e-01,5.405927795869266417e-01
8.911696824175544540e-01,1.271276906971976484e-01,0.000000000000000000e+00
1.203632582792249495e-01,1.550297748567470713e-01,0.000000000000000000e+00
5.659889804598947638e-01,8.047852936664561252e-01,0.000000000000000000e+00
7.351076265604101767e-01,8.369699024911509966e-01,1.000000000000000000e+00
1.000000000000000000e+00,3.025379902567127410e-01,2.585955156563131685e-01
0.000000000000000000e+00,8.437775342207611828e-01,1.804806312732074036e-02
1.000000000000000000e+00,2.115855787976186619e-01,7.522020797895649924e-01
2.311212706720413013e-01,0.000000000000000000e+00,7.254101779620180102e-01
2.339687675035435066e-01,1.000000000000000000e+00,1.456045005475427034e-01
4.443895476798368493e-01,7.007333483864266466e-01,0.000000000000000000e+00
7.861713278166482244e-01,7.617397554896508938e-01,1.000000000000000000e+00
2.201522000873110119e-01,1.000000000000000000e+00,3.926957478485749164e-01
6.669166644192101590e-01,1.000000000000000000e+00,4.261739577852684535e-01
0.000000000000000000e+00,6.892616959253479170e-01,3.967784850072287872e-01
3.649150990470414468e-01,5.612836699881226243e-01,0.000000000000000000e+00
0.000000000000000000e+00,9.046433293333124848e-01,4.646062107228376425e-01
1.000000000000000000e+00,1.435008571215077300e-01,2.580693475599297737e-01
1.000000000000000000e+00,5.466460436478387530e-02,1.995362705699231243e-01
2.239922981467724616e-01,8.117252717243241822e-01,1.000000000000000000e+00
4.723114347064991114e-01,4.860202885677601947e-01,1.000000000000000000e+00
1.000000000000000000e+00,1.528346285455627895e-01,4.302181217551925840e-01
7.290278783339578794e-01,7.417249366649978359e-01,5.551115123125782702e-17
8.496306986806412276e-01,0.000000000000000000e+00,9.757088438331911195e-01
1.000000000000000000e+00,1.748651145442687849e-01,8.917701755193362390e-01
1.000000000000000000e+00,9.689346479010572111e-01,1.715523615736367913e-01
1.879062133219406294e-01,1.000000000000000000e+00,1.137981227064722711e-01
4.665613322874266888e-01,4.690743753942556160e-01,1.000000000000000000e+00
3.646685144917200527e-01,1.183463792351479582e-01,0.000000000000000000e+00
2.722594413167900296e-01,9.923074563593662356e-01,1.000000000000000000e+00
4.588685987417073786e-02,5.372085502015878644e-01,1.000000000000000000e+00
8.740127286515426697e-01,1.651509248103621985e-01,1.000000000000000000e+00
1.000000000000000000e+00,2.596082315233076421e-01,7.469858385788523680e-01
5.314031459755176323e-01,1.128818275174203745e-01,0.000000000000000000e+00
0.000000000000000000e+00,6.760096651592462091e-02,1.475394252080382551e-01
0.000000000000000000e+00,8.176384158799427926e-01,1.759389999651558845e-01
7.038239695194450363e-01,1.000000000000000000e+00,5.150202837665271982e-01
1.149246767189095464e-01,7.525303492187289667e-01,1.000000000000000000e+00
3.368897819414791162e-01,1.000000000000000000e+00,1.316688642347574878e-01
0.000000000000000000e+00,8.304619612933988870e-01,3.432136709522977114e-01
7.686218861018674353e-01,4.358313618815794488e-01,0.000000000000000000e+00
2.325292625172150074e-01,1.000000000000000000e+00,1.594176950254777569e-01
7.873507219039677096e-03,8.590832929469267576e-01,0.000000000000000000e+00
2.165359489492780787e-01,6.458305349995644429e-01,0.000000000000000000e+00
0.000000000000000000e+00,2.805871080352822511e-01,9.674850508447685460e-01
1.074008007794475805e-01,0.000000000000000000e+00,3.404192017655643943e-01
3.073832700330189072e-01,2.857210429549728592e-01,0.000000000000000000e+00
4.325941070283917389e-01,1.000000000000000000e+00,1.279642507724687017e-01
6.975614603237891842e-01,5.551115123125782702e-17,4.641828531681952419e-01
7.567807614721169251e-01,6.024958854957450649e-01,0.000000000000000000e+00
1.000000000000000000e+00,9.364989312762150853e-01,9.162864208592169657e-01
2.246765939093314790e-02,1.000000000000000000e+00,5.116967959260754206e-02
5.099059520044182392e-01,3.858803738872731426e-01,0.000000000000000000e+00
0.000000000000000000e+00,3.161101699013032507e-01,7.903763113956784325e-01
0.000000000000000000e+00,3.690534147996182845e-02,9.946558167495407332e-01
2.563085412132686258e-01,7.408759437823997374e-01,0.000000000000000000e+00
7.214045091268013188e-01,1.000000000000000000e+00,1.919001872526845953e-01
2.226152274634244921e-01,0.000000000000000000e+00,7.487660225721013418e-01
1.000000000000000000e+00,1.211277931607201985e-01,1.606432768428577851e-01
3.350484687944851880e-01,4.280772840520855049e-01,1.000000000000000000e+00
1.000000000000000000e+00,9.635252265389766535e-01,2.628631167752952247e-01
6.060587857746559948e-01,1.000000000000000000e+00,1.703533679261834410e-01
9.527122593376007309e-01,0.000000000000000000e+00,8.768587796216162911e-01
4.965234716679856053e-01,5.417119420148848175e-01,1.000000000000000000e+00
7.272255605580301152e-01,1.000000000000000000e+00,8.662834827351640898e-01
3.909273214395261875e-01,7.294204313513665827e-01,1.000000000000000000e+00
5.711516738598121368e-01,1.000000000000000000e+00,7.944308583817476510e-01
0.000000000000000000e+00,4.747082933004925231e-01,7.927349734997263253e-01
2.805717693643303701e-01,1.000000000000000000e+00,3.140252015226450699e-01
1.000000000000000000e+00,2.409185116258164838e-01,4.483316294622691212e-02
1.000000000000000000e+00,4.008365669085419136e-01,6.188361307427151514e-01
3.420753697733401322e-01,5.463511263701724685e-01,0.000000000000000000e+00
7.531579003922257431e-01,4.957838107595605726e-01,0.000000000000000000e+00
6.633602924583802407e-01,1.000000000000000000e+00,6.267890044932908911e-01
1.161862559667728445e-01,0.000000000000000000e+00,8.269017740403379335e-01
3.798959167945007431e-01,1.000000000000000000e+00,5.216727670814967910e-01
0.000000000000000000e+00,6.281647256998854623e-01,8.626255918427740976e-01
2.331354779077381145e-01,4.580342487074527957e-01,0.000000000000000000e+00
1.840480463233716835e-01,9.532109784658594487e-01,0.000000000000000000e+00
3.474755022200957111e-01,2.254979103368381366e-01,0.000000000000000000e+00
3.750130371327057288e-01,0.000000000000000000e+00,4.878135718696168799e-01
0.000000000000000000e+00,1.377134563132718648e-01,4.938292249300435532e-02
1.000000000000000000e+00,5.695240003718129440e-01,2.443538736938366540e-03
1.000000000000000000e+00,9.368746877851543697e-01,8.135464295625529640e-01
0.000000000000000000e+00,5.627206929421892934e-01,7.044875781923876090e-02
6.153129373222439025e-01,9.808453838482431575e-01,1.000000000000000000e+00
8.220070204143997694e-01,9.893224224546448564e-01,0.000000000000000000e+00
5.551115123125782702e-17,9.356379331681927702e-01,5.699818752321503812e-01
0.000000000000000000e+00,4.326177997342899317e-01,5.527119465348051541e-01
1.000000000000000000e+00,1.123378264455903719e-01,4.112545310109875230e-01
0.000000000000000000e+00,6.509064824925306914e-01,7.882449587822729642e-01
1.000000000000000000e+00,9.438281168321303038e-01,5.673609329586773997e-01
5.551115123125782702e-17,1.884896888647352720e-01,5.239995705317520569e-01
1.000000000000000000e+00,3.854232061770473949e-02,6.821778643866401870e-01
2.518159270784710579e-01,5.032186554988693494e-01,1.000000000000000000e+00
1.000000000000000000e+00,8.624618422146039798e-01,2.622648394478310774e-01
4.771908877363995605e-01,6.471026513819507775e-01,1.000000000000000000e+00
7.104958637151962408e-01,2.650666813418146583e-01,0.000000000000000000e+00
7.642384409519564770e-01,4.087132619584354365e-01,1.000000000000000000e+00
0.000000000000000000e+00,2.125956566620044730e-01,5.821088892283113880e-01
6.765635530472152714e-02,6.223832573912270183e-01,1.000000000000000000e+00
2.214002466479493836e-01,6.002921845120120503e-01,5.551115123125782702e-17
1.748643463731552883e-01,0.000000000000000000e+00,5.057398790538568667e-01
1.715791488449330271e-01,0.000000000000000000e+00,8.998066994361674231e-01
0.000000000000000000e+00,2.555660974822609455e-01,9.196862912692687075e-01
1.000000000000000000e+00,6.828538047115002563e-01,8.237888746073538382e-01
7.258731840031811267e-01,3.635173419791642990e-01,0.000000000000000000e+00
9.791668484537032757e-01,1.000000000000000000e+00,9.189906420232807349e-01
1.000000000000000000e+00,8.983268884150005240e-01,4.727993772036180875e-01
6.501927268640610436e-01,1.000000000000000000e+00,4.241211120792259814e-01
0.000000000000000000e+00,9.322110031246133577e-02,5.995495350584707506e-01
0.000000000000000000e+00,8.370864347752043910e-01,5.357127637297552925e-01
1.851074698974214949e-01,0.000000000000000000e+00,6.369391928510881318e-01
0.000000000000000000e+00,1.620964039612790009e-01,1.756196806759864892e-01
4.602055178756002118e-01,2.720173175426496281e-01,0.000000000000000000e+00
7.286735149720928728e-01,4.454283713214161056e-01,0.000000000000000000e+00
9.077994624268020951e-02,1.000000000000000000e+00,4.734076499614182643e-01
8.464206569538450520e-01,1.000000000000000000e+00,3.738683728045477661e-01
1.000000000000000000e+00,3.429183430348205497e-01,5.498654026181950538e-01
1.000000000000000000e+00,2.296284300206263285e-01,2.597904515541284987e-01
6.042275108267147754e-01,0.000000000000000000e+00,3.125154570618601801e-01
7.999234207443710609e-01,1.000000000000000000e+00,8.269475936592113330e-01
0.000000000000000000e+00,6.610901404197161435e-02,5.150787905817866275e-02
3.873384481527834544e-01,0.000000000000000000e+00,3.144153894344298150e-01
2.302543279175630064e-01,1.000000000000000000e+00,1.337304669565356763e-01
5.269517772820035972e-01,4.342449275097663985e-01,1.000000000000000000e+00
4.524384775920390345e-01,6.953140783795235258e-01,1.000000000000000000e+00
0.000000000000000000e+00,4.175680815449630545e-01,9.408735463544393163e-01
8.649806667554527095e-02,1.000000000000000000e+00,1.079226857502257886e-01
1.000000000000000000e+00,1.181223268071785459e-01,3.761958576723599124e-01
0.000000000000000000e+00,9.939174854824484040e-03,7.836398088117138006e-01
1.992230688262479621e-01,8.727556176428420409e-01,0.000000000000000000e+00
5.488081983269593733e-01,8.775109650745993584e-02,0.000000000000000000e+00
1.000000000000000000e+00,1.310126833967617532e-01,2.817156979073658363e-01
1.000000000000000000e+00,4.734941014256345282e-01,7.319095588692312582e-01
1.000000000000000000e+00,7.035975644809538965e-02,7.580010968783037484e-01
1.000000000000000000e+00,9.591511173612776719e-01,3.663930635663841251e-01
5.793563926005359521e-01,1.949572987700518845e-01,1.000000000000000000e+00
1.000000000000000000e+00,1.604912320692777339e-01,2.095973965030779873e-01
3.306187428674128848e-01,7.476340300340327261e-01,0.000000000000000000e+00
0.000000000000000000e+00,1.742394354211243002e-01,2.312488437458871116e-01
1.000000000000000000e+00,6.338096969246727053e-01,4.867849619479228673e-01
1.000000000000000000e+00,8.657540639817133954e-01,6.307269183470062268e-01
4.168455400586121296e-01,1.426026095664417181e-01,0.000000000000000000e+00
1.000000000000000000e+00,7.432079968846144746e-01,6.707789597601414577e-01
1.266190189456361803e-01,1.000000000000000000e+00,9.474407895065461993e-02
1.000000000000000000e+00,4.908464512708607952e-01,6.243327995170433464e-01
2.425521560579950442e-01,4.684274383954537546e-01,1.000000000000000000e+00
3.584582172880539375e-01,1.000000000000000000e+00,9.025536941504725963e-01
2.995923711614138507e-01,6.582481888844128326e-01,1.000000000000000000e+00
1.930597054582833261e-01,1.000000000000000000e+00,8.350396253253760115e-01
4.515385384670204116e-01,0.000000000000000000e+00,8.186467832034980407e-01
1.000000000000000000e+00,5.416950156827875507e-01,5.769701727066114394e-01
2.893868570061711165e-01,4.255463950496407577e-01,1.000000000000000000e+00
2.835649995189983841e-01,4.511158402326614913e-01,1.000000000000000000e+00
5.761254927450667473e-01,1.995836344206856627e-01,1.000000000000000000e+00
3.657929767631497020e-01,9.685340630326189082e-02,1.000000000000000000e+00
8.654646805298604750e-01,7.357409980839200170e-01,0.000000000000000000e+00
1.000000000000000000e+00,6.300261119608621119e-01,4.779899085898042799e-02
4.948241846178244030e-01,1.000000000000000000e+00,4.045612136591537622e-01
8.187867073760876080e-01,1.000000000000000000e+00,4.535488620444938501e-01
4.339255961508934334e-01,1.000000000000000000e+00,9.336139742314351064e-01
4.798035423163644619e-01,0.000000000000000000e+00,5.448846190054235095e-02
0.000000000000000000e+00,4.056435865284616638e-01,9.215652710054478280e-03
0.000000000000000000e+00,3.166393881007887323e-01,7.512210287117663254e-01
3.355077318202558390e-01,1.747186251715276972e-01,0.000000000000000000e+00
6.659517001359829269e-01,1.000000000000000000e+00,8.845428355557749533e-01
5.472270659667841652e-01,1.000000000000000000e+00,6.393423395835916567e-01
4.029789309950893017e-02,8.487034077769077811e-01,0.000000000000000000e+00
4.872027408325793618e-01,2.235583967030249641e-01,1.000000000000000000e+00
8.150138641623154712e-01,5.799333819011582847e-01,1.000000000000000000e+00
8.944631046961438736e-01,5.551115123125782702e-17,5.868408234053972272e-01
1.000000000000000000e+00,9.297522956890493795e-01,1.166425528172994747e-01
7.910035084533614258e-01,4.076650506836077548e-01,0.000000000000000000e+00
1.843630747901371381e-01,6.198322699337194264e-01,0.000000000000000000e+00
1.000000000000000000e+00,9.101311728594434491e-01,4.698113528294595720e-01
1.350330679351268159e-01,1.011484575356350057e-01,0.000000000000000000e+00
0.000000000000000000e+00,9.722460748586789769e-01,8.375619802317821883e-01
5.294724301124733579e-01,0.000000000000000000e+00,3.055848054575788786e-01
7.066297046808516225e-01,4.866684850714469990e-01,0.000000000000000000e+00
1.000000000000000000e+00,1.320988816544330646e-01,7.884253843735111733e-01
1.000000000000000000e+00,6.665455593820712732e-02,2.020019456362019683e-01
6.123545906230766223e-01,5.270450129388144500e-01,0.000000000000000000e+00
1.000000000000000000e+00,6.684079257571196031e-03,4.323752602463212247e-01
7.661468108900109097e-01,1.000000000000000000e+00,2.196276617649022267e-01
4.046353559888494211e-01,4.085851739533586380e-01,1.000000000000000000e+00
9.563541214002277968e-01,1.000000000000000000e+00,2.641001955679844748e-01
5.056886252170350593e-01,7.422652297772462937e-01,0.000000000000000000e+00
3.592934381365057162e-01,5.726966023407698003e-01,1.000000000000000000e+00
4.680247802432906390e-01,1.573693108812113106e-02,0.000000000000000000e+00
5.225072594369495338e-03,2.940340901913076066e-01,1.000000000000000000e+00
8.332198806136938973e-01,1.000000000000000000e+00,2.852681403663001047e-01
1.604420842183570950e-01,9.817860746983371190e-01,1.000000000000000000e+00
7.945669137443972518e-01,1.000000000000000000e+00,2.616630220209805735e-01
2.929900159011394889e-01,8.825789515096709170e-01,0.000000000000000000e+00
7.795238086628351049e-01,5.465140017471972200e-01,1.000000000000000000e+00
7.995992513738949814e-01,3.751158645012023785e-01,0.000000000000000000e+00
1.000000000000000000e+00,6.566768891781593620e-01,6.399752831070369963e-01
4.657921079805356634e-01,7.687590182914907366e-01,0.000000000000000000e+00
0.000000000000000000e+00,5.780327154657867172e-01,2.003034064448399043e-01
5.300851641711853413e-01,1.000000000000000000e+00,1.683596096373052298e-01
0.000000000000000000e+00,6.915384501208730050e-01,6.513649162660239966e-01
8.048246432554608809e-01,9.114740568092194462e-02,0.000000000000000000e+00
6.723742570324593437e-01,1.000000000000000000e+00,8.666648237173368852e-01
1.916544565108428966e-01,9.386878725649010491e-01,1.000000000000000000e+00
9.796508728888615458e-01,1.000000000000000000e+00,7.002201090187508692e-01
4.420479349512543843e-01,1.000000000000000000e+00,1.879816263388066622e-01
1.000000000000000000e+00,6.087224040598946395e-01,4.278989258552179931e-01
9.495340874725533009e-02,0.000000000000000000e+00,9.477252587387740013e-01
1.566765817439923492e-01,6.484695017047477084e-01,1.000000000000000000e+00
1.000000000000000000e+00,6.106780832742668697e-01,8.535158039357064741e-01
7.646313342736482666e-02,0.000000000000000000e+00,7.272849411227206851e-01
2.910346511572333705e-01,1.000000000000000000e+00,9.068315917931996095e-01
6.116975668758427576e-01,0.000000000000000000e+00,1.446594049044991337e-02
1.799717884285487179e-01,6.038447267203317370e-01,1.000000000000000000e+00
6.174058189144830955e-01,1.000000000000000000e+00,5.582460826238802021e-01
6.981289246343080901e-01,5.162563145034597678e-01,0.000000000000000000e+00
1.926471048237979877e-01,0.000000000000000000e+00,2.478745751246713147e-01
1.920093356658863493e-01,8.842658416375028807e-01,1.000000000000000000e+00
4.753028986120707566e-01,9.881425742463714190e-01,0.000000000000000000e+00
3.946485257040827643e-01,0.000000000000000000e+00,4.777220909701916929e-01
2.207995252980099188e-01,2.243848183754893200e-01,1.000000000000000000e+00
3.659985590310044223e-01,4.308448110966209832e-01,1.000000000000000000e+00
1.000000000000000000e+00,9.037768136348458548e-01,4.314241276997976549e-02
7.760398751052138833e-01,4.551636319626803928e-01,1.000000000000000000e+00
3.794335275078034586e-01,8.495939954007476480e-01,0.000000000000000000e+00
5.886119398548631532e-01,0.000000000000000000e+00,2.767639670770462024e-01
0.000000000000000000e+00,6.859043005192577702e-01,5.378391174650757334e-01
2.220574940933141561e-01,3.677804183399405735e-01,1.000000000000000000e+00
2.928723357529047777e-01,1.000000000000000000e+00,9.912874085115985778e-01
0.000000000000000000e+00,5.203651311968290338e-01,3.189935596945193685e-01
1.000000000000000000e+00,5.789827468598376381e-01,3.619022410719874294e-03
0.000000000000000000e+00,9.813409484864140664e-01,8.383404545299991684e-01
1.000000000000000000e+00,5.658079092665673215e-01,1.403731994973329011e-01
1.000803264899911005e-01,4.373104573457947675e-01,0.000000000000000000e+00
1.000000000000000000e+00,2.954896405108567436e-01,1.699766617549614001e-02
0.000000000000000000e+00,1.508429799980369468e-01,5.000571766423288489e-01
3.025838990018425712e-02,1.000000000000000000e+00,9.639791836637527922e-01
1.278107828782372724e-01,2.891235279077652987e-02,1.000000000000000000e+00
1.000000000000000000e+00,9.065034845971127186e-01,9.493170763300018411e-01
4.670117784355448110e-01,6.884557008923796184e-01,0.000000000000000000e+00
5.551115123125782702e-17,8.627468865990162161e-01,2.628639828514076626e-01
3.285511169546758148e-01,1.000000000000000000e+00,3.444876560745336325e-01
9.899815847304209715e-01,3.651772915820632459e-01,0.000000000000000000e+00
1.260082693801010678e-01,3.554447698440569847e-01,0.000000000000000000e+00
1.000000000000000000e+00,2.986870229889132533e-02,2.395257117126005086e-01
3.819839669915742753e-01,4.202874678776217232e-01,0.000000000000000000e+00
1.000000000000000000e+00,9.635200953901378318e-01,6.043020337375417661e-01
8.384784779090412865e-01,7.016248111730679637e-01,1.000000000000000000e+00
5.031615000142877214e-01,5.203819651153728243e-01,0.000000000000000000e+00
5.733298607942588498e-02,1.440397483179015614e-01,1.000000000000000000e+00
1.412910709047798807e-01,1.000000000000000000e+00,9.891884725017174862e-01
1.000000000000000000e+00,7.823324797514041862e-02,2.679158807700321998e-01
2.886597995593574439e-01,0.000000000000000000e+00,7.927369020667118793e-02
6.758245311149433387e-01,1.000000000000000000e+00,3.270984402672971747e-01
0.000000000000000000e+00,7.320107539777256367e-01,8.996339415017082786e-01
1.000000000000000000e+00,2.777733481471477139e-01,6.314679984072040231e-01
1.000000000000000000e+00,1.348189719845169776e-01,7.345495848131677885e-01
5.551115123125782702e-17,8.216360422436820299e-01,8.006639700197422105e-01
5.551115123125782702e-17,3.843557011556577585e-01,5.428085217335978374e-01
6.458064894403230394e-01,1.000000000000000000e+00,8.897927234474338754e-01
7.787236420479304311e-02,1.000000000000000000e+00,4.842535679737484111e-01
1.000000000000000000e+00,2.183377684366743510e-01,3.056343590482092920e-01
6.032553929803858850e-01,3.173199383125816508e-01,1.000000000000000000e+00
6.312463912023855706e-01,4.021858217390665846e-01,0.000000000000000000e+00
8.808338228972640849e-01,5.551115123125782702e-17,4.020170722578109146e-01
0.000000000000000000e+00,2.774800580399756633e-01,2.616433214098884408e-01
1.160582485104627581e-01,0.000000000000000000e+00,1.878632884359070498e-01
2.368204488452692047e-01,1.484275411439722192e-01,0.000000000000000000e+00
1.372119522318481222e-01,1.000000000000000000e+00,5.422327762983417676e-01
9.385208505310829175e-01,1.469659942483708126e-01,1.000000000000000000e+00
0.000000000000000000e+00,9.690526162059343029e-02,3.640125363981236983e-01
2.750674167132732828e-01,0.000000000000000000e+00,8.949401223574762199e-01
7.397971802350367110e-02,8.181655892640586902e-01,1.000000000000000000e+00
7.373568167153575770e-01,6.922037393335023214e-01,1.000000000000000000e+00
0.000000000000000000e+00,6.346314545875836322e-01,7.698621037723629712e-01
5.551115123125782702e-17,6.940950183736342982e-01,2.879889257092843047e-01
6.723272936445006120e-01,1.533846136114835890e-01,1.000000000000000000e+00
4.886516102594005706e-01,9.392350975450186601e-01,1.000000000000000000e+00
8.642425406683035272e-01,0.000000000000000000e+00,8.303367776325601968e-01
3.109799230548743187e-01,8.504043182968381576e-01,0.000000000000000000e+00
9.692259072626259186e-01,2.583025360396217218e-01,0.000000000000000000e+00
5.631954730077293192e-01,0.000000000000000000e+00,3.708585612396994580e-01
5.440754356285204540e-01,7.021758343364408184e-01,0.000000000000000000e+00
1.000000000000000000e+00,1.562714350040439459e-02,1.569548071182088056e-01
1.000000000000000000e+00,8.665230800158961744e-01,4.851608213250270807e-01
6.691643789773444873e-01,9.323588301012819546e-01,0.000000000000000000e+00
7.453675889532225263e-01,6.643483500081385218e-01,1.000000000000000000e+00
7.725684380956305830e-01,0.000000000000000000e+00,9.075198428893518354e-01
0.000000000000000000e+00,9.490874463726395316e-01,6.458972389459707308e-01
1.000000000000000000e+00,5.255337610189314557e-02,5.773678469736249763e-01
9.270879484448638630e-01,1.000000000000000000e+00,4.150905360241684550e-01
1.000000000000000000e+00,5.602718314066640337e-01,1.668791036889678558e-01
1.336195824244001962e-01,1.000000000000000000e+00,8.530615573332436252e-01
3.882600999613425863e-01,1.000000000000000000e+00,4.042305215218933157e-02
1.648671669524240380e-01,0.000000000000000000e+00,1.206907855368752336e-01
1.000000000000000000e+00,7.377152314496193686e-02,5.406893463245630027e-01
0.000000000000000000e+00,2.421023247207201023e-01,2.567496821132619345e-01
2.161078923596234658e-01,8.502497454884263561e-01,0.000000000000000000e+00
9.506010275439438217e-01,3.225624372080014290e-01,0.000000000000000000e+00
0.000000000000000000e+00,1.605735743149487860e-01,5.028629455082307409e-01
2.425752635663025458e-03,8.742929962181451575e-01,0.000000000000000000e+00
6.926837653825512753e-01,1.185386692507274242e-01,1.000000000000000000e+00
7.806813561006529234e-01,2.865196694275993772e-01,1.000000000000000000e+00
5.375823259169477675e-01,4.521267064365470101e-01,1.000000000000000000e+00
9.661304879751595465e-01,1.000000000000000000e+00,2.838886427314872285e-01
7.175275703254491155e-02,0.000000000000000000e+00,3.155677920162064387e-01
1.433791505638200015e-01,3.625607333178225145e-01,0.000000000000000000e+00
8.760359835653479532e-01,2.816853464639635929e-01,1.000000000000000000e+00
9.607397216467383760e-01,6.409139706816763260e-01,1.000000000000000000e+00
5.706326377039132591e-01,1.000000000000000000e+00,5.880186255541494100e-01
9.795552609034599012e-01,9.503604054912908605e-01,1.000000000000000000e+00
1.492397993541627610e-02,1.000000000000000000e+00,5.858589575041278641e-01
1.220955720725009908e-01,1.464958126614960277e-01,1.000000000000000000e+00
8.959222486186622092e-01,0.000000000000000000e+00,5.680916993013614968e-01
3.763301662015244853e-01,8.766072738371575301e-01,1.000000000000000000e+00
1.000000000000000000e+00,3.688993456789826375e-01,5.285014266845016184e-01
1.000000000000000000e+00,6.985666374491299457e-01,8.782944478127301391e-01
1.114476085236938974e-01,9.478578251952862743e-03,0.000000000000000000e+00
1.000000000000000000e+00,5.709455089186551424e-01,5.253436059713275652e-01
6.190032590203424778e-01,0.000000000000000000e+00,6.101323762066731549e-01
2.815998983843438497e-01,5.088071332783378198e-01,1.000000000000000000e+00
0.000000000000000000e+00,4.957418611562864896e-01,1.150244717559553709e-01
1.000000000000000000e+00,1.019088809918423655e-01,6.604322041129002674e-01
9.369523262942344166e-01,4.735366497848891854e-02,1.000000000000000000e+00
9.261967821275343127e-01,1.000000000000000000e+00,6.758100237493822604e-01
1.000000000000000000e+00,7.060530968836318255e-01,3.643780859378390469e-01
0.000000000000000000e+00,4.691438901910301995e-01,2.721453408330070101e-01
4.165143949501587395e-01,4.132508312201399470e-01,1.000000000000000000e+00
2.984177856831866649e-01,0.000000000000000000e+00,2.709154656653175453e-01
1.000000000000000000e+00,2.028460768131766789e-01,1.938917237743681965e-01
1.000000000000000000e+00,1.486218246355978656e-01,1.722190862973895786e-01
0.000000000000000000e+00,4.216730480782829305e-01,9.825378646418128081e-01
1.000000000000000000e+00,6.437320315918887426e-01,8.273744029063940797e-01
1.000000000000000000e+00,8.469748013217006655e-01,7.081778866439456532e-01
0.000000000000000000e+00,3.136546353821387245e-01,6.411732441293136464e-01
6.934110887477351604e-01,4.986971394025568882e-01,0.000000000000000000e+00
1.191750990430818224e-01,4.003199371750787994e-01,0.000000000000000000e+00
0.000000000000000000e+00,4.398108181411075623e-02,4.531657524233768664e-01
4.457263608336398120e-02,1.000000000000000000e+00,7.614704920780113184e-01
3.599254766359637481e-01,5.699222753097350491e-01,1.000000000000000000e+00
0.000000000000000000e+00,1.765705468710875858e-01,7.793931756237597597e-01
8.678469639647606870e-01,8.405129901991054142e-01,0.000000000000000000e+00
4.766383171516914152e-01,7.610645702228973075e-01,1.000000000000000000e+00
6.593406928754131924e-01,5.925436743336311984e-01,1.000000000000000000e+00
3.024921535419184959e-01,6.030410811001337690e-01,0.000000000000000000e+00
2.355660261838604663e-02,0.000000000000000000e+00,6.507909328193108855e-01
6.799231788204933569e-01,6.181048605608455704e-01,1.000000000000000000e+00
2.934656638223272496e-01,5.551115123125782702e-17,4.701477364715361817e-01
7.470035626706834631e-01,3.769162037041631219e-01,5.551115123125782702e-17
6.153094384493540403e-02,0.000000000000000000e+00,2.436598060787124875e-01
3.006465995391782720e-03,7.136976391426141930e-01,0.000000000000000000e+00
1.000000000000000000e+00,3.395028382529927113e-01,1.719725323663732208e-01
5.001100103810619535e-01,8.199052103464508079e-01,1.000000000000000000e+00
6.127537747068650953e-01,1.000000000000000000e+00,8.652228129861313510e-01
3.141879619558007875e-02,1.000000000000000000e+00,7.153936876850129911e-01
1.000000000000000000e+00,1.847288233846193228e-01,4.143650557138676693e-01
1.000000000000000000e+00,9.457145104811099934e-01,2.815726180265101242e-01
5.547015343790553388e-01,8.649596798354364235e-02,5.551115123125782702e-17
2.731164175412541528e-01,0.000000000000000000e+00,3.137599232008451144e-01
8.198588549980865281e-01,1.000000000000000000e+00,6.406531654698217615e-01
9.797383970425982413e-02,0.000000000000000000e+00,6.284167683307062546e-02
7.325368657462194566e-02,2.964597001170435897e-01,0.000000000000000000e+00
7.980192301171955549e-01,1.000000000000000000e+00,1.870255872558270194e-01
4.187190459567408651e-01,1.000000000000000000e+00,7.631622697708930758e-01
5.958202526716881442e-01,7.220686742311042128e-01,0.000000000000000000e+00
0.000000000000000000e+00,8.839960276756857471e-01,5.185969006917396928e-01
0.000000000000000000e+00,3.362214129664847784e-01,6.527556450410715305e-02
0.000000000000000000e+00,4.720616681768575185e-01,2.121058543338739666e-01
0.000000000000000000e+00,4.152548260898328292e-01,8.482890166391521269e-01
0.000000000000000000e+00,7.688436327921341906e-01,4.435416754703701558e-01
3.791186061160637943e-01,3.802190066257630785e-01,0.000000000000000000e+00
9.757428677280728380e-01,1.661633108503842715e-01,1.000000000000000000e+00
2.401545616029922836e-01,1.000000000000000000e+00,2.752652274158745582e-01
1.241615861767131346e-02,5.551115123125782702e-17,2.954953020918237860e-01
1.068717180623643404e-01,1.000000000000000000e+00,6.509102694374684361e-01
1.000000000000000000e+00,4.797202329846622648e-01,6.444049226100967420e-02
5.412661630589860051e-02,2.714208727325749804e-01,0.000000000000000000e+00
5.600312669981506453e-01,1.803928894432398344e-01,0.000000000000000000e+00
6.057710831572475918e-01,3.819732521918957624e-01,0.000000000000000000e+00
1.000000000000000000e+00,7.133207516084184574e-01,5.812605353951780796e-01
9.536948965426517155e-02,0.000000000000000000e+00,4.479730299108231062e-01
1.000000000000000000e+00,2.060602824401084332e-01,6.632126629697054909e-01
1.959404959544662761e-01,1.000000000000000000e+00,8.190733372110060584e-01
4.669172454777874570e-01,0.000000000000000000e+00,5.623910721960534431e-01
1.494074540895015679e-01,7.808400191822796321e-01,0.000000000000000000e+00
5.953211540637387555e-01,6.123609888820358282e-01,0.000000000000000000e+00
3.088664721914538558e-01,1.000000000000000000e+00,9.526109997421757791e-01
1.000000000000000000e+00,8.195996140497670002e-01,7.773489879555828264e-01
1.000000000000000000e+00,2.222244969931584380e-01,5.896293658780655811e-01
0.000000000000000000e+00,2.221220909238823538e-01,2.991440006884439340e-01
9.931412628496447681e-01,6.013969606381179833e-01,1.000000000000000000e+00
9.687888578228953662e-01,6.464528768100774592e-01,1.000000000000000000e+00
