5.838668850941248767e-01,1.000000000000000000e+00,1.628215360239070875e-01
7.530811130047738722e-01,1.000000000000000000e+00,5.477103519864975345e-01
3.335180665930246868e-01,0.000000000000000000e+00,9.060262551226119232e-01
1.000000000000000000e+00,3.871710929179628113e-02,1.038254004754616266e-01
4.740315002132451938e-01,1.000000000000000000e+00,1.360281566379184515e-01
8.212658758351409904e-02,0.000000000000000000e+00,3.212365440622455548e-02
8.387501948668147911e-01,9.540703703569182181e-01,1.000000000000000000e+00
5.335992362185454363e-01,2.036307451660333001e-01,0.000000000000000000e+00
3.669441884721347247e-03,4.021396682646594112e-02,0.000000000000000000e+00
5.086640397073964870e-01,0.000000000000000000e+00,9.797552670837952338e-01
9.541031411998794898e-01,1.000000000000000000e+00,1.249001679124319142e-01
5.730170707435392474e-01,9.974120738903065053e-01,1.000000000000000000e+00
5.551115123125782702e-17,8.751041500368611503e-01,4.603022128803871960e-01
0.000000000000000000e+00,3.707533490947784172e-01,6.748998378518930030e-01
1.000000000000000000e+00,6.976559008553814278e-01,3.093187090645084236e-01
4.770013822224009048e-01,0.000000000000000000e+00,7.322316658716476745e-01
4.840821028884098598e-01,9.318057330373628044e-01,1.000000000000000000e+00
3.727720017258606133e-01,3.308792407624573939e-01,0.000000000000000000e+00
1.000000000000000000e+00,5.028687084150937903e-01,2.178271501383069464e-01
6.119154436662118668e-01,1.000000000000000000e+00,4.703186435564546408e-01
2.947373494283683226e-01,1.554123775131024954e-01,0.000000000000000000e+00
9.176790635954759079e-01,2.716167036175253791e-01,5.551115123125782702e-17
7.650161605465850556e-01,5.071311286674402563e-01,5.551115123125782702e-17
5.845131801957416107e-01,5.533373609325802356e-01,1.000000000000000000e+00
3.440645126794009134e-01,0.000000000000000000e+00,8.670994359032248022e-01
1.000000000000000000e+00,8.149706391092548241e-02,6.809542781131576739e-01
1.000000000000000000e+00,5.561865909361605187e-01,5.909498983324406041e-01
9.581344660148410908e-02,0.000000000000000000e+00,7.602327729678088897e-01
0.000000000000000000e+00,3.204146876969741209e-01,3.481410101442840022e-01
0.000000000000000000e+00,1.211743225241060928e-01,9.618429286738743311e-01
1.000000000000000000e+00,9.112426681493119851e-01,6.127443719864147376e-01
0.000000000000000000e+00,5.605782980716950137e-02,8.184203256921627201e-01
8.065088850262284170e-01,8.878125988568434934e-01,1.000000000000000000e+00
2.656179076972669528e-01,5.972656471545352286e-01,0.000000000000000000e+00
2.624487113268259009e-01,1.778969751229845797e-01,1.000000000000000000e+00
7.779754492467935156e-01,1.000000000000000000e+00,8.438316281075051162e-01
2.755619441187862062e-01,2.548743340290964277e-01,0.000000000000000000e+00
6.277057730093125176e-01,5.551115123125782702e-17,2.743917385098303408e-01
3.677450375130041360e-01,7.146606914610899031e-01,0.000000000000000000e+00
6.798594982959277333e-02,3.792605043848275015e-01,1.000000000000000000e+00
6.305723384428399969e-01,1.095363106077754667e-01,1.000000000000000000e+00
1.507692777278638041e-01,0.000000000000000000e+00,8.402413816518888856e-01
6.623265627105059394e-01,3.783621746590787316e-02,1.000000000000000000e+00
8.960133542334594026e-01,1.000000000000000000e+00,2.968442551700433696e-01
2.393368149945859225e-01,0.000000000000000000e+00,6.865699295456400009e-01
1.000000000000000000e+00,1.160844984382969347e-01,5.613706555500033168e-01
2.902911140125012945e-01,2.094903412055704184e-03,0.000000000000000000e+00
2.059464675381654231e-01,5.304995549872956184e-01,1.000000000000000000e+00
5.332763204930723866e-02,9.399527764470709812e-01,1.000000000000000000e+00
9.653583121394823108e-01,0.000000000000000000e+00,5.386262095468983269e-01
5.810354618827100470e-01,9.585456959140286060e-01,1.000000000000000000e+00
2.001345249547750171e-01,5.797816380021298954e-01,1.000000000000000000e+00
9.189531502831424503e-02,1.000000000000000000e+00,8.986559962894369313e-01
0.000000000000000000e+00,1.090918814773654821e-01,3.448717297996822251e-01
9.632968670577213288e-01,9.269913271263341414e-02,0.000000000000000000e+00
1.000000000000000000e+00,4.109322530258314732e-01,7.846418092360544216e-01
3.472276179476466718e-01,0.000000000000000000e+00,3.936097451619430809e-01
8.790651047970943210e-01,9.006276906402812532e-01,1.000000000000000000e+00
2.012035913914727581e-01,8.001642699704878403e-01,1.000000000000000000e+00
1.070410894645681399e-01,5.551115123125782702e-17,5.442030044106198616e-01
5.633363150775971828e-01,1.000000000000000000e+00,3.389927822604267282e-01
0.000000000000000000e+00,7.867714123467068887e-01,4.429031099742162247e-01
0.000000000000000000e+00,5.610411108754400633e-01,5.076795509134107709e-01
4.005885523228956968e-01,3.729554871799621862e-01,1.000000000000000000e+00
3.073139878862459762e-01,0.000000000000000000e+00,7.068415133421004359e-01
8.851526140244286855e-01,0.000000000000000000e+00,6.297605371537926544e-01
5.408106842236327649e-01,1.000000000000000000e+00,6.678238047440490099e-01
0.000000000000000000e+00,3.177034579694324457e-01,4.571637304743465524e-01
5.666375294388803496e-01,1.000000000000000000e+00,4.389480595076520886e-01
0.000000000000000000e+00,6.636914408720723246e-01,5.537483831082984365e-02
1.000000000000000000e+00,1.002545114039529728e-01,3.913087192373276846e-01
4.389703229827076614e-01,0.000000000000000000e+00,6.393551612149973584e-01
9.157444525651092793e-01,0.000000000000000000e+00,5.904200491480450230e-01
2.803408067651053104e-02,7.289609464576597420e-01,0.000000000000000000e+00
5.166979763711205820e-01,0.000000000000000000e+00,3.282259725213387824e-02
6.687580218561881562e-01,8.844024377684450711e-01,1.000000000000000000e+00
6.995527368868312834e-01,1.000000000000000000e+00,8.726992296613880207e-01
7.269659632173930408e-01,0.000000000000000000e+00,7.613365109060650227e-01
5.551115123125782702e-17,5.921907792040733698e-01,2.914824106174372376e-01
0.000000000000000000e+00,1.590107596507451260e-01,5.684601318927315905e-01
5.916779116900583446e-02,9.824927772118978719e-01,0.000000000000000000e+00
1.000000000000000000e+00,3.984892177524634316e-01,2.197141599599443107e-01
9.996556165160519480e-01,0.000000000000000000e+00,2.392891488657067356e-02
7.230082595309323956e-01,0.000000000000000000e+00,4.782566086335675037e-01
7.564835792486823696e-01,0.000000000000000000e+00,5.665142895242922805e-01
2.563784432692246540e-01,8.694923025131273686e-01,1.000000000000000000e+00
2.906552635045811517e-02,6.244466924042059164e-01,0.000000000000000000e+00
4.805913741053804422e-01,0.000000000000000000e+00,2.749405876616299871e-01
0.000000000000000000e+00,1.361421541961571613e-01,4.919465006523328077e-01
1.000000000000000000e+00,1.457717137826983200e-01,7.053136349969144625e-01
1.845384874386147289e-01,5.551115123125782702e-17,5.573372822497485446e-01
0.000000000000000000e+00,5.329801033396113219e-01,9.993756661211861125e-02
8.115540419635680625e-02,0.000000000000000000e+00,4.006830120700118902e-01
2.337152108222094460e-01,1.459163297541579141e-01,0.000000000000000000e+00
4.233347172246526569e-01,5.651597352210874226e-01,5.551115123125782702e-17
3.732307676663529361e-01,1.000000000000000000e+00,5.711720979161353240e-01
2.451791853586731129e-01,7.128238584977435455e-01,1.000000000000000000e+00
0.000000000000000000e+00,9.840165307028472252e-01,6.067050497290906730e-01
2.502930875674391764e-02,6.573328877118078672e-01,5.551115123125782702e-17
8.572420983501762848e-01,0.000000000000000000e+00,1.923296802349825918e-01
4.637272107603635507e-01,3.605678164252258400e-01,1.000000000000000000e+00
8.698258665010660806e-01,1.000000000000000000e+00,2.557514897952366528e-01
0.000000000000000000e+00,7.732696835450072470e-01,1.708486016405297292e-02
9.042179035209820803e-01,9.750784097105174020e-01,0.000000000000000000e+00
7.112876392433937767e-01,6.048334865548242734e-01,1.000000000000000000e+00
5.463023700435554186e-01,0.000000000000000000e+00,6.687731759268431553e-01
7.821676594511917102e-01,1.000000000000000000e+00,6.042702823533990797e-01
5.879354487070164170e-01,9.102014413776334800e-01,1.000000000000000000e+00
3.309966789106990603e-01,7.550515842102223374e-01,0.000000000000000000e+00
5.551115123125782702e-17,8.474327146794570220e-01,7.967685054662698718e-01
1.000000000000000000e+00,3.522699760424155002e-01,5.331070681749731088e-01
2.168999330112375556e-01,4.898593956323981646e-01,0.000000000000000000e+00
0.000000000000000000e+00,3.954956537225103874e-01,9.039196071137274302e-01
2.321060490713684477e-01,1.000000000000000000e+00,9.780825445673544394e-01
6.446768484678678801e-01,3.464775245218240096e-01,0.000000000000000000e+00
0.000000000000000000e+00,3.397297291813718423e-01,7.345053404186883128e-01
1.000000000000000000e+00,4.573344386838454900e-01,3.508957460463291156e-02
0.000000000000000000e+00,8.511693477199826496e-01,7.438886017905382841e-01
5.370048575851604777e-02,0.000000000000000000e+00,8.881369089938062622e-01
5.728644232877128095e-01,2.203025241233963483e-02,1.000000000000000000e+00
1.421195748695924799e-02,1.000000000000000000e+00,1.972189058446829901e-01
6.020273525534357573e-01,2.701339099118732490e-01,1.000000000000000000e+00
0.000000000000000000e+00,4.962225506521928398e-01,8.619222095401282147e-01
1.000000000000000000e+00,3.058107743983546900e-01,2.912616906582872756e-01
3.975143985284307901e-01,1.000000000000000000e+00,8.769074842363058231e-01
0.000000000000000000e+00,2.526838838757577976e-01,3.845215876747076766e-01
4.233774437199219753e-01,5.034385084643886454e-01,0.000000000000000000e+00
1.000000000000000000e+00,3.631646018296679213e-01,1.997754867374604282e-01
1.000000000000000000e+00,3.617425622392550499e-02,8.339461952008015988e-01
1.000000000000000000e+00,2.143555753169768818e-01,7.625310792302724128e-01
4.826947752629579536e-01,1.000000000000000000e+00,3.328540250003352297e-01
8.401151911698999664e-01,0.000000000000000000e+00,6.287153279857830013e-01
1.293353059840501862e-01,1.000000000000000000e+00,3.680086711391832299e-01
1.282354077430521433e-01,0.000000000000000000e+00,2.880316668483574039e-01
2.878611462903155060e-01,1.000000000000000000e+00,8.953646917644748626e-01
0.000000000000000000e+00,8.771570494195291001e-01,2.100659475541103993e-01
0.000000000000000000e+00,2.798269029641567984e-01,7.511985994459251526e-01
4.708985453584718095e-01,3.192310470100978015e-01,1.000000000000000000e+00
1.000000000000000000e+00,8.517134873445048049e-02,3.806031959841106871e-01
6.082127132525079194e-01,8.668031952415718999e-01,1.000000000000000000e+00
9.157272666528184502e-01,7.612209212156366700e-01,2.775557561562891351e-17
1.982426775456487544e-01,1.164743705959357944e-01,0.000000000000000000e+00
8.564035289997007361e-01,0.000000000000000000e+00,7.600430517012527476e-01
0.000000000000000000e+00,4.877640297640262190e-03,1.067207366473417185e-01
9.789776691274675313e-01,1.000000000000000000e+00,3.524373456214591749e-01
8.124289891674334463e-01,1.000000000000000000e+00,5.763236451241398051e-01
1.457671126844671261e-01,0.000000000000000000e+00,2.300667799057957708e-01
1.000000000000000000e+00,4.774773214220923157e-02,7.989930144372020537e-01
1.000000000000000000e+00,6.732712155322737591e-01,7.786509475086155208e-01
0.000000000000000000e+00,6.261433272507657133e-01,8.343817063629758168e-01
9.627740786773377746e-01,1.000000000000000000e+00,4.460755329586530427e-01
7.482989496697735055e-01,9.327824512932583190e-01,0.000000000000000000e+00
8.627335508803755104e-01,0.000000000000000000e+00,2.661156078520623969e-01
8.139064401139926019e-01,0.000000000000000000e+00,2.996005968436810107e-02
1.212266913712457539e-01,2.604051694990261456e-02,1.000000000000000000e+00
1.918222361095118234e-01,4.530667660002084540e-01,1.000000000000000000e+00
1.000000000000000000e+00,1.423441164210035303e-01,8.409428646332952617e-01
6.781450688797444615e-01,1.000000000000000000e+00,9.374604644785111685e-01
7.990297816201291647e-01,8.520250598673428932e-01,0.000000000000000000e+00
8.950650072090688969e-01,1.000000000000000000e+00,6.881672248947457993e-01
0.000000000000000000e+00,8.153801846305804846e-01,5.316434960077955907e-01
5.543541965150164952e-01,1.000000000000000000e+00,2.604062260560779385e-01
3.241924616903484324e-01,1.000000000000000000e+00,5.344594200753750579e-01
8.372630040512876182e-01,1.801045098866349004e-01,1.000000000000000000e+00
0.000000000000000000e+00,7.623870946950184191e-01,5.519619002826264831e-02
1.000000000000000000e+00,3.134400248637656539e-01,3.156753081214397905e-01
8.505638360941636389e-01,0.000000000000000000e+00,7.298276059497300627e-01
5.624808581136118146e-01,7.900971498285361827e-01,1.000000000000000000e+00
7.201790368554656929e-01,1.000000000000000000e+00,4.088120272060478122e-01
3.021718069168385368e-01,1.000000000000000000e+00,1.390099829940288356e-01
0.000000000000000000e+00,7.259754301448058111e-01,3.682852627261789524e-01
0.000000000000000000e+00,1.150609403869493619e-01,6.562137209953832206e-01
3.344443003155528338e-01,1.000000000000000000e+00,1.133118111469851863e-01
6.164399225494134882e-01,2.262463872786007746e-01,1.000000000000000000e+00
4.741160585508690795e-01,0.000000000000000000e+00,4.448085456020234307e-02
2.767534724617922715e-01,9.569535274892863042e-01,1.000000000000000000e+00
1.000000000000000000e+00,3.855021435461485346e-01,8.413697771609044418e-01
6.234787627852763636e-01,2.973542140427367086e-01,1.000000000000000000e+00
9.660738602746142822e-01,8.450425615606993457e-01,0.000000000000000000e+00
9.751672150504964165e-02,0.000000000000000000e+00,2.610605667065971081e-01
1.000000000000000000e+00,1.596543478960145701e-01,4.944389264838486842e-01
0.000000000000000000e+00,5.784974565367038135e-01,3.755368949099989195e-01
1.000000000000000000e+00,7.976983230278904546e-01,5.269312109722906756e-01
9.009456291523625371e-01,1.000000000000000000e+00,6.824105775222265580e-01
1.965945893465189664e-01,4.038475972034779593e-01,0.000000000000000000e+00
9.924815279738701257e-01,2.511850713608125840e-01,0.000000000000000000e+00
1.000000000000000000e+00,1.712231460802259853e-01,8.328123422160754741e-02
1.000000000000000000e+00,9.093614459065377797e-01,7.255437971685763099e-01
1.000000000000000000e+00,6.331203610394837700e-01,2.576848560851554559e-01
0.000000000000000000e+00,7.367153016186958059e-01,8.501511495573365051e-01
1.092892158970685812e-01,1.000000000000000000e+00,3.756089276552347367e-01
8.049463125258948804e-01,0.000000000000000000e+00,2.680823000459764960e-01
4.089646793184145146e-01,0.000000000000000000e+00,3.390990746213123352e-01
5.551115123125782702e-17,8.590616748916628520e-01,6.619606906054067430e-01
8.931859737547021005e-02,9.865719035431513850e-02,0.000000000000000000e+00
9.682493213349169237e-01,1.000000000000000000e+00,4.872636517800449374e-01
6.531076474866932546e-01,0.000000000000000000e+00,5.873547158474013985e-01
4.522920964909355468e-01,6.591024736152577557e-01,0.000000000000000000e+00
9.210793641698628020e-02,0.000000000000000000e+00,6.012198692067320938e-01
8.547838397776114094e-01,1.000000000000000000e+00,4.741231488785168646e-01
1.831280730619039843e-01,4.623377633733540826e-01,1.000000000000000000e+00
9.463224167655032160e-01,1.966463593944461075e-01,1.000000000000000000e+00
0.000000000000000000e+00,6.498599025229419013e-01,5.352403329224332262e-01
7.592470151288737146e-01,7.043733608492550591e-01,1.000000000000000000e+00
0.000000000000000000e+00,2.240504254061306821e-01,4.215204419447676765e-02
9.233472139926113265e-01,0.000000000000000000e+00,3.800612778143619419e-01
0.000000000000000000e+00,3.145846254207914638e-01,4.708490205854039545e-01
0.000000000000000000e+00,1.006939806013385508e-01,8.913141931149157760e-01
0.000000000000000000e+00,2.605066576762871122e-01,3.997624314394097600e-01
5.383795856996441698e-01,7.059236616893638239e-01,1.000000000000000000e+00
4.358236890166146127e-01,0.000000000000000000e+00,7.650385052389149232e-01
0.000000000000000000e+00,7.229787335044265406e-01,3.595462907259432406e-01
2.124941425743660517e-01,4.339889547098537137e-01,1.000000000000000000e+00
7.562980070019439394e-01,1.554389381254144831e-01,0.000000000000000000e+00
0.000000000000000000e+00,4.222103444719376153e-01,7.035252957894200243e-01
2.813610186258473922e-01,0.000000000000000000e+00,9.854812577078501112e-01
9.322693638532211224e-01,0.000000000000000000e+00,9.937625981564059963e-01
7.078664062059890627e-01,5.745128608143212912e-01,1.000000000000000000e+00
4.132294039033079236e-01,5.599565605167156068e-02,1.000000000000000000e+00
0.000000000000000000e+00,6.165913385272566716e-01,6.053180502640551630e-01
7.617969500672971961e-01,0.000000000000000000e+00,2.329800758754771994e-01
8.753871601889235965e-01,2.575922706141613450e-01,0.000000000000000000e+00
6.153223551691850979e-01,1.000000000000000000e+00,1.636291134189961638e-01
0.000000000000000000e+00,1.002932052378844308e-01,2.113828723782468222e-02
1.000000000000000000e+00,4.808645980129544473e-02,5.054054593961339048e-01
5.202930321174437100e-01,9.128021498939395961e-01,1.000000000000000000e+00
9.585791538597044914e-01,0.000000000000000000e+00,8.421954971775618137e-01
2.347572361518825979e-01,1.000000000000000000e+00,5.122633875070192744e-01
2.801895074743693259e-02,0.000000000000000000e+00,3.128233768233891210e-01
0.000000000000000000e+00,5.011157211337169404e-01,6.803296506836192803e-01
6.699983790387600280e-01,1.978676059198101744e-01,0.000000000000000000e+00
7.673843363807101303e-01,6.899240355496027988e-01,0.000000000000000000e+00
7.617439163698809246e-01,8.096125580572273162e-01,1.000000000000000000e+00
3.683285521933870599e-01,1.000000000000000000e+00,6.145098072596985039e-01
1.000000000000000000e+00,8.154545628327347639e-01,4.154142706104675953e-01
8.714116942845739899e-01,1.000000000000000000e+00,9.423743657392308348e-02
1.585125128806623707e-01,6.985091310379720753e-02,1.000000000000000000e+00
4.759402809428175951e-02,0.000000000000000000e+00,8.676285825425156251e-01
4.763084661471488346e-01,4.483536402475405969e-01,0.000000000000000000e+00
8.151920164834506322e-01,1.000000000000000000e+00,5.996155160162972564e-01
5.071490679315616701e-01,7.525526710824874677e-01,0.000000000000000000e+00
6.506265903240691095e-01,1.486529479359632866e-01,0.000000000000000000e+00
9.633347097618094601e-01,0.000000000000000000e+00,1.712485216896613149e-01
1.000000000000000000e+00,4.225366159545768108e-02,3.262652792306181548e-01
8.350645972647123827e-01,6.619429144856332492e-01,0.000000000000000000e+00
3.117713888015845036e-01,2.913647170496442285e-01,0.000000000000000000e+00
0.000000000000000000e+00,8.286441448220673855e-01,4.960445535444421572e-01
8.935616585155200520e-01,1.242263380603117473e-01,0.000000000000000000e+00
1.000000000000000000e+00,3.140221182196197280e-01,2.792635748097754833e-02
4.795032082298298359e-01,5.551115123125782702e-17,8.486343968022450612e-01
1.000000000000000000e+00,9.103560066869598177e-01,1.957385709456160583e-01
3.469763069272744360e-01,4.943783883225126852e-01,1.000000000000000000e+00
1.000000000000000000e+00,6.182628839851164182e-01,1.213828263991679202e-01
3.831436345984585712e-01,1.000000000000000000e+00,7.317722855331441068e-01
1.173867903949187275e-01,3.518145945016772913e-01,0.000000000000000000e+00
3.591678662174457859e-02,6.224610722980123967e-01,1.000000000000000000e+00
9.065142566599839746e-01,0.000000000000000000e+00,6.786369212164572451e-02
4.715412128453465579e-01,1.000000000000000000e+00,4.676015861163657084e-01
1.668393164819518826e-01,5.551115123125782702e-17,8.902270140671469933e-02
5.559383313648653679e-01,4.679581305787270940e-01,0.000000000000000000e+00
2.787581065060064645e-01,1.000000000000000000e+00,5.867318726611447932e-01
5.100653657805208629e-01,3.394035608258093584e-01,0.000000000000000000e+00
0.000000000000000000e+00,5.412629646217832491e-01,8.075835540607547713e-01
7.078267183906243876e-01,4.489572978854384777e-01,1.000000000000000000e+00
0.000000000000000000e+00,4.464213207732156130e-01,2.184920021298366599e-01
5.629844784046882378e-01,5.260715464807619313e-01,0.000000000000000000e+00
1.825796187205208365e-01,1.000000000000000000e+00,6.226815138397837623e-01
0.000000000000000000e+00,6.372508964057171932e-02,7.621152601162511919e-01
1.000000000000000000e+00,3.863256669344892202e-01,6.456472924459185636e-01
6.306146588410048714e-01,6.852534727203827281e-01,1.000000000000000000e+00
2.514532311723379765e-01,0.000000000000000000e+00,2.111173197820635783e-01
0.000000000000000000e+00,8.298991439006029314e-01,5.033549534188332952e-01
1.707354401203121652e-01,4.051859551401819637e-01,1.000000000000000000e+00
1.000000000000000000e+00,4.532327128308714648e-01,6.089145672031792689e-02
3.704792665061817369e-01,0.000000000000000000e+00,8.636278969401940397e-01
8.432563401422046301e-01,0.000000000000000000e+00,7.149035330016959566e-01
1.000000000000000000e+00,3.970795358318514601e-01,9.884776479617327638e-01
1.000000000000000000e+00,7.343018588373353417e-01,8.314394142904392160e-01
2.518200211414456935e-01,0.000000000000000000e+00,7.909022679986431603e-01
9.177075098607142545e-01,0.000000000000000000e+00,3.248412210040469428e-01
3.103918664035387187e-01,1.847826018482939814e-01,1.000000000000000000e+00
1.000000000000000000e+00,5.484524921161632038e-01,8.717890455167937036e-02
8.480117035168314166e-01,1.000000000000000000e+00,5.445629877192250667e-01
7.888636066004621750e-01,0.000000000000000000e+00,6.198438531003873653e-01
7.143471737146132039e-01,4.908470991619209856e-01,5.551115123125782702e-17
1.000000000000000000e+00,1.260253494056906565e-02,4.928903655601690192e-01
2.497413249454639994e-01,0.000000000000000000e+00,2.306780184823581381e-01
2.435593059763410118e-01,0.000000000000000000e+00,2.894476008543031553e-01
9.299441551445288834e-01,1.000000000000000000e+00,5.198256193580672591e-01
7.633288858129856358e-01,0.000000000000000000e+00,4.311676949764191580e-01
4.112790192974069559e-02,0.000000000000000000e+00,9.000185167557965826e-01
6.106901057524171117e-01,0.000000000000000000e+00,2.416937405147765727e-01
0.000000000000000000e+00,6.854569369325919093e-01,5.111927056917087153e-01
3.736159046948645535e-01,3.088920019958416030e-01,1.000000000000000000e+00
8.590020933236719447e-01,2.005135724468126712e-01,1.000000000000000000e+00
0.000000000000000000e+00,7.402547245996887737e-01,1.483086579559827756e-01
3.994162135851185291e-01,6.072430093598685241e-02,0.000000000000000000e+00
8.162825372630445608e-01,0.000000000000000000e+00,3.784451601742485627e-01
1.000000000000000000e+00,5.246437614754955181e-01,1.161449837452477318e-03
1.000000000000000000e+00,3.142108254284615709e-01,7.141913695559927167e-01
4.481703630659388815e-01,0.000000000000000000e+00,5.267252221488716302e-01
7.429037310552364382e-01,7.724827373999332281e-01,5.551115123125782702e-17
5.421486656038656538e-01,0.000000000000000000e+00,4.243273978518002365e-01
1.000000000000000000e+00,6.215733540434731363e-01,7.815257418980645632e-01
5.699163743598588683e-01,1.000000000000000000e+00,7.825454102839947135e-01
8.266073968681060258e-01,9.613069574583521515e-03,0.000000000000000000e+00
1.000000000000000000e+00,8.904844721562343857e-01,3.355661146768128544e-01
0.000000000000000000e+00,6.920093228432868671e-01,3.376576474528072969e-01
5.499565665646427570e-01,0.000000000000000000e+00,9.691926742457404043e-01
9.219140772244340809e-01,1.000000000000000000e+00,7.964508965036956045e-01
0.000000000000000000e+00,3.609110360223102276e-01,4.169335500205079703e-01
1.000000000000000000e+00,6.164154791185149085e-01,7.719229804701166486e-01
5.455187567612049815e-01,8.290555037260346483e-01,5.551115123125782702e-17
5.841089882828556235e-01,5.161276843944487824e-01,0.000000000000000000e+00
0.000000000000000000e+00,8.745967503772165141e-01,4.278766767131056969e-01
1.000000000000000000e+00,1.926097105480506499e-01,7.644154303523823524e-01
8.606332288160953858e-01,2.264208226320403583e-01,0.000000000000000000e+00
9.139721928734323431e-01,8.556747690816111085e-01,1.000000000000000000e+00
8.153466741493456960e-01,1.000000000000000000e+00,3.229949473471147026e-01
9.920894306658736284e-01,0.000000000000000000e+00,3.199017195306045891e-01
2.555667085726452958e-01,1.000000000000000000e+00,6.767479702529136110e-02
1.000000000000000000e+00,8.984312750273870662e-02,7.292723064248815001e-01
3.063020708884868215e-01,3.441175276800436111e-01,0.000000000000000000e+00
1.110331725982788287e-01,1.000000000000000000e+00,1.521987630445051365e-01
0.000000000000000000e+00,2.543664699787047678e-01,5.378840485813749517e-01
3.513091807725160498e-02,5.551115123125782702e-17,3.070758392253905011e-01
9.125057495267654417e-01,1.000000000000000000e+00,2.446093009189753698e-01
7.075499061533683243e-01,3.376982058075932991e-01,1.000000000000000000e+00
7.180859122707670128e-01,1.000000000000000000e+00,1.496351543151762109e-01
0.000000000000000000e+00,1.002331814174843849e-01,1.942127632031093731e-01
4.464869859677453312e-01,7.343256822699517627e-01,1.000000000000000000e+00
3.696869598194350015e-01,6.346285741785485657e-01,0.000000000000000000e+00
3.652296679207636676e-01,1.651020827809653313e-01,0.000000000000000000e+00
4.539218394485259322e-01,0.000000000000000000e+00,8.049396371167001352e-01
1.000000000000000000e+00,6.127832272658674251e-01,7.310585671003033692e-01
8.179002204000895837e-02,9.167228232805485488e-02,0.000000000000000000e+00
4.919314822162993428e-01,5.935738966176096199e-01,0.000000000000000000e+00
2.626951420502898760e-03,3.759165773798633370e-01,1.000000000000000000e+00
1.568038682106693282e-01,2.337809570036225582e-02,0.000000000000000000e+00
6.383541314958860458e-01,5.132882886285502488e-01,0.000000000000000000e+00
8.522145309032189697e-01,0.000000000000000000e+00,1.825666915502018595e-01
5.551115123125782702e-17,1.639696380708561829e-01,3.568602055153471952e-01
8.159835925732689121e-02,7.893468076426422009e-01,0.000000000000000000e+00
8.876367501702600027e-01,5.551115123125782702e-17,1.668822575401811004e-01
7.343606361755942169e-01,1.000000000000000000e+00,3.306381823251668961e-01
7.823943242098101436e-01,5.815095688650046002e-01,0.000000000000000000e+00
8.686890839610850179e-01,6.774762143540068449e-01,1.000000000000000000e+00
1.000000000000000000e+00,3.364218709739839053e-01,5.362030451321149194e-01
1.000000000000000000e+00,2.253595503575534509e-01,3.288720596118305250e-01
7.806635449025323137e-03,3.887147503895747036e-01,0.000000000000000000e+00
1.236480054503176218e-01,4.236037315471398168e-01,1.000000000000000000e+00
0.000000000000000000e+00,1.676713150528544305e-01,3.477335813538728337e-01
1.000000000000000000e+00,2.662695480612241594e-01,5.025034128498301333e-02
3.637909250012650308e-01,3.276428711531190197e-01,1.000000000000000000e+00
1.984424204156001736e-01,1.287336173501679726e-01,0.000000000000000000e+00
1.000000000000000000e+00,7.137308585287621687e-01,5.548393683630011841e-01
0.000000000000000000e+00,5.067326668305337511e-01,6.528910161933211276e-01
3.779638276382557005e-01,1.000000000000000000e+00,4.410358750082959967e-01
0.000000000000000000e+00,2.034529106355491002e-01,7.807104491119667977e-02
1.000000000000000000e+00,1.681318508415104995e-01,5.434221952974235270e-01
1.000000000000000000e+00,7.001664222159651452e-01,4.323178258679172270e-01
7.317211622721389030e-01,1.000000000000000000e+00,9.279422807753689995e-01
3.802503228407354552e-01,1.740875384864788433e-01,0.000000000000000000e+00
4.777207673322252934e-01,6.131679267453038484e-01,1.000000000000000000e+00
1.000000000000000000e+00,6.763324667051191508e-01,9.917022310514823635e-01
8.286868837773424534e-01,9.179288718902934852e-01,1.000000000000000000e+00
4.154038992051715118e-01,0.000000000000000000e+00,9.354495789131664907e-01
9.976255733531165237e-01,5.551115123125782702e-17,3.937427057864274493e-01
7.221445238242252262e-01,0.000000000000000000e+00,6.942047706334258939e-02
1.000000000000000000e+00,7.514575978161459613e-01,6.513973413388139955e-01
2.463092851181530873e-01,1.000000000000000000e+00,2.228807975929220087e-01
8.430740801693312747e-01,1.854184470851468203e-01,1.000000000000000000e+00
2.236033651536952771e-01,4.481752465504558747e-01,5.551115123125782702e-17
3.003181343934643865e-01,2.680962134337744329e-01,0.000000000000000000e+00
4.992448533568057956e-01,2.477939892570358849e-01,0.000000000000000000e+00
4.724829530573007030e-01,1.056275486122669749e-01,1.000000000000000000e+00
9.348031757927175445e-01,0.000000000000000000e+00,6.318970450594436628e-01
0.000000000000000000e+00,1.258503735825161618e-01,5.294913876352157489e-01
0.000000000000000000e+00,8.362788224309003482e-01,5.700329559551446934e-01
3.297038052966693722e-01,1.713430064764676075e-01,0.000000000000000000e+00
8.994641049875742311e-01,0.000000000000000000e+00,4.822072397246582875e-01
4.270587364065451808e-01,2.918034579803400197e-01,0.000000000000000000e+00
5.413547182226824406e-02,0.000000000000000000e+00,6.668912916921136969e-01
9.118574713138760668e-02,1.426640134334632437e-01,1.000000000000000000e+00
7.535488867723654227e-01,8.250816255007675792e-01,1.000000000000000000e+00
1.000000000000000000e+00,1.844386828187677962e-01,7.764940553353592012e-01
1.682639186744721571e-01,0.000000000000000000e+00,6.405049179857494890e-01
3.971315010342489904e-01,0.000000000000000000e+00,1.879049439259384557e-01
1.000000000000000000e+00,7.628011689790572536e-01,4.839683218572031764e-01
0.000000000000000000e+00,3.299426689405664526e-01,8.798886020695411148e-01
3.385130637137275245e-01,3.643379944320248587e-01,1.000000000000000000e+00
1.379145666798589631e-01,4.221653001945731010e-01,0.000000000000000000e+00
7.336019014810221672e-02,1.000000000000000000e+00,2.219101131222766532e-01
0.000000000000000000e+00,4.550974546974330681e-01,8.054214391808519613e-01
5.743765098379837175e-01,1.000000000000000000e+00,9.441498562189916122e-01
1.000000000000000000e+00,1.436208467186102511e-01,7.315814730549501377e-01
1.897901473256835558e-01,5.871220769118061789e-01,0.000000000000000000e+00
0.000000000000000000e+00,1.781187449699200842e-02,7.366805621973154805e-01
6.953331985543480531e-01,7.076770243932516413e-01,0.000000000000000000e+00
3.502211540711764326e-01,5.731936040367627827e-01,0.000000000000000000e+00
4.447757630767347203e-01,1.942117158201689953e-01,0.000000000000000000e+00
3.070569356502406144e-01,1.000000000000000000e+00,8.320814691705624710e-01
5.551115123125782702e-17,2.350610583897145833e-01,6.109104867702381814e-01
0.000000000000000000e+00,7.027535828834203802e-01,2.425027029122495126e-01
8.235149881659750148e-01,1.000000000000000000e+00,2.515526296385954819e-01
3.147900635410341708e-01,6.650832511096473887e-01,1.000000000000000000e+00
9.554734935295590148e-01,3.968147812371415895e-01,1.000000000000000000e+00
0.000000000000000000e+00,5.627761049315119779e-01,9.002904490757063227e-01
8.119425137330376074e-01,1.000000000000000000e+00,9.453059448006244647e-01
0.000000000000000000e+00,9.062999355298040349e-02,2.510846455635357133e-01
6.883947262435257120e-01,1.000000000000000000e+00,3.037225624063815133e-01
1.000000000000000000e+00,7.209948070693015243e-01,9.301739903612273874e-01
3.647546847702234363e-01,1.000000000000000000e+00,1.594586406632902964e-01
2.685116794873425583e-01,1.002928217522779386e-01,1.000000000000000000e+00
5.695529288244175481e-01,1.000000000000000000e+00,5.052035979628932694e-01
6.635261173508910648e-01,1.915689009867282966e-01,1.000000000000000000e+00
0.000000000000000000e+00,3.775887578518840049e-01,7.655837918183604485e-01
0.000000000000000000e+00,9.659546926561477509e-01,9.918086208046303920e-01
3.715699478504225217e-02,2.882601366675032750e-01,1.000000000000000000e+00
1.000000000000000000e+00,8.754887444375043515e-01,2.507466230625200465e-01
3.203127210839349925e-01,0.000000000000000000e+00,6.037168682956407517e-01
7.536678203096212059e-01,1.000000000000000000e+00,1.969482844463099624e-02
0.000000000000000000e+00,7.725945451715314771e-01,8.981941477105783722e-01
0.000000000000000000e+00,9.961247448979718699e-01,9.020143178626844893e-01
9.126397127897534212e-02,9.099677734819511254e-01,1.000000000000000000e+00
1.000000000000000000e+00,6.194085505852645612e-01,2.083916688906395365e-01
6.144944888140591033e-01,9.398849279020666803e-01,1.000000000000000000e+00
4.512514017784852172e-01,5.174521575320220057e-01,0.000000000000000000e+00
9.106002828084294176e-01,1.000000000000000000e+00,2.390267827115596933e-01
2.899123613780190678e-01,6.298513521784590008e-01,5.551115123125782702e-17
3.663144373806684340e-01,1.035837099622878565e-01,0.000000000000000000e+00
8.562418113164012023e-01,0.000000000000000000e+00,2.694867145771457917e-01
9.903194672660973197e-01,8.381075943968229192e-01,0.000000000000000000e+00
7.734288851006224652e-01,0.000000000000000000e+00,4.001220567127154459e-01
1.709198969837178728e-01,1.000000000000000000e+00,2.397191308964068401e-01
3.303288907173528854e-01,1.000000000000000000e+00,8.641639779006171640e-03
1.000000000000000000e+00,7.008982931564136099e-01,1.482204341073050102e-01
5.551115123125782702e-17,9.035403274820835717e-02,3.519711612438730652e-01
0.000000000000000000e+00,4.819922628189114988e-01,9.266341698405178295e-02
1.000000000000000000e+00,4.035349914107359548e-01,3.723353923817129263e-01
0.000000000000000000e+00,8.123313279846529067e-01,3.395021333641820016e-01
5.885877781585996393e-01,1.000000000000000000e+00,4.657868448161219810e-01
2.544470882375106102e-01,1.073334454019154727e-01,1.000000000000000000e+00
7.221090007866641791e-01,0.000000000000000000e+00,7.734200440207849025e-01
6.567567707866117654e-02,1.000000000000000000e+00,9.359672988343092914e-01
1.081708036562710196e-01,2.715523856606871789e-02,1.000000000000000000e+00
6.411443297448666812e-01,1.000000000000000000e+00,9.507791984448146216e-01
1.000000000000000000e+00,6.096586239827272991e-02,6.278994714323092863e-01
4.861870616192681127e-01,1.000000000000000000e+00,2.742044991942810817e-01
3.302982356470217096e-01,5.836833856584725533e-01,1.000000000000000000e+00
1.000000000000000000e+00,5.493502200340421027e-01,2.962135379552262582e-01
9.346084789077495625e-01,2.832776765506161976e-02,0.000000000000000000e+00
9.244753171904689371e-01,7.384538809862100095e-01,0.000000000000000000e+00
8.240298263733676354e-01,1.000000000000000000e+00,7.183138371111821296e-01
4.937793991074136413e-01,0.000000000000000000e+00,2.449593447905507038e-01
1.000000000000000000e+00,2.912779582287228219e-02,6.314127250267134173e-01
0.000000000000000000e+00,4.332521020125064681e-01,8.501038695011551294e-01
5.381134831904774707e-01,7.820969459433610993e-01,1.000000000000000000e+00
1.703886746673662911e-01,1.000000000000000000e+00,2.164514697421517087e-01
5.719578423975191228e-02,9.371476343476166093e-01,1.000000000000000000e+00
7.497559745012211119e-02,1.000000000000000000e+00,6.331590457175340081e-02
7.509514279479100329e-01,1.000000000000000000e+00,9.111514002013436642e-01
3.071854062851108735e-01,1.502225377554859131e-01,1.000000000000000000e+00
1.000000000000000000e+00,1.933762923740187933e-01,4.311991053340260005e-01
3.547801976325145601e-01,3.646116888479770668e-01,1.000000000000000000e+00
6.157927357227961362e-01,8.497681937745467096e-01,1.000000000000000000e+00
2.552020037911885142e-01,6.119210826392968983e-01,1.000000000000000000e+00
2.860776755949383521e-01,9.470263885136744886e-01,0.000000000000000000e+00
0.000000000000000000e+00,9.850898600659290238e-01,9.384982969181439039e-01
7.449738758370790803e-01,1.000000000000000000e+00,3.669346836773168530e-01
3.445987988767934551e-01,3.041401958751299706e-01,1.000000000000000000e+00
4.619376267263960445e-01,5.385921281265372285e-01,0.000000000000000000e+00
0.000000000000000000e+00,4.254127507001478348e-01,8.212580803201001700e-01
4.155033885155704487e-01,3.728587073372091609e-01,1.000000000000000000e+00
1.627437251798412587e-01,1.430585868474251177e-01,1.000000000000000000e+00
3.307675501713615018e-01,3.179721358768855533e-01,1.000000000000000000e+00
1.361670916069998571e-01,8.298351655507703040e-01,0.000000000000000000e+00
2.158807830062331179e-01,1.000000000000000000e+00,7.230851683041473743e-01
3.019473212159611286e-01,9.672298729924702076e-01,0.000000000000000000e+00
0.000000000000000000e+00,5.703780015206085796e-01,6.307311480175227247e-01
3.885780998295841893e-01,6.963765596645206113e-01,0.000000000000000000e+00
1.000000000000000000e+00,7.303589809778500141e-01,7.919466619996493595e-01
0.000000000000000000e+00,4.919187220063686583e-01,7.051718727563019984e-01
4.110379398652427851e-01,4.265634572070616803e-01,0.000000000000000000e+00
6.146933842710736728e-01,0.000000000000000000e+00,5.435562515496599190e-01
2.659672416065382294e-01,2.932224661190337978e-01,0.000000000000000000e+00
0.000000000000000000e+00,8.651868311348743790e-01,2.797407582345330379e-01
6.419244552499524525e-01,1.000000000000000000e+00,9.791032133767387791e-01
9.108446513230273878e-01,8.535826039528642273e-01,1.000000000000000000e+00
3.436547695038130734e-01,8.133201806178502746e-02,0.000000000000000000e+00
3.121441608500285514e-01,1.000000000000000000e+00,8.593536466168527621e-01
0.000000000000000000e+00,9.829189402573785816e-01,9.160896521636174850e-02
8.013328641496919591e-02,2.444364436613765124e-01,1.000000000000000000e+00
3.649700756387680434e-01,2.077960033668450612e-01,0.000000000000000000e+00
6.848273227698575827e-01,3.980826388451852438e-01,0.000000000000000000e+00
1.000000000000000000e+00,6.496670398963968474e-01,6.614456503935779441e-01
6.586903208228694906e-01,7.095984921250750865e-01,0.000000000000000000e+00
5.600250729296998298e-01,6.080852111537971005e-01,0.000000000000000000e+00
4.176621229203070218e-01,3.836896708546438384e-01,1.000000000000000000e+00
0.000000000000000000e+00,8.662538590337891531e-01,2.607973528437406152e-01
1.000000000000000000e+00,8.460938599935625692e-01,9.183182892983778878e-01
8.184150152436493464e-01,8.581441821516399004e-01,0.000000000000000000e+00
8.904475577019399513e-01,1.000000000000000000e+00,6.600719525150029465e-01
5.779056430441150694e-01,1.486074837775404611e-01,1.000000000000000000e+00
4.317797145079459442e-01,2.247699302338972971e-01,0.000000000000000000e+00
7.282682742849129198e-01,2.110191311845616147e-01,0.000000000000000000e+00
1.130839667027173645e-01,0.000000000000000000e+00,3.344015434308435508e-01
6.440520990206687335e-01,3.832589095354732578e-01,1.000000000000000000e+00
1.000000000000000000e+00,4.409535046536914304e-01,5.839181689365524619e-01
0.000000000000000000e+00,1.129497158704642068e-01,6.535952960788380395e-01
2.173736986159798545e-01,1.000000000000000000e+00,1.997986198757918941e-01
1.935793179966201205e-01,7.220541548641072893e-01,0.000000000000000000e+00
2.513233539289873031e-01,1.000000000000000000e+00,8.214402879932296564e-01
8.238483703845344008e-01,0.000000000000000000e+00,6.848908639123240105e-01
0.000000000000000000e+00,2.593684542300722651e-01,4.137342301584999715e-01
0.000000000000000000e+00,2.834513696650539094e-01,8.344537656595258923e-01
2.977897258277786285e-01,6.611532762018630383e-01,0.000000000000000000e+00
5.289925371463892745e-01,1.000000000000000000e+00,7.892778008575915827e-01
7.035757390258818855e-01,8.522721477048275096e-01,0.000000000000000000e+00
0.000000000000000000e+00,3.140964082461704110e-01,9.619268908910688642e-02
7.900465260368270126e-01,1.537767926450448464e-01,1.000000000000000000e+00
9.948078853395269094e-01,4.231107839733817544e-01,0.000000000000000000e+00
0.000000000000000000e+00,8.679565451944781795e-01,5.515505125512865092e-01
6.591301689410693498e-01,5.709589386347556639e-01,0.000000000000000000e+00
1.000000000000000000e+00,5.462908267258564932e-01,9.531528809571370164e-01
5.551115123125782702e-17,3.204820474874516822e-01,4.123099616434638404e-01
5.204992381407476110e-01,4.555876283073623245e-01,1.000000000000000000e+00
7.834887897299305237e-01,3.098499224056227019e-01,1.000000000000000000e+00
6.235443229510231333e-01,1.000000000000000000e+00,7.644540884715824713e-01
1.000000000000000000e+00,9.063783935116671575e-01,6.202696151857851614e-01
5.006236027840001990e-01,1.000000000000000000e+00,1.275461195381580870e-01
8.574524274813786207e-01,7.388952456468375063e-01,1.000000000000000000e+00
3.472601934022755965e-01,8.364946397341240791e-01,1.000000000000000000e+00
0.000000000000000000e+00,6.478472697025724480e-01,5.169407666718819350e-01
2.737192279778657422e-01,0.000000000000000000e+00,2.907730677609499104e-01
6.046361984198979078e-01,1.000000000000000000e+00,7.554611785176303940e-01
4.952950774742906903e-01,5.139797287488917510e-01,0.000000000000000000e+00
9.035336785043984742e-01,7.382869297409293541e-01,0.000000000000000000e+00
1.000000000000000000e+00,3.541752069282948501e-01,1.757070025615481423e-02
8.979148571566826220e-01,5.551115123125782702e-17,1.054719199750542291e-02
1.000000000000000000e+00,3.509633775362547836e-01,6.800398543784933469e-01
1.000000000000000000e+00,3.822451201585390645e-01,2.767908249898635709e-01
0.000000000000000000e+00,3.582606863664068442e-01,1.017920244435297494e-01
1.000000000000000000e+00,7.229313939892130225e-01,9.806983959067394618e-01
3.321980611158262819e-01,1.000000000000000000e+00,5.027911591295116667e-01
1.000000000000000000e+00,1.212990571944470575e-01,7.565154639905389278e-01
8.533518151977488309e-01,1.000000000000000000e+00,8.708216772354551161e-01
0.000000000000000000e+00,9.768421153343421759e-01,9.038434843635265725e-01
9.214487463940905787e-01,0.000000000000000000e+00,9.007865984239641355e-01
6.463815250470801299e-01,1.000000000000000000e+00,2.565123905922012670e-01
0.000000000000000000e+00,3.265520846078662220e-02,9.503219013254362579e-01
2.852320664548648743e-01,5.005083486181115537e-01,1.000000000000000000e+00
1.000000000000000000e+00,1.255956642358605491e-01,3.112221103423840063e-02
1.628884724305345588e-01,7.267314688596853145e-01,1.000000000000000000e+00
9.851435725235686558e-01,1.571147285385805503e-01,0.000000000000000000e+00
0.000000000000000000e+00,2.857570548398603583e-01,3.388706617421328726e-01
1.000000000000000000e+00,4.730100000082271272e-02,5.544981098046442014e-01
1.000000000000000000e+00,7.923470682127389253e-01,5.080513396263270920e-01
5.816198723346404087e-01,0.000000000000000000e+00,9.463464941119386076e-01
0.000000000000000000e+00,9.713184548797316742e-01,7.476488313257017015e-01
1.000000000000000000e+00,6.310214374694067541e-01,4.490491298676986820e-01
1.219604887773462210e-01,1.000000000000000000e+00,8.878516685493449412e-01
1.531104166569812186e-01,1.000000000000000000e+00,4.675115376239422638e-01
0.000000000000000000e+00,6.174350143021523074e-02,1.346949954531814209e-01
8.339341237785583560e-01,7.840637212501386788e-01,1.000000000000000000e+00
8.391856420303609454e-01,1.000000000000000000e+00,8.291619050409252401e-01
8.665335760910356511e-01,0.000000000000000000e+00,2.416647153176600948e-01
7.810384313421415703e-01,8.437154791413186139e-01,0.000000000000000000e+00
1.000000000000000000e+00,5.519701539116730338e-01,9.295100982350088525e-01
4.948611068742575503e-02,1.000000000000000000e+00,7.821587792026567509e-01
1.151865992615095924e-01,0.000000000000000000e+00,7.332546292488562045e-01
7.032210896458219729e-01,6.900369516053135310e-01,5.551115123125782702e-17
2.289064966930525191e-01,5.721111722740856997e-01,1.000000000000000000e+00
4.126897980806074062e-01,1.000000000000000000e+00,4.792282497810052555e-01
4.277304831213648573e-01,2.204448990561036492e-01,1.000000000000000000e+00
9.610183786540908990e-01,3.871024342131013096e-01,0.000000000000000000e+00
4.032822129764174757e-01,0.000000000000000000e+00,3.633617796395657296e-01
7.568893776391544259e-02,0.000000000000000000e+00,8.137949633923665660e-01
2.872003899958637807e-01,3.520637641976138710e-01,1.000000000000000000e+00
4.407294736465062202e-01,4.189743751637438063e-01,0.000000000000000000e+00
1.000000000000000000e+00,6.194984029171999307e-01,1.313518188876496851e-01
0.000000000000000000e+00,4.261398403157711234e-01,8.622320287357243540e-01
3.587358573004754136e-01,1.000000000000000000e+00,2.696594921713682536e-01
9.540692354480821979e-01,1.000000000000000000e+00,2.692346745818113840e-01
0.000000000000000000e+00,1.880875871200665128e-01,9.892709178470685538e-01
8.370012051803333852e-01,1.000000000000000000e+00,8.512176376359472663e-01
5.931840287040955895e-01,3.640749079505152808e-01,0.000000000000000000e+00
3.198427623620681559e-01,3.557055140475365862e-01,1.000000000000000000e+00
4.908215479354121613e-01,0.000000000000000000e+00,2.771439361188242079e-01
1.000000000000000000e+00,8.411612796843397355e-01,3.259005003571613379e-01
0.000000000000000000e+00,3.454363889536424814e-01,4.596666075976412746e-01
9.362182297678028897e-01,0.000000000000000000e+00,5.386488811421490386e-01
9.537014080316559284e-01,7.405487913338950623e-01,0.000000000000000000e+00
5.476759215551670890e-01,4.963119688125169349e-01,0.000000000000000000e+00
1.000000000000000000e+00,7.910117829465731498e-01,1.798559948045965196e-01
1.000000000000000000e+00,8.030534523108556755e-02,9.260395384197727120e-01
8.828708531846065632e-01,1.000000000000000000e+00,4.957027069631925742e-01
9.140001084228350781e-01,6.102140816531796963e-01,1.000000000000000000e+00
1.000000000000000000e+00,7.612468176343019088e-01,5.733921439876907833e-01
1.967753408447965313e-01,1.000000000000000000e+00,4.754870362507212511e-01
1.000000000000000000e+00,9.993249857974795258e-01,3.309151466869180158e-01
0.000000000000000000e+00,1.714058317827587552e-01,9.456948321672615787e-01
1.000000000000000000e+00,6.418910735041644111e-02,7.016751362006306003e-01
1.000000000000000000e+00,7.822015732107431285e-01,1.186177977345505563e-01
0.000000000000000000e+00,8.779178264603786364e-01,8.667056524781320270e-01
1.000000000000000000e+00,3.393170749283346832e-01,1.334190027114302290e-01
8.192498467352720137e-01,4.689198842058825978e-01,0.000000000000000000e+00
0.000000000000000000e+00,8.321656501972523046e-01,1.686988469790172973e-01
0.000000000000000000e+00,5.440097833009938100e-01,7.680799635778888801e-01
7.491244534536320998e-01,1.000000000000000000e+00,6.461634267995667313e-01
4.035773176893489578e-01,2.981696663410373649e-01,1.000000000000000000e+00
0.000000000000000000e+00,1.146294393153399205e-01,2.056229602560583625e-01
1.275317928691279690e-01,1.000000000000000000e+00,8.785061023617775078e-01
1.000000000000000000e+00,6.566581591819692365e-02,3.947218979991508059e-01
2.722025860749403003e-01,6.108679957441444097e-01,0.000000000000000000e+00
7.021607617876645113e-01,1.000000000000000000e+00,5.200821299639888373e-01
5.637140832003308955e-01,5.551115123125782702e-17,7.682029367627740690e-01
8.504726430706083251e-01,5.551115123125782702e-17,4.988542015584928047e-01
4.818521489826885218e-01,5.300250877270545891e-02,0.000000000000000000e+00
4.433067216978893721e-01,1.542128591428257312e-01,1.000000000000000000e+00
3.238547246750149156e-01,0.000000000000000000e+00,7.649064113704182599e-01
1.000000000000000000e+00,1.462142423223712906e-01,6.819058740711224642e-01
6.945914546099011266e-01,9.024976474851740260e-01,1.000000000000000000e+00
1.000000000000000000e+00,4.581498712310810850e-02,3.411652969291509852e-01
0.000000000000000000e+00,8.936303763567490233e-01,7.934152175232689341e-01
1.234637952460593824e-01,6.239626339772756936e-01,1.000000000000000000e+00
8.589234106481045128e-01,0.000000000000000000e+00,7.726675717775277619e-02
2.387495818374019141e-02,2.469971858256799213e-01,0.000000000000000000e+00
0.000000000000000000e+00,8.257736542261290280e-01,3.376857858689148451e-01
1.740024671300512971e-01,5.857870435309656676e-01,1.000000000000000000e+00
0.000000000000000000e+00,5.891690244986499403e-01,5.913063527044642997e-02
1.713501687233069948e-01,8.950961634382657017e-01,0.000000000000000000e+00
2.105547075057120909e-01,0.000000000000000000e+00,7.612646538545388974e-01
3.806330918381676254e-01,3.622364674789553263e-01,1.000000000000000000e+00
8.219957567542367505e-01,6.303908549809117412e-01,0.000000000000000000e+00
5.171232158510674637e-01,9.505857991709650845e-01,1.000000000000000000e+00
8.620262808528408316e-01,0.000000000000000000e+00,3.562239048218701631e-01
1.000000000000000000e+00,8.008138785985148278e-01,4.549020787828335632e-01
5.335537329072107537e-01,8.233989504512166935e-01,0.000000000000000000e+00
0.000000000000000000e+00,9.019411192999472471e-01,4.253548739257899114e-01
4.988864980438127983e-01,1.000000000000000000e+00,9.324189403249379948e-01
1.000000000000000000e+00,8.986660977793001770e-01,7.638771682257029516e-01
8.863172725551717868e-01,5.551115123125782702e-17,8.271715746666046254e-01
2.750375307466387809e-01,0.000000000000000000e+00,4.578689087839503680e-01
6.724962176257036628e-01,0.000000000000000000e+00,2.932411784378106678e-01
2.728330154493106563e-01,1.302773653156296674e-01,1.000000000000000000e+00
1.000000000000000000e+00,5.504764626445508569e-01,7.474933923895901167e-01
0.000000000000000000e+00,2.603108261520927780e-01,8.095016912690724542e-01
9.828760302517964842e-01,0.000000000000000000e+00,5.244329658765159996e-01
7.812390637550425954e-01,2.231004651535891115e-01,1.000000000000000000e+00
9.625381916996897935e-01,2.817803636297933068e-02,1.000000000000000000e+00
8.247129508178312474e-01,2.300984073696893117e-01,0.000000000000000000e+00
9.604941506426500908e-01,1.000000000000000000e+00,7.809575170130496069e-01
7.528766575668545125e-01,6.163123047649083919e-01,1.000000000000000000e+00
3.079985508139004846e-01,0.000000000000000000e+00,5.934676269369606461e-01
1.670752493864937072e-01,1.000000000000000000e+00,6.407179790860043633e-01
4.148927152949265507e-01,6.897781615595089955e-01,1.000000000000000000e+00
0.000000000000000000e+00,1.619483651914177536e-02,7.521817790155073125e-01
6.752766951568405229e-01,1.431545835485723561e-01,1.000000000000000000e+00
2.243347900328984401e-01,1.000000000000000000e+00,9.713868104874020526e-01
1.000000000000000000e+00,7.539989203320405231e-01,6.110238597602819510e-01
9.280223833768788122e-01,1.000000000000000000e+00,3.672161003973660742e-01
6.579501955190050211e-01,2.491725352427545948e-01,1.000000000000000000e+00
5.684104311662346865e-01,0.000000000000000000e+00,7.649632596735853607e-01
6.302032430943413921e-01,1.000000000000000000e+00,9.092953952948452656e-01
0.000000000000000000e+00,5.598625689851230991e-01,6.659421540864645106e-01
4.524273328069544631e-01,1.000000000000000000e+00,9.200088579186527227e-02
1.940145451353176287e-01,5.551115123125782702e-17,7.905557181737485895e-01
3.471447376846986677e-02,1.427169969761053481e-01,1.000000000000000000e+00
5.286684304906031917e-01,9.146437937982523358e-01,0.000000000000000000e+00
1.917354538783203888e-01,8.544948337505591240e-01,0.000000000000000000e+00
4.490897221228158376e-01,0.000000000000000000e+00,1.286632689641683536e-01
7.851376936488120295e-01,2.867009887489126996e-01,0.000000000000000000e+00
3.297157343817543884e-01,5.095927127626109776e-02,0.000000000000000000e+00
5.666798383808522299e-01,4.521586435946211013e-01,0.000000000000000000e+00
7.583235291197774064e-01,0.000000000000000000e+00,4.514294426118149461e-01
0.000000000000000000e+00,4.958984884762613898e-01,9.393094264573272900e-01
0.000000000000000000e+00,6.044070668903196442e-01,6.065367584158101177e-01
1.000000000000000000e+00,5.814555258258514714e-01,7.797747212226744384e-01
3.249909621929634174e-01,4.961273575666311220e-01,1.000000000000000000e+00
5.706284769217586650e-01,0.000000000000000000e+00,3.049803070628676060e-01
7.881711475577881654e-01,1.000000000000000000e+00,5.390127412024601217e-01
7.247793033928738859e-01,0.000000000000000000e+00,6.716862162449430684e-01
8.440115021802689910e-01,1.670864787416885544e-01,0.000000000000000000e+00
6.808386255038476609e-01,5.522487869831250729e-01,1.000000000000000000e+00
9.129123647434314037e-01,9.537868857898867958e-03,1.000000000000000000e+00
1.793263729387796213e-01,1.000000000000000000e+00,8.019512953249918752e-01
6.670474908168577688e-01,1.000000000000000000e+00,2.687036457385502675e-01
8.186882914423134761e-01,8.427136335022613611e-01,1.000000000000000000e+00
2.833796514165949354e-01,4.511597779128398988e-01,1.000000000000000000e+00
0.000000000000000000e+00,1.707574925172859470e-01,8.647910349675763664e-02
1.000000000000000000e+00,7.201594382682504625e-01,7.369110119843429452e-01
8.353694697228734034e-01,3.124550271353282449e-02,0.000000000000000000e+00
5.551115123125782702e-17,2.740879828558225317e-01,7.899416221530410898e-01
7.948657722957778171e-01,0.000000000000000000e+00,7.771511218885285288e-02
1.000000000000000000e+00,5.674928075412861705e-01,5.516111006603522382e-01
0.000000000000000000e+00,8.861381724330068543e-01,2.513444842766062726e-01
5.527234398050768771e-01,3.215436216858819085e-01,0.000000000000000000e+00
8.618250067415678117e-03,0.000000000000000000e+00,3.381549775327665208e-01
1.000000000000000000e+00,7.771474983447033136e-01,2.448882839000645628e-01
3.259690857046981805e-02,1.000000000000000000e+00,4.892524484340240454e-01
1.000000000000000000e+00,3.494031280440513809e-01,1.522052357071914108e-01
2.261964143335395416e-01,2.951573965176396142e-01,1.000000000000000000e+00
3.576166151311724328e-01,3.658363071819616397e-01,0.000000000000000000e+00
2.075585338668521351e-01,7.309306123948526857e-01,1.000000000000000000e+00
5.256310501399803492e-01,3.715946718722479281e-01,0.000000000000000000e+00
1.000000000000000000e+00,7.156881344128702693e-01,4.591003350579947462e-01
8.741018906660873444e-01,3.245163488475591995e-01,0.000000000000000000e+00
6.494037357333908300e-01,6.987752638018118745e-02,1.000000000000000000e+00
8.477934425665480944e-01,1.000000000000000000e+00,4.667632689139075697e-01
6.866493486730322893e-01,1.000000000000000000e+00,1.164118779422011474e-01
1.000000000000000000e+00,6.734134248303014214e-01,1.383889369603132358e-01
5.551115123125782702e-17,3.083418771833915661e-01,7.875008269084680101e-01
0.000000000000000000e+00,8.015583679556430585e-01,9.463820796507970146e-01
1.494899548928569910e-01,8.963434216352905715e-02,0.000000000000000000e+00
3.219234471741259651e-01,3.449737665113927765e-01,0.000000000000000000e+00
4.637463184836503327e-01,0.000000000000000000e+00,8.087359239372307051e-01
9.724262952084046230e-01,1.000000000000000000e+00,2.463053569787529706e-01
1.000000000000000000e+00,1.666787509656018074e-01,5.524392956127602838e-01
8.331971955447226019e-01,1.000000000000000000e+00,7.037842910839313681e-01
1.000000000000000000e+00,9.900310285672438981e-01,8.487207310027478080e-01
7.893923924386374580e-01,3.760280204680063743e-01,1.000000000000000000e+00
1.706309393401048147e-01,3.324956068358976280e-01,1.000000000000000000e+00
8.642891315402361219e-01,0.000000000000000000e+00,6.576478162668770722e-01
4.078266318389404677e-01,1.974519459664858534e-01,1.000000000000000000e+00
0.000000000000000000e+00,6.061458233579972710e-01,3.596120439348946540e-01
0.000000000000000000e+00,5.479258372090002327e-01,9.150862612639348859e-01
3.285174456002720733e-01,1.000000000000000000e+00,7.283549398544226783e-01
0.000000000000000000e+00,3.797410786171295793e-02,2.010935471740866176e-01
1.000000000000000000e+00,7.905040672570928795e-01,7.451689345059744340e-01
5.364431049027243992e-01,1.000000000000000000e+00,9.368786828444597425e-01
6.871988148588592527e-01,0.000000000000000000e+00,6.219433660279369835e-01
5.578671177421015148e-01,4.347569336230955872e-01,0.000000000000000000e+00
9.599210768010053574e-01,0.000000000000000000e+00,1.962337912901550574e-01
1.000000000000000000e+00,4.581923805430508367e-01,4.997810108010107277e-01
9.671978179038498435e-01,2.698080068384721142e-01,1.000000000000000000e+00
0.000000000000000000e+00,8.937880536085240912e-01,5.361878604239858070e-01
1.000000000000000000e+00,7.720948647373748752e-01,1.001858619854240628e-01
9.017661582098717155e-01,0.000000000000000000e+00,7.411647442669797581e-01
3.204551211595623172e-01,1.000000000000000000e+00,4.780004129518572453e-01
1.349561650426234216e-02,1.000000000000000000e+00,9.234692584896209144e-01
2.545286339883927051e-01,6.074241485403639729e-01,5.551115123125782702e-17
0.000000000000000000e+00,9.520111197324081509e-01,9.025160182625190375e-01
3.457890475258280638e-01,2.907801936256946829e-01,1.000000000000000000e+00
3.125362857534647043e-01,6.467679091366258515e-01,5.551115123125782702e-17
0.000000000000000000e+00,9.673145461057518490e-01,4.973044689177997246e-01
5.686307573733528908e-01,1.009068956970072262e-01,1.000000000000000000e+00
7.500719883065647409e-01,6.512508984007436830e-01,1.000000000000000000e+00
5.551115123125782702e-17,3.817624311186040842e-01,4.386246864460217609e-01
0.000000000000000000e+00,4.826761822147343506e-01,1.716667478264798374e-01
6.877470684148292435e-01,6.552434375400856270e-01,1.000000000000000000e+00
0.000000000000000000e+00,5.023150935628762914e-01,4.342787270316174619e-01
3.822413772186644687e-01,2.750055729101685831e-02,1.000000000000000000e+00
0.000000000000000000e+00,8.215038863391056490e-01,6.818759576485627916e-02
5.295055103258021756e-01,6.141437238342080107e-01,0.000000000000000000e+00
7.017034547113243370e-01,0.000000000000000000e+00,1.708567503581382430e-01
1.000000000000000000e+00,4.814059119405583731e-02,3.237629328729990652e-01
8.964286295652601488e-01,1.491812758124131943e-01,0.000000000000000000e+00
6.717759431344882959e-01,5.896034762377155847e-01,0.000000000000000000e+00
2.781310525835519742e-01,3.907696501507637032e-01,0.000000000000000000e+00
1.000000000000000000e+00,9.344486723145378759e-01,4.477814506391872285e-01
3.689984208017911271e-01,2.687591967369736268e-01,0.000000000000000000e+00
6.427312310750555868e-01,7.805788480734472401e-01,0.000000000000000000e+00
8.019867663783287748e-01,8.658046566006509792e-01,0.000000000000000000e+00
5.551115123125782702e-17,2.325488548038101566e-01,9.747229676797068976e-01
3.443810127825609468e-01,2.638801504027475930e-01,1.000000000000000000e+00
5.200605493554528724e-01,0.000000000000000000e+00,9.706692340679818898e-01
4.156886949046676438e-01,0.000000000000000000e+00,8.327096959333826209e-01
6.582804261099702847e-01,0.000000000000000000e+00,2.522073374301216364e-01
7.861550948072416611e-01,1.000000000000000000e+00,4.793058243297321219e-01
1.000000000000000000e+00,5.273934356428231496e-01,8.457545665575194604e-01
1.000000000000000000e+00,7.783782203665046140e-01,2.388360290155422949e-01
5.922228158464934999e-01,8.485548412881098734e-01,1.000000000000000000e+00
2.413531932320839846e-01,2.759678462439459912e-01,5.551115123125782702e-17
3.898633218532222555e-01,0.000000000000000000e+00,5.123922786181298594e-01
1.000000000000000000e+00,1.149407235646230929e-01,4.568743918979658591e-01
1.686996037101764767e-01,1.000000000000000000e+00,2.358009113633520726e-01
3.992327810651069564e-02,8.148430375340558474e-01,0.000000000000000000e+00
9.130044919792235092e-02,1.000000000000000000e+00,8.905408494409465803e-01
5.551115123125782702e-17,1.036706235914705010e-01,3.189473907844324607e-01
5.610175292113555034e-01,4.822626702404023691e-01,1.000000000000000000e+00
1.000000000000000000e+00,2.610360150655313127e-01,8.372031063491861547e-01
0.000000000000000000e+00,5.009550292427794593e-02,7.268142058187911925e-01
1.000000000000000000e+00,8.591737754812823757e-01,8.531582405548858716e-01
8.189217330377545068e-01,4.045704944873738107e-01,0.000000000000000000e+00
6.210699467582827538e-01,7.347051917648039776e-01,1.000000000000000000e+00
0.000000000000000000e+00,6.703966269424620483e-01,5.435708799001528480e-01
1.174081242188271812e-01,1.000000000000000000e+00,1.989941981640458435e-02
3.571054264791373445e-03,1.000000000000000000e+00,3.981761066413303518e-01
2.802151169519545015e-01,9.329107406077379316e-01,1.000000000000000000e+00
0.000000000000000000e+00,9.146814119085477923e-01,7.480385780834781784e-01
1.353168635403323994e-01,2.145143127209698242e-01,1.000000000000000000e+00
9.016574574155586941e-01,1.000000000000000000e+00,3.833999127303582832e-01
1.360961397551631591e-01,0.000000000000000000e+00,9.350284181093486691e-01
5.320760166708315975e-01,6.136428916144996970e-01,1.000000000000000000e+00
5.605314094650922785e-01,2.608943206457033925e-01,0.000000000000000000e+00
8.877733373465312994e-01,8.742732029082198597e-01,1.000000000000000000e+00
1.000000000000000000e+00,9.229108737454977396e-01,1.327719684253242938e-01
9.270861365782934183e-02,0.000000000000000000e+00,6.690054663797657675e-01
6.319307457846422560e-01,5.551115123125782702e-17,5.380960158614550570e-02
5.293277882646083565e-01,1.932722856988461357e-01,1.000000000000000000e+00
7.513991775586357225e-01,3.260333711894056741e-01,1.000000000000000000e+00
8.111832679469727081e-02,7.886065652001059689e-01,0.000000000000000000e+00
3.848517310225479937e-01,4.607214642979278185e-01,1.000000000000000000e+00
0.000000000000000000e+00,7.872965273779900519e-01,3.960080482549824810e-01
1.858226416330169273e-01,0.000000000000000000e+00,9.472612455214600713e-01
9.105250745298367754e-01,1.380377366749911683e-01,1.000000000000000000e+00
1.620265310473250897e-01,0.000000000000000000e+00,8.156010164177243116e-01
1.000000000000000000e+00,3.171279043200944114e-01,4.141893564897097813e-01
2.083613348673760690e-01,1.000000000000000000e+00,9.257487185031731958e-01
1.557842566800831663e-01,2.939142816575666672e-01,0.000000000000000000e+00
9.888170974660759338e-01,2.581768297074127361e-04,0.000000000000000000e+00
8.281395274944741702e-02,0.000000000000000000e+00,2.111252978119653456e-01
7.898389390236375540e-01,0.000000000000000000e+00,7.922867946894902591e-01
0.000000000000000000e+00,2.283946815730822366e-01,6.162728145601238383e-01
8.109290495103347318e-01,1.000000000000000000e+00,5.513847490519850902e-01
8.806285616824992557e-01,2.553245749509049922e-01,0.000000000000000000e+00
0.000000000000000000e+00,2.869818709609209262e-01,2.594175592270251407e-01
9.266151506683251160e-01,1.000000000000000000e+00,4.387960298164083062e-01
5.905918280435473733e-01,3.702332006021265554e-01,0.000000000000000000e+00
2.043683956065484864e-01,1.000000000000000000e+00,9.595298892984616135e-01
9.352718499857315404e-01,1.733667566529645265e-01,0.000000000000000000e+00
3.784366870434731633e-01,0.000000000000000000e+00,2.107191885560631694e-01
4.334656871917159648e-01,3.944317992707689347e-01,1.000000000000000000e+00
6.759986387917925610e-01,6.295914287779504903e-01,1.000000000000000000e+00
9.358609189276736462e-01,1.077514005483061199e-01,0.000000000000000000e+00
2.565245661619711126e-01,0.000000000000000000e+00,7.702038010529886902e-01
3.521761294187637503e-01,9.225739686770332293e-01,1.000000000000000000e+00
6.737533291677332281e-01,6.741346785080546411e-01,0.000000000000000000e+00
9.277431622203275996e-01,9.328347500115299340e-01,0.000000000000000000e+00
0.000000000000000000e+00,3.133703262804911072e-01,6.967025822402013180e-01
5.612114735139621668e-01,5.055607632533247742e-01,0.000000000000000000e+00
9.316800633229591622e-01,0.000000000000000000e+00,5.298973523198633462e-01
3.158326554114796458e-01,1.000000000000000000e+00,6.326393786070858560e-01
1.000000000000000000e+00,3.540065290052895608e-01,8.024482303451572207e-01
1.000000000000000000e+00,7.147106810104512098e-01,3.930186693605856041e-01
4.969814024662115304e-01,0.000000000000000000e+00,1.648346876451387000e-01
1.000000000000000000e+00,7.096096967099155828e-01,5.943049007836109787e-01
0.000000000000000000e+00,5.640853663833322873e-01,7.945675008826782459e-01
1.000000000000000000e+00,2.104363331337244514e-02,5.037944936554095143e-01
0.000000000000000000e+00,6.782261951543281375e-01,9.729393079509259801e-01
1.000000000000000000e+00,3.232309178057498622e-01,7.747848823711602773e-01
0.000000000000000000e+00,3.735393488397204531e-01,6.928316314900575534e-01
7.961010741363313548e-01,5.270090692506803620e-01,1.000000000000000000e+00
5.711826889363111892e-01,8.124604448943767432e-02,0.000000000000000000e+00
6.020154080621386017e-01,1.000000000000000000e+00,5.076999576094914923e-02
0.000000000000000000e+00,5.807520067475852033e-02,5.479061487685441545e-01
2.830678941174692986e-01,4.203428564562253777e-01,1.000000000000000000e+00
7.594982013645134034e-01,5.129074395222437133e-01,1.000000000000000000e+00
5.609036457462919234e-01,3.507665012880441524e-01,1.000000000000000000e+00
0.000000000000000000e+00,5.441594732529194678e-01,8.918866591884814232e-01
1.000000000000000000e+00,7.402123853879537529e-01,7.119226096517576874e-01
0.000000000000000000e+00,9.913981670165079585e-01,1.556373219703353628e-01
5.237683200447870169e-01,3.238381441018469142e-01,1.000000000000000000e+00
1.611463522472933452e-02,0.000000000000000000e+00,9.449137082103336027e-01
1.377683047613298406e-01,2.187422961759153128e-01,0.000000000000000000e+00
2.651061073262788170e-01,6.907528339015506225e-02,1.000000000000000000e+00
1.000000000000000000e+00,8.283483871986181413e-01,2.834006773975744631e-02
8.964861867651260363e-01,0.000000000000000000e+00,5.554639333518571753e-01
0.000000000000000000e+00,6.893589904536712165e-01,7.269889676797788303e-01
6.336505164597217021e-01,7.517013327119106414e-01,1.000000000000000000e+00
2.654657033674336919e-01,0.000000000000000000e+00,4.297770904197992792e-01
9.109108683683320162e-01,1.392348254943702179e-01,0.000000000000000000e+00
0.000000000000000000e+00,5.257824979622841566e-01,3.715954399466598335e-01
1.078175801407033063e-02,9.686710293831568563e-01,0.000000000000000000e+00
1.000000000000000000e+00,1.230600465857931147e-01,6.508426152355167860e-02
1.000000000000000000e+00,6.334211093046884233e-01,4.658310706905998688e-01
3.682802127939558412e-01,2.376421891774727069e-02,5.551115123125782702e-17
8.202970172177724839e-01,2.230855431616623474e-01,0.000000000000000000e+00
0.000000000000000000e+00,8.090350932247143412e-01,3.461463278351569750e-01
7.375553780707284623e-01,8.008268335966334250e-01,0.000000000000000000e+00
6.887835356886645721e-01,5.868125325811387460e-01,1.000000000000000000e+00
5.551115123125782702e-17,9.371287739873954692e-01,6.820613304564941970e-01
1.000000000000000000e+00,7.435272092469664695e-01,3.077305586142001226e-01
9.136683035179995471e-01,1.000000000000000000e+00,7.218361391037502184e-01
3.143432487132443720e-01,1.000000000000000000e+00,9.921707873157314950e-01
8.675484760693119579e-01,0.000000000000000000e+00,4.963750462437776512e-01
2.673380314374635969e-01,6.465734079143227175e-01,0.000000000000000000e+00
1.000000000000000000e+00,9.021182902727458153e-01,3.275687947106190046e-01
8.949138524031832187e-01,1.000000000000000000e+00,1.197073705420091394e-01
7.377652894817424700e-01,2.459037740000890038e-01,0.000000000000000000e+00
3.896714952506329377e-01,5.551115123125782702e-17,2.347700352962565074e-01
1.000000000000000000e+00,6.708222159574165344e-01,5.859312855632101691e-01
1.000000000000000000e+00,1.163418741667884282e-01,5.817396382817893175e-01
1.467622673944859457e-01,8.361015570805431230e-01,0.000000000000000000e+00
3.767911391887437955e-01,1.303747852368570270e-01,0.000000000000000000e+00
1.929949267868650842e-01,1.000000000000000000e+00,5.136808032612452113e-01
2.190299715413065451e-01,0.000000000000000000e+00,8.271965123994393654e-01
3.611728555455773204e-02,1.000000000000000000e+00,9.481793409772254488e-01
3.773940038404600683e-01,9.811766236375228933e-01,1.000000000000000000e+00
7.761169272747252545e-01,0.000000000000000000e+00,6.375824330952365449e-01
3.013777441197106333e-01,1.000000000000000000e+00,7.545841838936238055e-01
6.523246838408980341e-02,4.141116938938882996e-01,1.000000000000000000e+00
5.018164849822845941e-01,1.778364195198412490e-01,1.000000000000000000e+00
2.100554597228017073e-01,2.629487701041400838e-01,0.000000000000000000e+00
1.382182957637178022e-01,1.000000000000000000e+00,7.073826835085700315e-02
6.823458646798223892e-01,0.000000000000000000e+00,1.013913915225445050e-02
2.879198390307169952e-01,8.598888596967054765e-01,0.000000000000000000e+00
1.415543668944496680e-02,0.000000000000000000e+00,5.023990634766153374e-01
0.000000000000000000e+00,4.795563074613711230e-01,9.236370192510668931e-01
7.407811087634948999e-01,0.000000000000000000e+00,1.754037745602954335e-01
2.094186227250232069e-01,2.134342921271538129e-01,1.000000000000000000e+00
7.639489070383631564e-01,1.000000000000000000e+00,4.726768311566428293e-01
4.726804285301189346e-02,6.097208802678062423e-01,0.000000000000000000e+00
1.000000000000000000e+00,5.299349683365973673e-01,8.129108189139002683e-01
7.382583628226234707e-01,4.546039458111179044e-01,1.000000000000000000e+00
0.000000000000000000e+00,5.391911467176156991e-01,8.457139732534513232e-01
1.000000000000000000e+00,6.890409113951152520e-01,1.860516181275795600e-01
9.940503758794887457e-01,0.000000000000000000e+00,9.861379988079812531e-01
2.264014670321226053e-01,1.000000000000000000e+00,2.890152073347603823e-01
3.264907203160977156e-01,7.474952841174826723e-01,0.000000000000000000e+00
4.328402746746478069e-01,6.242457781571247866e-01,0.000000000000000000e+00
4.551662969001973869e-02,0.000000000000000000e+00,2.025528013801834448e-01
9.383646165198956668e-01,1.000000000000000000e+00,5.119755347935697198e-01
1.000000000000000000e+00,3.340891018879545982e-01,9.861536269578670133e-01
2.065972861943052852e-01,5.879587018978440494e-01,5.551115123125782702e-17
2.055369713014588151e-01,0.000000000000000000e+00,1.049786267244013915e-01
4.630064839319436576e-01,0.000000000000000000e+00,9.279568466473911981e-01
0.000000000000000000e+00,1.112911102684672193e-01,6.757933385665076953e-02
7.554322454699272660e-01,3.114966162800932858e-01,1.000000000000000000e+00
1.000000000000000000e+00,7.561984346251662270e-01,2.774428567990132044e-01
9.993749218018138647e-02,1.000000000000000000e+00,5.215902947730477468e-01
7.373722084255978082e-01,1.171243748109401794e-01,0.000000000000000000e+00
0.000000000000000000e+00,6.308066718794916872e-01,8.351086623370108653e-01
5.054997590621518322e-01,5.481343150025813626e-01,0.000000000000000000e+00
5.738302116720078727e-01,7.036027337708734564e-01,1.000000000000000000e+00
0.000000000000000000e+00,3.727061807535838045e-01,6.575891671895496282e-01
1.809498857831745022e-01,1.000000000000000000e+00,2.688206393665502625e-01
1.000000000000000000e+00,6.607023521440807956e-01,3.246254849059578285e-01
1.000000000000000000e+00,5.403426918892528796e-01,9.973043861772090679e-01
0.000000000000000000e+00,8.882375760219215488e-01,9.417319565808414117e-01
3.969973160259716027e-01,1.000000000000000000e+00,9.144580698953019837e-02
6.144293658311317241e-03,0.000000000000000000e+00,4.774209403090195480e-01
1.904397115488256631e-01,3.953091823579431008e-01,1.000000000000000000e+00
1.000000000000000000e+00,3.583893474336458107e-01,3.979956638307933225e-01
1.000000000000000000e+00,7.375613377173092511e-01,6.078690946504061721e-02
6.941576671966238621e-01,1.000000000000000000e+00,1.877492877216896117e-01
0.000000000000000000e+00,8.809856896975378771e-01,9.782649781933878685e-01
0.000000000000000000e+00,9.077567785873245088e-01,8.262618500106646557e-01
1.000000000000000000e+00,8.767310849136460416e-01,3.500108979512679408e-01
0.000000000000000000e+00,5.314158672672463224e-01,5.642884995410235582e-02
0.000000000000000000e+00,2.507379819185867609e-02,2.554977338905464190e-01
1.000000000000000000e+00,4.484452381582473279e-01,7.723691156053027473e-01
1.379894561804972386e-01,1.000000000000000000e+00,8.526912751095621079e-01
1.000000000000000000e+00,4.636933877580703967e-01,8.125208184740008166e-01
1.000000000000000000e+00,9.882369905868625404e-01,6.991615364624881312e-01
1.000000000000000000e+00,2.760384976042995486e-02,2.507769441630313123e-01
8.475018611698454940e-01,4.009233873007342908e-01,0.000000000000000000e+00
8.566232981449695139e-01,1.000000000000000000e+00,3.472705856836268423e-01
4.297690557209984386e-01,2.991856764751784636e-01,1.000000000000000000e+00
7.639169246389158063e-01,1.174433835239301338e-01,0.000000000000000000e+00
3.150912696769569421e-01,0.000000000000000000e+00,5.862012815072337180e-02
1.000000000000000000e+00,6.238192183395971924e-01,7.188577869306735924e-01
8.516820433495225773e-01,6.494562297988299981e-01,0.000000000000000000e+00
4.861219721565973595e-02,0.000000000000000000e+00,4.540101909639970845e-01
4.395603207891332076e-01,1.000000000000000000e+00,8.605481080562091822e-01
3.486917982949588879e-03,4.368005056000738850e-01,1.000000000000000000e+00
9.717075481759552824e-01,1.000000000000000000e+00,4.992454531394260320e-01
1.000000000000000000e+00,2.418996613100111159e-01,8.464182519563114848e-01
5.551115123125782702e-17,7.342389457145829246e-01,4.221020623692245399e-01
5.986105719187292395e-01,1.532657953624232405e-01,0.000000000000000000e+00
4.945130081907039843e-01,5.551115123125782702e-17,1.399396226484322936e-01
7.309140136525202891e-01,0.000000000000000000e+00,3.587354812790635172e-01
0.000000000000000000e+00,7.504364467384088133e-01,7.642779369190608740e-01
0.000000000000000000e+00,2.255188844756883526e-02,6.728534644731396508e-01
6.097347733429381300e-01,1.000000000000000000e+00,9.261374610725896517e-01
6.563270773838166816e-01,1.000000000000000000e+00,4.981974234406684743e-01
1.675343234545635385e-01,0.000000000000000000e+00,1.591287038569039192e-01
1.000000000000000000e+00,9.956562320633706165e-01,9.791328845447400120e-01
9.471059634641623148e-01,6.169001659085989742e-01,1.000000000000000000e+00
3.849087909851801603e-01,3.046246692727267447e-01,1.000000000000000000e+00
2.847012638453533251e-01,0.000000000000000000e+00,1.002535569086013822e-01
0.000000000000000000e+00,1.417842137794818602e-01,7.104825605187862214e-01
1.000000000000000000e+00,1.708061389870004221e-01,6.692917255591556147e-01
1.000000000000000000e+00,5.907450409238245159e-01,8.178728855233341477e-01
1.000000000000000000e+00,7.356856385410007748e-01,9.864449598744716718e-01
9.640022748996118773e-01,4.095734472052827146e-01,0.000000000000000000e+00
1.000000000000000000e+00,1.020007513728580228e-01,9.246427342535507021e-01
6.088586169914254054e-01,7.469856929354629083e-01,1.000000000000000000e+00
2.823608633774848942e-02,6.864482908092470748e-01,0.000000000000000000e+00
4.802049030380702299e-01,0.000000000000000000e+00,6.257818792018131626e-01
9.574443086865058739e-01,1.000000000000000000e+00,2.040969240673688456e-01
8.134620068850544339e-01,0.000000000000000000e+00,7.573831828154387047e-02
0.000000000000000000e+00,1.573453973373882542e-01,8.936575209382932039e-01
1.000000000000000000e+00,8.336702490791958464e-01,8.218440996285321098e-01
2.112079204015242795e-01,1.000000000000000000e+00,8.407233850252032736e-01
0.000000000000000000e+00,1.947025924382222439e-01,8.693988869349462689e-01
0.000000000000000000e+00,4.840560754202425375e-01,8.959886151233638074e-01
9.693048140639755061e-01,1.000000000000000000e+00,6.543874522518972059e-01
2.639588835927063615e-01,5.363384033382627702e-01,0.000000000000000000e+00
1.000000000000000000e+00,9.413299734012847697e-02,2.804501561576062119e-01
5.878812915971104447e-01,1.000000000000000000e+00,3.917594415466638669e-01
1.000000000000000000e+00,2.123347193465429661e-01,7.260033901143105872e-01
9.032202426083796309e-02,5.684899116584082313e-01,1.000000000000000000e+00
8.261670876434672461e-01,5.551115123125782702e-17,1.342230217648707202e-01
5.080235551148387652e-02,4.423500886178792779e-01,0.000000000000000000e+00
0.000000000000000000e+00,5.705940822573568605e-01,8.845226706344050394e-01
8.279338114437384544e-01,3.796348099130517628e-01,1.000000000000000000e+00
1.560550678126672031e-01,4.940523830585183407e-01,5.551115123125782702e-17
0.000000000000000000e+00,1.745910092123989787e-01,1.692762452473416390e-01
