2.288407988993556019e-01,1.000000000000000000e+00,8.286041069446334340e-02
1.000000000000000000e+00,5.163679534681547834e-01,3.184220544533565844e-01
0.000000000000000000e+00,2.434403591458159655e-01,2.208753003292947548e-01
3.704738337308149942e-02,1.000000000000000000e+00,5.616850709651528550e-01
0.000000000000000000e+00,7.539800368389125707e-01,3.229276629509234553e-01
0.000000000000000000e+00,2.447845986980459743e-01,7.397494735622006656e-02
1.000000000000000000e+00,4.437439466759787177e-01,2.837597193685662544e-01
0.000000000000000000e+00,2.897684808953844837e-01,3.335392641485349641e-01
0.000000000000000000e+00,8.877070591816302869e-01,5.843261420504231030e-03
1.000000000000000000e+00,3.469342315394994269e-01,4.764520881993347112e-01
3.128772631738365173e-01,0.000000000000000000e+00,1.661150294124333071e-01
3.885413813411230377e-01,0.000000000000000000e+00,4.941315445549902541e-01
9.510647171533054278e-02,1.000000000000000000e+00,2.309352605205780840e-01
1.000000000000000000e+00,4.054999931082990394e-01,5.459504411711786354e-01
3.328685660003067315e-01,0.000000000000000000e+00,5.025685989304359835e-02
5.551115123125782702e-17,6.251443706173964721e-01,4.378201835998969949e-01
1.000000000000000000e+00,7.211675106152261039e-01,4.752568153716799082e-02
1.000000000000000000e+00,9.651155021602957351e-01,4.428239453809049708e-01
1.000000000000000000e+00,7.130750722698691035e-01,8.266448684125166091e-02
3.235083433835903577e-01,1.000000000000000000e+00,4.053762813214117910e-01
5.551115123125782702e-17,1.824577493814050211e-02,4.530646787410970155e-01
6.973294168509001079e-01,1.000000000000000000e+00,6.090234543181731741e-01
3.508330865577649060e-01,1.000000000000000000e+00,1.432932505485923214e-01
1.663860323463753343e-01,0.000000000000000000e+00,3.239547001368321411e-01
1.000000000000000000e+00,6.709961752824213921e-01,4.729172523338875389e-01
8.159262182590321100e-02,1.000000000000000000e+00,3.008539233040731786e-01
8.914282060033472677e-01,1.000000000000000000e+00,1.549391472614833620e-01
1.000000000000000000e+00,5.237140458489384365e-01,2.347192339488081703e-01
5.551115123125782702e-17,7.005284224849573915e-01,3.287892941401757141e-01
1.000000000000000000e+00,2.203719091067030122e-01,5.979196593317743780e-01
0.000000000000000000e+00,1.494250680521114205e-02,2.349246278852041570e-01
6.880609612083681270e-01,1.000000000000000000e+00,1.901224938200865022e-01
8.419745546201262698e-01,1.000000000000000000e+00,3.642112266363362605e-01
1.000000000000000000e+00,3.510783312309898041e-01,5.605099143189945510e-01
8.407762928497288790e-01,0.000000000000000000e+00,2.240531257626710848e-01
1.000000000000000000e+00,7.608357994389229884e-01,3.530889743887576371e-01
1.844410878857669633e-01,5.551115123125782702e-17,4.950734096404677542e-01
1.000000000000000000e+00,6.295450075620343533e-01,3.264266924614965260e-01
3.740523898761781707e-01,0.000000000000000000e+00,1.906184701271684268e-01
8.679871304133925936e-01,0.000000000000000000e+00,5.843559148875375753e-01
0.000000000000000000e+00,3.821872455165844507e-01,4.194544306323756411e-01
6.771238794091832824e-01,1.000000000000000000e+00,3.345485264289476124e-01
7.437712757486076853e-01,1.000000000000000000e+00,3.850503662205501110e-01
7.950924289148536550e-02,0.000000000000000000e+00,1.727208489366057198e-01
7.251319143751547847e-01,1.000000000000000000e+00,3.811528208962340902e-01
1.163030351193039547e-01,1.000000000000000000e+00,3.712850089253214025e-01
1.000000000000000000e+00,2.407197192439772260e-01,2.158401071604444943e-01
0.000000000000000000e+00,8.727345633618827092e-02,4.691476774765509505e-01
0.000000000000000000e+00,7.829020375847659530e-01,4.302815354852470020e-01
5.551115123125782702e-17,5.613949569724212552e-01,3.882522477846788167e-01
0.000000000000000000e+00,2.040658390868727301e-01,2.887461857239024265e-01
0.000000000000000000e+00,7.614954079335649606e-01,3.071905831608764403e-01
3.323443463642946627e-01,5.551115123125782702e-17,3.407811157856897033e-01
1.000000000000000000e+00,9.532207378965336098e-01,3.683090666952312242e-01
2.616905737974641877e-01,1.000000000000000000e+00,3.945605159516947791e-01
1.000000000000000000e+00,8.372654849076726080e-01,2.912355969376457798e-01
5.064673140327118350e-01,0.000000000000000000e+00,5.785487818559217899e-02
6.001358014371063199e-01,1.000000000000000000e+00,4.301653632216427825e-01
5.551115123125782702e-17,2.331251380454694155e-01,3.664884304902711332e-01
0.000000000000000000e+00,1.719429581224314330e-01,3.264563939675292348e-01
1.000000000000000000e+00,7.272107589224512392e-01,4.686698155760693485e-01
1.000000000000000000e+00,7.732187948488729035e-01,4.779579803999255416e-01
1.000000000000000000e+00,9.137809617572565379e-01,1.613905098046033160e-01
0.000000000000000000e+00,3.571345609554393841e-01,4.288552261622701200e-01
6.261948393447405170e-01,1.000000000000000000e+00,2.136695918800506910e-01
5.445929080479590123e-01,1.000000000000000000e+00,2.707773151546263302e-01
0.000000000000000000e+00,5.405542642844677337e-01,2.926708958583204567e-01
4.971900617403351985e-01,1.000000000000000000e+00,5.035583042942251009e-01
1.000000000000000000e+00,5.899480058639008373e-01,3.253446959823899087e-01
9.296765143751326566e-01,6.576308223056057667e-01,0.000000000000000000e+00
2.690473126007452698e-01,0.000000000000000000e+00,6.215367934486197843e-01
1.000000000000000000e+00,1.655424718141684237e-01,4.862483994201399762e-01
4.643805536230437570e-01,1.000000000000000000e+00,2.283063905625721812e-01
5.551115123125782702e-17,2.795076070350405728e-01,3.992432983769689803e-01
1.000000000000000000e+00,3.485105397344393507e-01,4.471097029677094659e-01
1.000000000000000000e+00,6.513256751163575275e-01,3.161982148699342687e-01
1.000000000000000000e+00,9.247242632858768685e-01,5.854366651738056593e-01
1.910377248217142165e-01,0.000000000000000000e+00,3.402602897092919521e-01
1.000000000000000000e+00,3.405834059843105832e-01,3.164927026161081791e-01
7.221910104970835631e-02,1.000000000000000000e+00,1.943011137418428069e-01
1.000000000000000000e+00,1.955527986007885022e-01,4.982691043197348124e-01
1.000000000000000000e+00,9.371004967818659104e-01,3.814626610173313948e-01
1.000000000000000000e+00,7.736134014118554170e-01,5.204512584534498609e-01
6.658382098014187234e-01,1.000000000000000000e+00,3.158542947101691811e-01
7.896377909142645590e-01,0.000000000000000000e+00,1.727970452296266057e-01
0.000000000000000000e+00,8.163525850455006783e-01,6.018400875763487701e-01
6.688987444786633763e-01,0.000000000000000000e+00,3.504891615788351400e-01
9.864436454208926897e-01,0.000000000000000000e+00,4.955339027767474702e-01
1.000000000000000000e+00,3.821996313408613233e-01,4.174948656808585845e-01
9.598425283926939056e-01,1.000000000000000000e+00,4.450238265851989561e-01
5.551115123125782702e-17,4.598178518014139904e-03,2.181459755080062124e-01
1.000000000000000000e+00,5.076361160427311781e-02,4.340344848986291693e-01
5.030759317988955370e-01,1.000000000000000000e+00,1.289429667587948247e-01
6.422842278404071736e-01,1.000000000000000000e+00,2.386300389775499742e-01
8.833481584795523922e-01,0.000000000000000000e+00,1.345474021591629432e-01
5.551115123125782702e-17,7.602483441070653214e-01,3.304003276909123765e-01
6.955492734222123996e-01,0.000000000000000000e+00,4.717999879959047793e-01
1.000000000000000000e+00,3.399802688934425721e-01,3.990828330732087426e-01
1.000000000000000000e+00,2.739441863934333199e-01,3.718987326209777788e-01
1.000000000000000000e+00,7.849046686918601523e-01,5.605454182378550865e-01
0.000000000000000000e+00,4.316966956149181911e-01,1.528421781280086822e-01
2.408697951477666854e-01,1.000000000000000000e+00,3.921989990819320648e-01
9.326756108666593992e-01,1.000000000000000000e+00,2.510887199680157389e-01
1.000000000000000000e+00,7.906720993351032956e-01,5.704301831117803978e-01
1.000000000000000000e+00,1.915707900075490633e-01,5.023242862836890810e-01
1.000000000000000000e+00,2.222229708925542169e-01,2.553180836714161739e-01
4.952631476440194636e-02,3.459763975583252105e-02,0.000000000000000000e+00
9.304849810209445682e-01,1.000000000000000000e+00,1.983032052216540386e-01
0.000000000000000000e+00,2.425929351635658371e-03,2.117852856019725172e-01
0.000000000000000000e+00,6.104754277730345402e-01,4.793528049105292288e-01
4.204002630480762059e-01,0.000000000000000000e+00,1.223371645052434842e-01
1.581140275151612373e-01,0.000000000000000000e+00,3.066935299896331735e-01
2.375662857984679743e-01,1.000000000000000000e+00,4.213567144484111071e-01
1.000000000000000000e+00,8.686623180538730615e-01,3.244707037416120210e-01
6.561136334979004170e-01,1.000000000000000000e+00,2.398304211196103652e-01
1.448317029499345820e-01,1.000000000000000000e+00,6.272722617687700453e-01
2.708592758544926538e-01,0.000000000000000000e+00,5.942321855362258098e-01
5.551115123125782702e-17,2.630398799448041558e-01,4.490739343131746053e-01
1.000000000000000000e+00,5.176334895243429601e-01,2.166478634096996592e-01
1.000000000000000000e+00,9.752360515821019149e-01,4.871883991471234188e-01
0.000000000000000000e+00,3.686082457850372585e-01,4.566967655775546198e-01
1.000000000000000000e+00,4.157994698865848382e-01,4.241976667591663697e-01
4.705250162292191618e-01,0.000000000000000000e+00,3.115005186644473900e-01
5.315395069042281317e-01,5.551115123125782702e-17,2.544991023828077070e-01
0.000000000000000000e+00,6.887519140266346040e-02,1.625392845501412720e-01
5.164439807102841895e-01,1.000000000000000000e+00,2.913035144837855528e-01
0.000000000000000000e+00,7.540845369863642400e-01,4.318981242045006885e-01
0.000000000000000000e+00,9.490331952298678431e-01,1.380742439252386766e-01
1.000000000000000000e+00,2.935454252631716776e-01,3.400326994750201282e-01
5.450896396948363698e-01,1.000000000000000000e+00,5.813681868924436280e-01
1.000000000000000000e+00,2.064838860372323337e-01,4.420250756604731102e-01
1.000000000000000000e+00,1.979845666015160321e-01,4.318460938025216467e-01
3.138421280587880835e-01,0.000000000000000000e+00,3.485496621475280277e-01
0.000000000000000000e+00,3.535350535474657274e-01,6.244196655628380110e-01
0.000000000000000000e+00,9.184330850268315194e-01,1.198013024735536669e-01
1.000000000000000000e+00,2.607107307180891453e-01,6.318615672469869438e-01
0.000000000000000000e+00,1.961817465829740481e-02,5.449855933690196386e-01
0.000000000000000000e+00,7.883831689941633858e-01,1.575710436827644501e-01
0.000000000000000000e+00,4.354288670535743089e-01,4.242719143520029546e-01
8.165115104898508225e-01,1.000000000000000000e+00,3.690863071758628267e-01
4.433205190051114908e-02,0.000000000000000000e+00,4.120812322971770247e-01
1.000000000000000000e+00,8.766513854995576782e-01,4.179522209840437208e-01
5.860754311738480826e-01,0.000000000000000000e+00,3.119736717294187556e-01
1.073395991291717921e-01,1.000000000000000000e+00,4.442183507965214440e-01
1.000000000000000000e+00,3.798940848425668704e-01,2.017876259783872861e-01
0.000000000000000000e+00,6.663010697975052521e-01,3.078054177328712893e-01
1.000000000000000000e+00,3.304501397122661110e-02,5.182744092055552310e-01
1.000000000000000000e+00,9.449025955927170539e-01,2.896415751881474265e-01
9.424377855626644429e-01,1.000000000000000000e+00,5.745026988826132941e-01
1.000000000000000000e+00,9.098932047937895451e-01,3.976861503935510411e-01
1.000000000000000000e+00,7.644891039668902932e-01,3.890113142410833724e-01
2.887888025057859798e-01,0.000000000000000000e+00,1.504171593446291533e-01
0.000000000000000000e+00,3.903597423604789896e-01,2.852520723716484019e-01
9.470347444811644255e-01,0.000000000000000000e+00,2.528215185656071951e-01
1.000000000000000000e+00,1.615830450094966619e-01,2.963777539702152075e-01
2.459880290187813900e-01,1.000000000000000000e+00,4.746958500756690569e-01
6.318013737966704513e-01,0.000000000000000000e+00,4.606085775913233427e-01
3.661564828382135595e-01,0.000000000000000000e+00,6.346851476518708401e-02
1.774124927133259033e-01,0.000000000000000000e+00,2.330389269001602315e-01
0.000000000000000000e+00,6.601855460689975974e-03,2.414592556645823451e-01
0.000000000000000000e+00,4.821805036008746659e-01,1.679008937362151954e-01
5.919180074675902681e-01,1.000000000000000000e+00,7.182464782147143789e-02
9.398564377022683436e-02,1.000000000000000000e+00,3.842259228339703347e-01
1.000000000000000000e+00,2.353419673834498960e-01,4.368426255261517177e-01
7.527647849875589436e-01,0.000000000000000000e+00,3.452883695254510554e-01
2.613027596511581785e-01,9.441660510968002962e-02,0.000000000000000000e+00
7.023070390490697701e-01,1.000000000000000000e+00,2.916277160533522483e-01
1.275521495784487369e-02,0.000000000000000000e+00,3.658901613816820664e-01
3.764138817399268477e-01,1.000000000000000000e+00,3.696153454489015111e-01
6.369294684727949685e-01,1.000000000000000000e+00,2.369277401028545282e-01
8.689240191637833677e-01,1.000000000000000000e+00,4.912492535683616879e-01
9.180151371702633956e-01,0.000000000000000000e+00,2.824856080212033715e-01
7.912315574533936857e-01,1.000000000000000000e+00,3.067589032894428858e-01
1.000000000000000000e+00,3.961895219007683933e-01,2.675219946235568580e-03
9.090165893532593522e-01,0.000000000000000000e+00,3.500451898356066183e-01
0.000000000000000000e+00,1.159973109324923257e-01,2.991783574774634080e-01
8.624419870126296406e-01,0.000000000000000000e+00,6.504332630844144036e-01
1.000000000000000000e+00,3.640969196224723703e-01,2.151462820100689122e-01
8.276003319673004288e-01,0.000000000000000000e+00,4.416462827724169649e-01
4.572737364568391083e-01,1.000000000000000000e+00,3.747612304411830353e-01
3.786063517809509227e-01,1.000000000000000000e+00,2.849709224580215805e-01
2.325044591999968213e-01,0.000000000000000000e+00,2.432608132784905564e-01
4.126396871761386920e-01,0.000000000000000000e+00,3.634478442201138915e-01
6.970323651629459771e-01,1.000000000000000000e+00,3.948673950658181386e-01
1.000000000000000000e+00,4.517800682458630313e-01,4.851930537040717306e-01
1.000000000000000000e+00,7.890621775161438256e-01,4.813307461784812613e-01
5.220514794693770222e-01,0.000000000000000000e+00,4.750677633028806968e-01
5.319388305575888376e-01,1.000000000000000000e+00,3.728448913191138581e-01
6.401258990523587267e-01,0.000000000000000000e+00,2.360455740286013238e-01
1.000000000000000000e+00,5.296993410538138880e-01,4.154997702245509794e-01
1.000000000000000000e+00,7.119364188833526841e-02,2.605229793940859739e-01
8.167467655197486742e-01,5.551115123125782702e-17,5.421495756693290868e-01
1.542596908677947853e-01,0.000000000000000000e+00,5.133616761149123464e-01
9.668082617945998880e-01,0.000000000000000000e+00,2.814613640267465411e-01
4.334935596995895812e-01,1.000000000000000000e+00,1.371476510725557485e-01
8.423514406554655221e-02,1.000000000000000000e+00,2.895684439186150261e-01
8.039326080067161762e-01,0.000000000000000000e+00,6.249389682112453936e-01
7.874166531487978293e-01,0.000000000000000000e+00,3.625359625517877160e-01
2.556432229238601583e-01,0.000000000000000000e+00,5.591975051704419775e-01
0.000000000000000000e+00,7.774028427763086668e-01,2.503858331087931433e-01
1.000000000000000000e+00,6.659803750389632349e-01,2.702776988196083918e-01
3.304880613344142737e-01,0.000000000000000000e+00,5.182550971353059310e-01
3.026796249062487787e-01,0.000000000000000000e+00,6.353163441001697942e-01
4.049758808419257061e-01,0.000000000000000000e+00,4.891469819961353771e-01
1.000000000000000000e+00,2.226451638883140682e-01,2.748017774320408724e-01
3.153820627862533033e-01,0.000000000000000000e+00,3.177291313251096594e-01
5.565434396414921103e-01,1.000000000000000000e+00,2.658826689539391941e-01
3.746078808296881002e-01,1.000000000000000000e+00,3.038010096851411213e-01
4.752075415701220162e-01,0.000000000000000000e+00,2.845861575038759472e-01
0.000000000000000000e+00,3.189082478452126557e-02,3.293169511284520512e-01
1.000000000000000000e+00,5.922752324786056954e-01,7.785568866003547694e-02
5.079097951550700651e-01,1.000000000000000000e+00,1.003259068679978883e-01
5.819835767130443482e-01,5.551115123125782702e-17,4.105100790661777577e-01
4.225462332938465515e-01,0.000000000000000000e+00,5.370508490026421056e-01
1.109130958334934025e-01,7.890232798239614764e-01,0.000000000000000000e+00
7.650656280614313021e-01,1.000000000000000000e+00,3.711168012377763503e-01
2.815880251683966495e-02,0.000000000000000000e+00,1.806459157981354646e-01
6.164398493270630830e-01,1.000000000000000000e+00,1.872392003116016279e-01
4.844038807351178644e-01,1.000000000000000000e+00,3.426168664092328897e-01
3.513553264041762159e-01,1.000000000000000000e+00,4.861626283790085878e-01
7.317435876284414942e-01,0.000000000000000000e+00,1.954053440451029022e-01
2.012589542433134149e-01,1.000000000000000000e+00,4.831928882114004398e-01
5.551115123125782702e-17,4.456533409879070984e-01,3.151655749766072989e-01
1.000000000000000000e+00,6.786037326410206960e-01,3.358641003279048132e-01
1.000000000000000000e+00,7.920065678439835999e-03,3.442107438905048222e-01
0.000000000000000000e+00,4.935265712292339346e-01,2.916628519474138148e-01
9.138163650825932294e-01,0.000000000000000000e+00,3.539573361858628919e-01
1.014044314337181896e-01,1.000000000000000000e+00,5.899601437390727954e-01
0.000000000000000000e+00,2.092617430558452452e-01,6.039006928672119301e-01
9.671248805468208865e-01,0.000000000000000000e+00,1.839777912945875227e-01
2.205508376712669860e-01,1.000000000000000000e+00,2.501925044436890677e-01
6.471767508660275503e-01,1.000000000000000000e+00,5.533217744045328956e-01
1.000000000000000000e+00,6.124235728363078834e-01,2.861261061254511406e-01
3.780369678195064642e-01,5.551115123125782702e-17,4.274196230496685178e-01
9.860584051365983704e-01,0.000000000000000000e+00,1.331741394339297224e-01
5.899403709664929885e-01,0.000000000000000000e+00,3.321971808366747658e-01
5.094814260641677972e-01,1.000000000000000000e+00,1.299928884422377751e-01
0.000000000000000000e+00,1.301875233669348431e-01,3.464477441112258083e-01
1.000000000000000000e+00,7.295556997780532349e-01,3.913073116840217747e-01
0.000000000000000000e+00,4.839795007715804731e-01,6.602048790541037437e-02
1.000000000000000000e+00,8.657483600871447305e-01,4.177417458118480864e-01
1.000000000000000000e+00,8.906999131851685014e-01,3.065189305097748562e-03
1.980720684454638225e-01,1.000000000000000000e+00,2.918798013010935888e-01
1.000000000000000000e+00,3.690768447908485128e-01,3.893280456299351155e-01
6.294195157451809575e-01,0.000000000000000000e+00,3.422989370589695213e-01
1.996919791483460216e-01,0.000000000000000000e+00,8.791238489109706733e-02
9.277485016451020305e-02,0.000000000000000000e+00,2.737084161008347394e-01
1.200977398711567945e-01,1.000000000000000000e+00,3.572993382488954817e-01
1.600505745495195420e-01,1.000000000000000000e+00,3.931768022893221692e-01
2.869369358056133024e-01,1.000000000000000000e+00,2.625879934549278927e-01
1.000000000000000000e+00,6.492259234238570986e-01,2.221576376770879047e-01
0.000000000000000000e+00,2.914550738712299305e-01,2.477506539286042919e-01
2.633319036755890075e-01,5.551115123125782702e-17,9.570118084070147746e-02
0.000000000000000000e+00,5.111400059013215813e-02,3.437833636660957426e-01
0.000000000000000000e+00,9.145183933243389296e-02,3.241211692237452313e-01
8.656893664072482508e-01,0.000000000000000000e+00,2.611183423316902896e-01
4.822206851418001650e-01,1.000000000000000000e+00,3.555804348937902648e-01
0.000000000000000000e+00,2.538694982319766869e-02,2.648577664045241864e-01
1.000000000000000000e+00,7.682301134954065969e-01,2.654624073727933076e-01
9.996109228718497164e-01,0.000000000000000000e+00,1.841904763143491497e-01
7.381074898807510332e-01,5.551115123125782702e-17,3.093236316555240673e-01
0.000000000000000000e+00,8.767935289943847854e-01,2.390624865007935085e-01
1.000000000000000000e+00,1.661018727215179125e-01,5.432074318498437693e-01
2.009303497074654832e-01,1.000000000000000000e+00,4.090740835065024283e-01
3.703948807540800026e-01,1.000000000000000000e+00,4.677497245325031860e-01
0.000000000000000000e+00,7.352797752328843472e-01,4.283942514564867965e-01
1.000000000000000000e+00,1.452754472270267883e-02,3.559101999802720684e-01
1.000000000000000000e+00,7.261855355076094476e-01,4.210059679106163966e-01
3.533860667937347988e-01,1.000000000000000000e+00,2.390010968901193078e-01
1.192895951696266721e-01,1.000000000000000000e+00,4.653188244565176213e-01
6.698087835004984392e-01,0.000000000000000000e+00,5.097142519867494670e-01
6.698711983970522255e-01,0.000000000000000000e+00,5.955190882840755151e-02
7.867166155530356253e-01,0.000000000000000000e+00,1.999139889276604909e-02
1.000000000000000000e+00,2.070806494069289405e-01,4.800192278962913672e-01
7.191225903967628508e-01,0.000000000000000000e+00,2.868901146411202419e-01
9.949982249423485747e-01,2.820981837003482817e-01,0.000000000000000000e+00
5.470031094548244432e-01,1.000000000000000000e+00,4.526633206082983918e-01
1.000000000000000000e+00,8.816138040796077657e-01,4.417923149373510494e-01
0.000000000000000000e+00,2.473501105858572635e-01,2.832112109287013846e-01
1.490058788536424705e-01,0.000000000000000000e+00,1.692962026417744736e-01
1.000000000000000000e+00,6.546286121397976165e-01,3.818905853079586632e-01
9.090041934132260248e-01,1.000000000000000000e+00,1.533050709043160542e-01
2.807173543458811871e-01,0.000000000000000000e+00,3.933275928888296247e-01
3.678774225713717927e-01,0.000000000000000000e+00,3.974704969376411379e-01
5.157366642963221448e-01,5.551115123125782702e-17,3.342717548539486105e-01
4.519414277294402926e-01,1.000000000000000000e+00,4.293547190720667928e-01
8.842958490612253808e-01,1.000000000000000000e+00,2.083089621749264209e-01
1.000000000000000000e+00,6.933691524408076567e-01,3.773148809605042509e-01
9.122320125108545064e-01,0.000000000000000000e+00,4.867662122030267935e-01
7.826296933831422553e-01,0.000000000000000000e+00,2.041851942285660693e-01
1.000000000000000000e+00,7.598967963019113148e-01,5.534512319515350054e-01
2.685315435257061845e-01,1.000000000000000000e+00,1.248502215772580026e-01
2.088597582373025174e-02,1.000000000000000000e+00,4.540371313375214379e-01
6.072519957095797727e-01,1.000000000000000000e+00,3.799185752982524589e-01
1.000000000000000000e+00,3.900198084504460927e-01,4.100383700940978815e-01
1.000000000000000000e+00,5.548628395713935957e-01,2.718737962051501755e-01
1.000000000000000000e+00,7.701087724804437373e-01,4.577136778444386156e-01
6.222063380108961983e-01,0.000000000000000000e+00,9.876190686238917049e-02
3.438504011810359362e-01,0.000000000000000000e+00,7.044821713871898816e-02
7.015813827241679235e-01,1.000000000000000000e+00,3.928629867665651698e-01
0.000000000000000000e+00,3.141766212350360354e-01,3.253978034154064169e-01
4.604385835735788635e-01,1.000000000000000000e+00,2.991009585905042290e-01
2.704925011948465796e-01,0.000000000000000000e+00,7.863979241947816057e-02
0.000000000000000000e+00,5.617364599117482538e-01,2.440138052954717029e-01
0.000000000000000000e+00,6.643376804476649466e-01,4.344844005495763217e-01
0.000000000000000000e+00,3.777221398394680629e-01,1.704525235260438976e-01
4.806844646967362578e-01,0.000000000000000000e+00,1.162103968141677268e-01
6.059892378426945392e-01,1.000000000000000000e+00,1.674543562358528359e-01
3.138874705935870701e-01,1.000000000000000000e+00,2.002964986715046469e-01
0.000000000000000000e+00,5.793943620275348039e-01,2.719593279813364295e-01
7.265580634404645854e-01,5.551115123125782702e-17,3.225088284109011716e-01
7.378983196319464088e-01,1.000000000000000000e+00,4.201266933743201815e-01
1.647011325516271607e-01,1.000000000000000000e+00,2.061308554523555436e-01
5.551115123125782702e-17,7.363119217236020475e-01,4.139528654572858235e-01
7.144028360044435422e-01,1.000000000000000000e+00,3.935873232914473552e-01
5.865959166444264516e-01,1.000000000000000000e+00,1.675288058312055239e-01
2.397957509222726769e-01,0.000000000000000000e+00,3.849943096962322731e-01
1.000000000000000000e+00,2.547063461592896094e-01,2.243622148377272529e-01
6.192832399650820552e-01,0.000000000000000000e+00,5.618267210286386204e-01
1.724285624434752084e-01,1.000000000000000000e+00,3.265399972806550255e-01
6.085587633778801742e-01,1.000000000000000000e+00,3.044046732505529818e-01
5.297966129646780598e-01,1.000000000000000000e+00,8.400452393680321594e-02
9.480298702085734330e-01,1.000000000000000000e+00,3.736267366821909297e-01
1.000000000000000000e+00,6.867505892227957487e-01,4.522093741955213186e-02
0.000000000000000000e+00,2.195660860805920267e-02,5.395840867635963711e-01
1.000000000000000000e+00,3.426041434880522929e-01,2.168767899064509008e-01
8.336336301352306188e-01,1.000000000000000000e+00,5.583338419061749658e-01
6.391822762125072277e-01,1.000000000000000000e+00,3.193927814931521447e-01
0.000000000000000000e+00,4.373020145126204627e-01,2.859196604108763529e-01
2.843797624966901694e-01,1.000000000000000000e+00,4.603718546527839628e-01
0.000000000000000000e+00,4.079291975907789469e-02,2.914308129149233428e-01
0.000000000000000000e+00,9.612371635093784894e-01,1.509886728835411751e-01
6.368137496048427160e-01,0.000000000000000000e+00,4.380280221774107696e-02
1.000000000000000000e+00,9.977320279129950897e-01,5.432783038923116870e-02
1.000000000000000000e+00,3.805094502414084756e-01,2.578331852522441903e-01
1.000000000000000000e+00,1.119104890814848208e-01,3.602873072101001606e-01
1.418781400240292645e-01,0.000000000000000000e+00,4.044489828002014176e-01
3.572209695812734176e-01,0.000000000000000000e+00,3.152139824554741621e-01
2.730540540404335914e-04,9.420223214915133259e-01,0.000000000000000000e+00
2.067489552789948948e-01,0.000000000000000000e+00,4.547945815986128570e-01
1.000000000000000000e+00,3.632723611407624453e-01,5.535200080547256762e-01
4.410562166703548281e-01,1.000000000000000000e+00,3.032152848308701798e-01
0.000000000000000000e+00,4.413512499743036388e-01,6.256587254657436370e-02
9.200767070270658987e-01,1.000000000000000000e+00,3.770853339388683390e-01
0.000000000000000000e+00,3.104023067487382548e-02,8.237765572345692733e-02
3.923983297243704982e-01,1.000000000000000000e+00,3.018209383088422681e-01
8.905501932180819313e-01,1.000000000000000000e+00,2.964075011420865269e-01
2.839090570209735209e-01,1.000000000000000000e+00,2.834762728760314987e-01
0.000000000000000000e+00,9.931210530811995785e-01,3.190981183816739009e-01
3.923394148374942381e-01,0.000000000000000000e+00,1.703412005594028833e-01
1.000000000000000000e+00,1.846183096159603743e-02,3.577544440722240093e-01
6.397601352892251514e-02,1.000000000000000000e+00,1.435643658010690160e-01
1.000000000000000000e+00,1.270076479289416471e-01,2.403973033378110358e-01
0.000000000000000000e+00,6.432578628632280582e-01,4.070618486352516330e-01
3.298464979317474732e-01,1.000000000000000000e+00,5.501743395338498654e-01
1.000000000000000000e+00,3.662123253366227904e-01,3.395124958942579152e-01
1.612296238732884301e-01,1.000000000000000000e+00,1.994998643908940106e-01
1.000000000000000000e+00,8.508777768817099574e-01,2.409864466177648046e-01
4.862963604141847807e-01,0.000000000000000000e+00,3.096857638187224815e-01
6.087996182790044175e-01,1.000000000000000000e+00,1.997741152352832672e-01
1.000000000000000000e+00,1.503538416485262208e-01,2.990072991373603495e-01
5.655976740016713800e-01,1.000000000000000000e+00,2.076500916927844220e-01
9.448165504596264253e-01,1.000000000000000000e+00,2.779127913165696517e-01
0.000000000000000000e+00,8.330142458166358566e-01,3.511132716453198022e-01
3.044517346453755602e-01,1.000000000000000000e+00,5.648447358640139582e-01
7.620232431147420105e-01,0.000000000000000000e+00,2.166859894581156243e-01
0.000000000000000000e+00,2.065048985118955460e-01,2.770901127837823719e-01
9.375145271154732285e-01,0.000000000000000000e+00,2.565010530985940562e-01
6.287711462975708043e-01,0.000000000000000000e+00,2.898420538458490459e-01
7.554762262082939106e-01,1.000000000000000000e+00,2.605922013097597967e-01
7.773465335012386124e-01,0.000000000000000000e+00,1.979403382354003593e-01
5.551115123125782702e-17,1.266302465212241768e-01,5.388544504058507822e-01
1.099824561091116426e-01,1.000000000000000000e+00,5.385309853758917242e-01
7.573395350914555735e-01,0.000000000000000000e+00,2.382381164884402602e-01
6.527582279743254778e-02,1.000000000000000000e+00,3.391313190394484867e-01
0.000000000000000000e+00,3.384062219885886069e-01,2.729003955444853080e-01
0.000000000000000000e+00,5.528505996601965622e-01,4.536924138627248526e-01
2.384570081971043587e-02,1.000000000000000000e+00,3.486499117902083222e-01
0.000000000000000000e+00,1.131180149828441284e-01,4.490112960930972563e-01
0.000000000000000000e+00,6.858606586031215091e-01,2.619313019614362137e-01
5.151904461498936216e-01,0.000000000000000000e+00,9.458198091267938645e-02
0.000000000000000000e+00,9.870199107521397952e-01,4.926050678906879199e-01
1.000000000000000000e+00,1.875171604103627598e-01,4.699849192405950449e-01
2.113032415470380565e-01,1.000000000000000000e+00,7.219815611922275611e-02
8.738745126217082326e-01,1.000000000000000000e+00,4.759286822619136492e-01
0.000000000000000000e+00,1.652033788309486551e-01,3.661111422058105358e-01
6.315684616636535464e-02,0.000000000000000000e+00,2.233899841979506140e-01
8.252079746718558040e-01,0.000000000000000000e+00,4.081124665694345621e-01
1.826646169708311396e-01,0.000000000000000000e+00,2.532496280190039695e-01
1.000000000000000000e+00,7.931395401659637745e-01,4.314421632271608908e-01
1.000000000000000000e+00,3.694669375917842835e-01,1.328207754112729067e-01
7.027771033285050706e-01,1.000000000000000000e+00,6.280776612037625162e-02
3.869737790894458573e-01,1.000000000000000000e+00,1.023838491987223986e-01
3.513156096025127351e-01,0.000000000000000000e+00,3.604957972579692083e-01
1.000000000000000000e+00,8.961321392929663121e-01,6.469275230634194962e-01
0.000000000000000000e+00,6.242402983884846046e-01,4.055062474172414499e-01
5.652118180226657351e-01,1.000000000000000000e+00,5.194477305808106182e-01
9.666392147056588335e-01,8.794862052478886749e-01,0.000000000000000000e+00
7.599575734933391447e-01,0.000000000000000000e+00,4.568190509597238602e-01
0.000000000000000000e+00,3.449818865445721250e-01,1.969407943075305312e-01
9.325846249061153781e-01,1.000000000000000000e+00,4.280130313499835859e-01
0.000000000000000000e+00,9.786186243154511022e-01,1.613628850445525953e-01
1.000000000000000000e+00,9.041688867988992850e-01,2.222961453810082810e-01
0.000000000000000000e+00,7.713871606772491063e-01,3.466683373866077389e-01
7.655807654463337997e-01,1.000000000000000000e+00,4.078283245630220377e-01
6.054476322013504497e-01,0.000000000000000000e+00,2.741973498723093705e-01
0.000000000000000000e+00,5.455531611861034191e-01,2.985018367826537400e-01
0.000000000000000000e+00,5.156678348511026799e-01,5.204273444309961416e-01
1.686299174578156923e-01,1.000000000000000000e+00,2.180867235426427742e-01
2.288722979178970940e-01,5.551115123125782702e-17,4.582815536740060258e-01
0.000000000000000000e+00,7.620209615360257205e-01,3.817527631404852295e-01
8.873900134322001421e-01,1.000000000000000000e+00,3.866606705183770476e-01
1.130024667852892462e-01,5.551115123125782702e-17,2.088136793600031960e-01
0.000000000000000000e+00,2.104912058470237157e-01,4.780487907445289952e-01
0.000000000000000000e+00,3.048918731864971310e-01,3.184282819764077122e-01
0.000000000000000000e+00,8.933294450200035541e-01,1.912329534257059538e-01
1.000000000000000000e+00,2.828326835034796760e-01,4.835114672929471391e-01
1.000000000000000000e+00,8.599334200317050314e-01,2.344005201866623256e-01
1.000000000000000000e+00,2.684903675035855142e-01,9.705364391837389970e-02
1.000000000000000000e+00,3.439515016171290629e-02,3.402289913038439861e-01
1.000000000000000000e+00,3.833119148663329812e-01,3.406419473758242056e-01
1.000000000000000000e+00,9.980428623410105837e-01,1.901205468248177433e-01
1.943702768092273048e-01,1.000000000000000000e+00,1.213496943685660745e-01
0.000000000000000000e+00,3.461367106764250412e-01,3.816071077109139953e-01
5.613390887076812330e-01,0.000000000000000000e+00,3.748467209283127266e-01
0.000000000000000000e+00,3.186298365290152201e-01,4.558175838553361059e-01
6.045058768001863037e-01,0.000000000000000000e+00,9.434520916910188459e-02
1.581060157119248688e-01,0.000000000000000000e+00,3.706039670749270432e-01
7.721554473276079911e-01,1.000000000000000000e+00,2.951794803851758298e-01
9.881406855930171540e-01,1.000000000000000000e+00,5.650560172950308546e-02
4.705600580399199595e-02,0.000000000000000000e+00,4.270426408542895569e-01
4.592275614192295463e-01,0.000000000000000000e+00,2.623233979890725598e-01
8.039699512160138895e-01,0.000000000000000000e+00,3.672764209469600027e-01
9.538032288928370850e-01,5.551115123125782702e-17,3.263569715477723787e-01
2.900352453268261743e-01,0.000000000000000000e+00,5.852885616237538668e-01
8.250100806824811617e-01,0.000000000000000000e+00,2.713535825705454263e-01
4.636842664516168111e-01,5.551115123125782702e-17,3.944659277556757937e-01
1.000000000000000000e+00,3.684141422414749512e-01,4.175177422137679173e-01
1.000000000000000000e+00,9.126443549273738354e-01,3.762066341075927522e-01
0.000000000000000000e+00,8.965064414092949185e-03,1.562841042384691126e-01
0.000000000000000000e+00,3.812890902945341165e-01,8.006039774364132056e-02
4.990652402371718588e-01,1.000000000000000000e+00,4.292207868633531875e-01
0.000000000000000000e+00,1.317424845847115500e-01,5.017723438955870030e-01
4.355176043449913159e-01,0.000000000000000000e+00,3.886927944092724019e-01
0.000000000000000000e+00,2.362355478686087862e-01,2.444209160776415202e-01
1.000000000000000000e+00,4.173984780413515505e-01,2.833257019026824142e-01
1.000000000000000000e+00,8.993291371860967498e-01,3.558221821321682077e-01
7.238256015318034198e-02,1.000000000000000000e+00,1.508848685562352854e-02
5.133415697002746692e-01,0.000000000000000000e+00,2.805138790423820083e-01
0.000000000000000000e+00,5.947021713968148049e-01,4.051443975066203462e-01
1.000000000000000000e+00,7.517650911808085867e-01,4.770451448845757780e-01
1.000000000000000000e+00,2.851041397882410622e-01,3.836186724192679476e-01
0.000000000000000000e+00,2.261025779419117976e-01,3.000226522954477226e-01
6.265888612649936906e-01,5.551115123125782702e-17,3.833654273906550447e-01
1.026560739956347001e-01,9.284089961424855098e-01,0.000000000000000000e+00
8.965428902371781472e-01,1.000000000000000000e+00,4.760915342438733489e-01
1.195992584590589436e-01,1.000000000000000000e+00,2.478431730422831492e-01
1.000000000000000000e+00,5.705750290600136720e-02,4.189144949674731278e-01
1.979829497773997193e-01,0.000000000000000000e+00,3.717681340163383474e-01
8.691453391110212090e-01,0.000000000000000000e+00,1.708934355970493368e-01
5.080388894764191754e-01,0.000000000000000000e+00,5.118042904928797876e-01
0.000000000000000000e+00,2.951913877909603801e-01,1.640317855132472635e-02
1.000000000000000000e+00,5.483584461635007123e-01,3.607314205640379523e-01
6.207400011724639732e-01,0.000000000000000000e+00,2.510354574928489457e-01
9.353223214827321996e-01,0.000000000000000000e+00,2.688781829091640985e-01
5.551115123125782702e-17,9.576801601470514846e-01,5.769685012205675312e-01
7.533733562992228627e-01,1.000000000000000000e+00,2.463001400580489830e-01
1.000000000000000000e+00,6.410036654744718509e-01,5.124858828755861628e-01
0.000000000000000000e+00,2.701499368730136963e-01,1.121468752203925168e-01
1.000000000000000000e+00,8.358585280910763027e-01,5.551292324867492800e-01
5.557528408416712029e-02,1.000000000000000000e+00,1.580714183209022128e-01
6.647790113940147405e-01,0.000000000000000000e+00,6.375202485888512571e-01
8.654620526544942738e-01,5.551115123125782702e-17,3.412625053862839986e-01
0.000000000000000000e+00,4.006756316532896767e-01,3.245222740931626992e-01
8.108899688655440974e-02,1.000000000000000000e+00,3.055978759173267889e-01
0.000000000000000000e+00,7.434724555254079714e-01,4.080852971696647957e-01
1.000000000000000000e+00,2.604763073222329250e-01,1.685303825065168626e-01
1.000000000000000000e+00,4.677170492466807827e-01,1.370710782977017927e-01
0.000000000000000000e+00,8.965117972035094862e-01,3.640198831629312681e-01
8.416233121655227745e-01,1.000000000000000000e+00,2.513018343511164154e-02
0.000000000000000000e+00,6.783275331049164469e-01,1.391363095049983067e-01
5.440801198902995850e-01,1.000000000000000000e+00,1.406401835156600166e-01
0.000000000000000000e+00,6.346861806133431427e-01,2.787269630232239725e-01
1.000000000000000000e+00,3.560647339110363241e-01,2.682192494411330119e-01
9.063876665070051963e-01,1.000000000000000000e+00,3.370584811109597623e-01
1.000000000000000000e+00,4.045784819539724464e-01,3.847347287079911915e-01
1.000000000000000000e+00,8.418799325568726566e-01,3.958178556700663320e-01
8.278829287143183446e-01,1.000000000000000000e+00,2.033578419388548941e-01
0.000000000000000000e+00,5.319638561120459963e-01,4.299037186903774677e-01
3.453698366022466271e-01,0.000000000000000000e+00,4.163657487481451369e-01
1.000000000000000000e+00,5.880730808547074417e-02,1.593700708377698005e-01
1.659692584928245673e-01,1.000000000000000000e+00,4.419206217093262223e-01
2.458765104234968413e-01,0.000000000000000000e+00,4.387836169678789311e-01
3.047397580624852109e-01,5.551115123125782702e-17,2.849809060249236525e-01
6.118618878284660667e-01,0.000000000000000000e+00,1.355729509997251059e-01
3.031118612032470683e-01,0.000000000000000000e+00,5.372004802533318912e-01
0.000000000000000000e+00,2.580150951601276055e-01,1.343339973459717063e-01
1.000000000000000000e+00,4.506041015321408660e-01,5.076829741707012955e-01
1.000000000000000000e+00,1.507663003858359940e-01,3.093154847985494782e-01
1.304789151561434601e-01,0.000000000000000000e+00,5.126390401000557873e-01
6.204852505907776372e-01,1.000000000000000000e+00,1.584303956770288513e-01
7.367352069663719583e-01,1.000000000000000000e+00,4.210388159693847498e-01
1.000000000000000000e+00,6.675053672511608305e-01,2.795569421080313921e-01
5.969723292279791593e-01,1.000000000000000000e+00,2.965126590229335557e-01
4.392536834920357514e-03,1.000000000000000000e+00,2.879702602842291181e-01
5.387434132157468136e-01,0.000000000000000000e+00,4.876471969367922599e-01
1.000000000000000000e+00,2.764802384108381306e-01,2.554590636356880440e-01
1.000000000000000000e+00,5.106360536235637904e-02,3.504451295257543508e-01
4.080295715570173010e-01,1.000000000000000000e+00,4.289544414047312682e-01
7.946444204327723915e-02,1.000000000000000000e+00,1.785479635945652899e-01
1.000000000000000000e+00,2.455783443799705590e-01,5.670225736348900591e-01
1.000000000000000000e+00,2.107021428039406175e-01,4.749393893231957930e-01
1.000000000000000000e+00,4.041710914559133450e-01,1.981954647281603532e-01
6.906154710685672438e-01,0.000000000000000000e+00,4.576983729107720889e-01
1.000000000000000000e+00,7.859427228282755973e-02,2.428555368022771999e-01
4.034685571373945456e-01,1.000000000000000000e+00,2.268767039526273788e-01
5.141463736770035542e-02,0.000000000000000000e+00,5.369299907064120081e-01
0.000000000000000000e+00,2.155371695587627312e-01,5.642135859183974866e-02
7.123462946682745933e-01,0.000000000000000000e+00,3.033235077060195684e-01
3.000121408676084678e-01,1.000000000000000000e+00,5.462709196053959770e-01
1.000000000000000000e+00,4.066063270752918735e-01,3.660140392437570278e-01
3.181950059115493112e-01,0.000000000000000000e+00,3.167424518959875424e-01
3.483300788300320305e-01,0.000000000000000000e+00,3.666013984550073879e-01
1.000000000000000000e+00,1.567666808945138990e-01,4.037447770613249443e-01
5.838198536906604730e-01,1.000000000000000000e+00,5.615988365225043077e-01
1.000000000000000000e+00,4.300631592725212560e-02,4.043475511152712643e-01
7.441963501553597871e-01,0.000000000000000000e+00,4.153456428909527709e-01
1.000000000000000000e+00,3.684876701953401223e-01,2.370216531818356287e-01
5.960337606273080624e-01,0.000000000000000000e+00,5.635720935813148813e-01
1.000000000000000000e+00,8.072784746103809361e-01,1.978194717510369793e-01
0.000000000000000000e+00,3.939058994644999978e-01,2.664278353979281366e-01
1.000000000000000000e+00,7.824082313470442918e-01,4.708736694076239848e-01
1.857865444935948296e-01,1.000000000000000000e+00,3.905693815817727899e-01
1.000000000000000000e+00,8.506513819977168378e-01,2.538867814602119299e-02
5.364015619479292063e-01,1.000000000000000000e+00,1.877933789842166079e-01
7.851173918135299079e-01,1.000000000000000000e+00,5.056640207992284530e-01
0.000000000000000000e+00,3.329147373031927648e-01,3.064576798150304704e-01
4.426436867061492864e-01,1.000000000000000000e+00,5.759346243230482054e-01
0.000000000000000000e+00,1.787915208698473979e-01,4.433858314052235849e-01
3.448304030173700019e-01,1.000000000000000000e+00,1.945280438207995233e-01
2.122762549293000234e-02,1.000000000000000000e+00,4.869478440898349358e-01
1.000000000000000000e+00,3.647212790729362220e-01,2.652399664028236570e-01
5.551115123125782702e-17,5.912993284467187305e-01,4.181901552971206693e-01
5.551115123125782702e-17,7.987176659984014382e-01,3.993497671076844391e-01
8.706578064563447183e-02,0.000000000000000000e+00,1.054267551206811149e-02
1.000000000000000000e+00,7.323253862918300827e-01,3.884711989555689193e-01
0.000000000000000000e+00,1.229708632485616571e-01,2.834581799177487427e-01
4.288467485476436525e-01,0.000000000000000000e+00,2.507943613706611341e-01
2.607519837663024864e-01,1.000000000000000000e+00,5.265553417639373679e-03
5.769015795377995248e-01,0.000000000000000000e+00,1.087241835281382019e-01
1.000000000000000000e+00,6.664164365872865536e-01,3.463708836965884164e-01
0.000000000000000000e+00,6.003563148021520135e-01,2.272383244803363733e-01
1.000000000000000000e+00,2.585456346161619234e-01,3.748998589769320655e-01
2.924147458121763576e-01,1.000000000000000000e+00,1.247630511014155563e-02
6.965845597237786402e-01,0.000000000000000000e+00,4.324766897616673100e-01
2.981140252081474484e-01,1.000000000000000000e+00,3.046043503887936321e-01
1.000000000000000000e+00,8.096151130768824977e-01,2.533548281625900289e-01
0.000000000000000000e+00,4.859641487095762158e-01,5.437328436521424169e-02
6.731869135465549103e-01,1.000000000000000000e+00,3.542534228257128159e-01
5.355362698794717824e-01,1.000000000000000000e+00,5.226299430863560191e-01
0.000000000000000000e+00,5.045104114154472796e-01,2.092103383403954575e-01
6.037055163298302718e-01,1.000000000000000000e+00,5.887841653603520520e-02
0.000000000000000000e+00,3.773424579768926979e-01,2.210640691409529179e-01
5.806105553667720853e-01,0.000000000000000000e+00,3.899298402254178231e-01
5.551115123125782702e-17,7.267373104547341089e-01,3.873047323521270346e-01
7.241908681698877581e-01,1.000000000000000000e+00,4.342562872680841290e-01
9.236481290553431034e-01,1.000000000000000000e+00,8.705391093877495878e-02
0.000000000000000000e+00,3.878152884068095663e-01,1.904406934322425693e-01
8.168749873492336944e-01,0.000000000000000000e+00,4.167020254180905936e-01
3.491583309115224298e-01,1.000000000000000000e+00,2.556284651847704481e-01
1.000000000000000000e+00,8.681802704870387188e-01,2.027367512444297470e-01
8.400565183756886212e-01,1.301275960334292159e-01,0.000000000000000000e+00
1.000000000000000000e+00,8.692817096888939554e-01,6.314262265245575989e-01
0.000000000000000000e+00,6.371523745039098241e-01,2.864445179374509043e-01
3.567997166073923476e-01,0.000000000000000000e+00,2.664070432860158877e-01
3.683492636671828468e-01,0.000000000000000000e+00,2.241752820033422744e-01
7.883987582710741959e-01,1.000000000000000000e+00,2.861557769419782460e-01
1.000000000000000000e+00,1.010930185809515991e-01,5.628341055784910063e-01
4.861567914375924948e-02,1.000000000000000000e+00,3.472281708806886913e-01
4.607155198447994704e-01,1.000000000000000000e+00,1.288182947561365976e-01
1.719791180092734573e-01,1.000000000000000000e+00,2.411723824516128489e-01
0.000000000000000000e+00,1.892921043025456718e-01,2.494068636251700610e-01
0.000000000000000000e+00,5.087087948409263483e-01,3.213705413937570921e-01
1.000000000000000000e+00,5.340894339492914256e-01,3.080721993216309906e-01
1.000000000000000000e+00,8.421336033558972645e-01,4.814959765630549837e-02
6.812647159538834929e-01,0.000000000000000000e+00,2.630910322498559717e-01
9.228021198217726262e-01,1.000000000000000000e+00,4.734804400586851703e-01
3.485050983463956475e-01,1.000000000000000000e+00,2.933939916712153817e-01
6.026584831995812630e-01,0.000000000000000000e+00,8.637739275061226407e-02
3.224906667720197628e-01,1.000000000000000000e+00,5.032532513144888364e-01
4.961266258351609282e-01,1.000000000000000000e+00,3.967456396440716127e-02
0.000000000000000000e+00,9.492063920354051332e-01,4.960741999728420781e-01
0.000000000000000000e+00,6.000735052899109911e-01,2.772096986036224342e-01
4.214859523281145881e-01,1.000000000000000000e+00,2.131009147071168675e-01
9.451682292081425851e-01,1.000000000000000000e+00,1.979377437824308972e-03
0.000000000000000000e+00,3.488017698522297705e-01,1.952245328009893921e-01
8.124240582206698758e-01,0.000000000000000000e+00,3.367473519332794263e-01
4.727417101478463279e-01,1.000000000000000000e+00,3.919176179603099941e-01
8.111294454914959040e-01,1.000000000000000000e+00,3.624314561511884358e-01
1.000000000000000000e+00,7.393884130968580992e-01,3.572404121495946216e-01
8.091521011387637907e-01,1.000000000000000000e+00,3.211675314174678997e-01
5.856777135223667496e-02,0.000000000000000000e+00,2.360458400848110816e-01
5.849113036019217837e-01,0.000000000000000000e+00,1.037475703547140748e-01
9.350745013259633698e-01,1.000000000000000000e+00,4.235906478133889541e-01
0.000000000000000000e+00,5.067874420819475922e-01,2.906515590322993337e-01
1.000000000000000000e+00,9.270372356946410264e-01,4.295147476159419386e-01
0.000000000000000000e+00,1.220864078760118820e-01,3.281599396997051388e-01
1.523318875479721668e-01,0.000000000000000000e+00,1.763368500031564090e-01
8.071793745194557612e-01,0.000000000000000000e+00,2.666079612567476276e-01
5.551115123125782702e-17,2.451000440550717419e-01,5.340991402117335474e-01
1.262317008336061308e-02,1.000000000000000000e+00,4.339652706864515208e-01
9.005302530379977188e-01,1.000000000000000000e+00,3.191635027415103965e-01
1.294340676770028287e-02,1.000000000000000000e+00,2.043728157872138074e-01
7.678924416693275745e-01,0.000000000000000000e+00,4.322503574069165300e-01
7.144506579684104519e-01,0.000000000000000000e+00,1.330270759046154327e-01
6.043417860396517183e-01,0.000000000000000000e+00,1.712568747048945073e-01
1.000000000000000000e+00,7.564019275249638241e-01,3.809935708305992597e-01
1.000000000000000000e+00,1.611284280478027520e-01,4.687226864870993603e-01
1.000000000000000000e+00,3.208304474842769705e-01,1.432299888779740848e-01
5.014589618518212610e-01,1.000000000000000000e+00,2.447365773756062513e-01
1.000000000000000000e+00,8.291093550205890228e-01,5.053322882917922199e-01
5.914788690158463424e-01,0.000000000000000000e+00,2.680040164182287410e-01
1.000000000000000000e+00,2.199493608054500227e-01,4.533259505085829311e-01
6.585290111378365729e-01,0.000000000000000000e+00,2.028317918856319679e-01
7.163042877543489562e-01,0.000000000000000000e+00,4.248813587751216758e-01
1.387061162667331538e-01,0.000000000000000000e+00,4.821677173179739206e-01
1.000000000000000000e+00,6.574848129877144398e-01,3.836690274040533977e-01
8.145299735286997134e-01,0.000000000000000000e+00,3.247483699286509151e-01
1.000000000000000000e+00,4.938241749393466051e-01,3.978926946105861839e-01
1.000000000000000000e+00,3.240441423526835285e-01,6.481034603458397658e-01
7.414924936562042879e-01,1.000000000000000000e+00,1.536602573049938580e-01
5.374748974243616084e-01,0.000000000000000000e+00,4.545552852026604196e-01
0.000000000000000000e+00,5.234690689339627223e-01,3.615323104367131890e-01
1.000000000000000000e+00,1.493151819318014883e-01,4.562998181573697520e-01
8.031514976848325160e-02,1.000000000000000000e+00,3.172229370225965184e-01
6.483641176483964097e-01,0.000000000000000000e+00,1.956246415562074292e-01
2.052406252048290525e-01,1.000000000000000000e+00,3.622360080632790469e-01
7.396840934919577393e-01,1.000000000000000000e+00,9.879177060398589005e-02
9.053622571134838370e-01,0.000000000000000000e+00,4.307909740496638218e-01
1.000000000000000000e+00,7.974646097352009466e-01,7.248966505920895198e-02
1.000000000000000000e+00,1.350594332761279048e-01,3.072892398168672878e-01
0.000000000000000000e+00,7.025086659808832401e-01,4.240970317018648572e-01
1.000000000000000000e+00,5.722712844456281367e-01,4.522233668209509894e-01
1.000000000000000000e+00,9.254849402052605090e-01,3.438296965676136407e-01
1.599614739513928185e-01,1.584197162276115289e-01,0.000000000000000000e+00
4.083320764576542361e-02,0.000000000000000000e+00,4.034574200460711024e-01
3.138972621501949223e-01,1.000000000000000000e+00,1.504245054877166587e-01
2.248068017923715300e-01,0.000000000000000000e+00,2.968467719320755371e-01
1.000000000000000000e+00,6.909056372790371991e-01,5.001068457115689370e-01
2.344679079535704758e-01,0.000000000000000000e+00,1.832766776517081586e-01
1.000000000000000000e+00,1.100461449032621442e-01,1.187986256482954361e-01
1.000000000000000000e+00,8.566964170153121838e-01,4.772805862209142935e-01
1.000000000000000000e+00,6.739958044544090976e-01,4.592311343638863508e-02
1.717449240346377581e-01,0.000000000000000000e+00,2.033681170335919219e-01
5.821993373355104362e-01,1.000000000000000000e+00,4.122077216862504168e-01
6.277771181679414614e-02,0.000000000000000000e+00,6.447196548280361705e-01
7.928590443477789851e-01,0.000000000000000000e+00,4.007921739665067928e-01
1.000000000000000000e+00,6.266818495264484534e-01,5.950006615665299758e-01
1.000000000000000000e+00,2.852910383412489703e-01,4.754751745409806496e-01
3.617649015791871703e-01,0.000000000000000000e+00,1.857402829256504517e-01
1.447022053382283069e-01,1.000000000000000000e+00,2.079135516364544189e-01
1.000000000000000000e+00,8.503714117954016549e-01,1.944685564917626730e-01
1.000000000000000000e+00,9.402500624884129188e-01,6.491890767582456090e-02
0.000000000000000000e+00,9.880747446012350110e-01,2.630454102563893892e-01
7.555358419996980324e-01,1.000000000000000000e+00,3.731349728326109894e-01
6.377227799271030229e-01,0.000000000000000000e+00,3.434608220236312626e-01
1.000000000000000000e+00,1.560019495561720815e-01,3.724533936447408378e-01
0.000000000000000000e+00,3.771335447636655069e-01,2.900580444930841995e-01
8.012594964666956976e-01,1.000000000000000000e+00,4.087847154557742169e-01
1.000000000000000000e+00,6.379999788608607947e-01,1.462661305337931428e-01
0.000000000000000000e+00,1.553901253407067862e-01,5.253560165109237845e-01
5.095566803204204520e-02,9.430758808834405205e-01,2.775557561562891351e-17
0.000000000000000000e+00,3.801987792391603449e-03,4.642702554483362776e-01
8.087867772432953961e-01,0.000000000000000000e+00,3.432700659105257790e-01
1.672904910575781501e-01,1.000000000000000000e+00,5.144041497084421710e-01
7.510130052840007231e-01,4.964338374621057870e-02,0.000000000000000000e+00
5.340743693424563343e-01,0.000000000000000000e+00,1.669392180204530285e-01
8.196913181871250398e-01,1.000000000000000000e+00,5.774815947725422394e-01
1.000000000000000000e+00,7.624534654171697401e-01,2.367953184825137558e-01
7.245656208298580925e-01,1.000000000000000000e+00,1.611266262700368490e-01
9.808387056182833463e-01,0.000000000000000000e+00,2.791128555272954781e-01
9.390905675896905613e-01,1.000000000000000000e+00,3.232037322922387546e-01
2.854446062008014207e-01,1.000000000000000000e+00,2.218020848101559528e-01
1.000000000000000000e+00,1.657020023240970419e-01,2.252115214729951131e-01
0.000000000000000000e+00,5.194308402931641089e-02,5.119920914871004536e-01
1.000000000000000000e+00,9.873715260881783529e-01,5.016527475976093609e-01
6.168648918939778625e-01,1.000000000000000000e+00,1.030602686533340362e-01
0.000000000000000000e+00,2.417088769532103609e-01,1.470770313877121649e-01
3.713501641622568572e-02,0.000000000000000000e+00,3.449617666687910811e-01
0.000000000000000000e+00,3.208569520262251618e-01,3.057884527792167351e-01
2.990536176272382551e-01,0.000000000000000000e+00,4.188597533800770822e-01
1.000000000000000000e+00,9.469183779402712275e-02,1.891487045318612781e-01
0.000000000000000000e+00,9.420744012524918665e-01,1.810724646413449934e-01
4.741669948913163068e-01,1.000000000000000000e+00,2.740684014106306021e-01
7.004221873311035074e-01,1.000000000000000000e+00,4.722508941787693093e-01
9.479575128701417386e-02,7.700421662176659687e-01,0.000000000000000000e+00
1.000000000000000000e+00,1.682447797565781444e-01,5.258101549619562665e-01
7.101613179744571402e-01,0.000000000000000000e+00,5.853300652918186353e-01
1.000000000000000000e+00,2.925307957630500777e-01,6.445390080545139178e-01
5.987913294774691586e-01,0.000000000000000000e+00,4.454922499491345556e-01
0.000000000000000000e+00,5.510839218663153849e-01,2.945703758330842081e-02
1.000000000000000000e+00,4.629959112100053287e-01,5.367056744254198319e-01
4.000856714305336959e-01,0.000000000000000000e+00,2.904936651212949306e-01
0.000000000000000000e+00,3.565618498968494698e-01,2.050452499138015194e-01
1.983849528539309570e-01,0.000000000000000000e+00,3.471077113177751805e-01
1.000000000000000000e+00,8.093182481630958325e-01,3.426895883551979716e-01
1.000000000000000000e+00,3.173811852430513114e-01,3.117480659697705603e-01
1.000000000000000000e+00,8.708643990171845983e-01,2.611069478955214684e-01
1.322312446032066213e-01,1.000000000000000000e+00,3.956458955555122170e-01
0.000000000000000000e+00,4.229731699512819243e-01,2.526997666625986350e-01
6.490751011905676604e-02,0.000000000000000000e+00,4.081824546748331617e-01
4.740818943126600127e-01,0.000000000000000000e+00,2.762681487377686151e-01
0.000000000000000000e+00,8.345794755200226511e-01,3.394794950287727819e-01
5.889756978353107852e-01,1.000000000000000000e+00,5.114555266420823809e-01
1.000000000000000000e+00,4.418806672493697518e-01,1.343048463515345015e-01
0.000000000000000000e+00,4.952512149759673021e-01,4.392260301934057254e-01
1.000000000000000000e+00,9.959653329994838655e-01,2.847838056406258866e-01
4.900720765879910124e-01,1.000000000000000000e+00,5.217434530220192990e-01
1.000000000000000000e+00,9.946062518811682462e-01,3.480422939015591632e-01
8.341567255272002157e-01,5.522163895365439501e-02,0.000000000000000000e+00
0.000000000000000000e+00,4.524620380535370745e-01,4.423964872921567482e-01
1.000000000000000000e+00,6.830305982931411668e-02,2.533661759798632174e-01
1.000000000000000000e+00,3.920717115886716009e-01,1.588405140425568074e-01
0.000000000000000000e+00,9.737391043226656384e-01,2.103688911264412487e-01
1.000000000000000000e+00,8.024265246221555792e-01,2.415527837582413240e-01
4.082122136493900322e-01,1.000000000000000000e+00,1.055052252628804477e-01
0.000000000000000000e+00,4.226639519042263982e-01,1.884529207704522813e-01
0.000000000000000000e+00,6.420264388112943976e-01,1.918691995577016252e-01
2.905073623264264326e-01,0.000000000000000000e+00,4.341259650490261190e-01
0.000000000000000000e+00,2.352923993770431599e-01,1.289770612881146195e-01
1.108272684708586087e-01,9.136082620659423670e-01,0.000000000000000000e+00
0.000000000000000000e+00,1.570564772183917768e-01,1.601559265401840404e-01
9.093499783002025882e-01,0.000000000000000000e+00,3.507006878881234746e-01
0.000000000000000000e+00,2.609599484084523802e-01,4.062948697092785277e-01
2.028841329651621672e-01,0.000000000000000000e+00,1.334070695868982692e-01
7.890567565711432696e-01,1.000000000000000000e+00,1.268410872489921237e-01
7.141190484512028869e-01,0.000000000000000000e+00,2.395708722497456589e-01
1.000000000000000000e+00,7.745110666853374237e-01,2.349435656531982664e-01
1.000000000000000000e+00,2.567663863201553598e-01,4.338416910525326742e-01
0.000000000000000000e+00,3.909687758004473657e-01,3.414496503244950354e-01
0.000000000000000000e+00,4.930562801802237383e-01,5.226132866950303213e-02
6.032779228759084234e-01,1.000000000000000000e+00,4.138337974525232998e-02
1.000000000000000000e+00,6.412186212070459801e-01,2.867357731305839597e-01
1.041765979010935705e-01,1.000000000000000000e+00,4.111972418741473012e-01
8.762628038796566043e-02,0.000000000000000000e+00,3.379746173742477211e-01
0.000000000000000000e+00,9.688373393171351156e-02,1.463695239990135677e-01
5.821236350948434390e-01,0.000000000000000000e+00,3.097014015967948231e-01
8.707116436384544356e-01,2.033703501473027586e-03,2.775557561562891351e-17
1.000000000000000000e+00,9.205133767718048921e-02,3.511950998959639803e-01
1.070873581223292792e-01,1.000000000000000000e+00,5.208549860223931072e-01
1.000000000000000000e+00,9.399500979726849170e-02,2.609253455631337371e-01
1.126520575638034760e-02,1.000000000000000000e+00,5.630899048109050398e-01
7.379096452441138432e-01,0.000000000000000000e+00,9.691402435862744857e-02
0.000000000000000000e+00,9.910484593085604477e-01,3.063980722495790454e-02
0.000000000000000000e+00,2.676346102103766000e-01,5.171115530837081531e-01
1.000000000000000000e+00,6.433136257540200686e-01,4.634721378848267737e-01
7.713382137319240162e-01,0.000000000000000000e+00,2.722550404780068600e-01
4.930958563701359765e-01,1.000000000000000000e+00,3.175819968932184212e-01
4.458027876127605982e-01,0.000000000000000000e+00,1.857816981723033889e-01
1.000000000000000000e+00,7.817185970709653597e-01,1.735267293662490218e-02
1.169799978977296151e-01,1.000000000000000000e+00,3.564362095803649266e-01
1.000000000000000000e+00,2.239474635398068236e-01,2.352443915867841739e-01
3.025378010044683097e-01,0.000000000000000000e+00,4.368669096844673971e-01
1.000000000000000000e+00,8.040986447717074492e-01,3.481746488273168016e-01
0.000000000000000000e+00,8.576368951024896381e-01,9.737041494689513410e-03
8.192409793246518968e-01,0.000000000000000000e+00,5.624825277176334071e-01
1.000000000000000000e+00,6.934676619343893567e-01,3.519777803751127365e-01
0.000000000000000000e+00,6.243423320717905733e-01,1.034864447508266339e-01
3.444719991876998288e-01,1.000000000000000000e+00,3.933561290235993990e-01
5.551115123125782702e-17,2.788040916285744464e-01,4.423887855086379717e-01
1.000000000000000000e+00,7.668957448253463927e-01,2.452980495017866303e-01
1.957816297359797342e-01,5.551115123125782702e-17,6.340912365420678931e-01
1.220085018164476232e-01,1.000000000000000000e+00,3.150258290511305237e-01
1.000000000000000000e+00,3.237970582137172926e-01,5.546481629711241812e-01
0.000000000000000000e+00,1.449306800041645360e-01,1.374040087973666113e-01
0.000000000000000000e+00,6.028921921803379602e-01,3.371853840167774452e-01
1.000000000000000000e+00,3.419413704375862118e-02,3.405528333150227294e-01
1.000000000000000000e+00,6.208986082250875782e-01,1.677899211105397526e-01
4.096357475085921074e-02,1.000000000000000000e+00,3.788191563993885125e-01
6.863524717932361074e-01,0.000000000000000000e+00,4.987595144299911132e-02
0.000000000000000000e+00,4.225020116969094297e-01,1.698406254689150685e-01
9.734569494272546919e-01,1.000000000000000000e+00,2.286369918314909710e-01
6.804203959428853921e-01,1.000000000000000000e+00,6.192740726942785878e-01
4.126238499173791041e-01,1.000000000000000000e+00,4.575153236622928055e-01
1.000000000000000000e+00,2.903875682756559273e-01,3.558711386829425116e-01
9.160553240175284273e-01,0.000000000000000000e+00,4.351878356307227191e-01
0.000000000000000000e+00,5.961518568037229571e-01,2.890817226072426305e-01
6.641619458858935010e-01,1.000000000000000000e+00,2.873511626031076682e-01
0.000000000000000000e+00,5.468428332532340175e-01,1.984340699114424678e-01
7.656247921908243548e-02,5.551115123125782702e-17,3.659582711866880556e-01
1.000000000000000000e+00,8.166012960359848583e-01,2.250575710846012267e-01
6.431866526065732614e-02,1.000000000000000000e+00,5.377177513396902420e-02
3.923669204508627439e-01,0.000000000000000000e+00,3.469746537852383406e-01
4.453324190867394838e-01,1.000000000000000000e+00,2.674726107796513430e-01
8.899203237147846890e-01,0.000000000000000000e+00,3.550061767905768884e-01
0.000000000000000000e+00,6.121164494110837850e-01,6.002693533098694134e-01
8.498481549217262732e-01,1.000000000000000000e+00,3.425874719508104072e-02
8.957328789815240944e-01,1.000000000000000000e+00,5.674349144679708967e-01
1.000000000000000000e+00,6.878549587993069148e-01,4.524818516405738067e-01
0.000000000000000000e+00,9.117437682148379352e-01,2.397074522123491258e-01
1.500322701879560627e-01,0.000000000000000000e+00,5.069299114181934351e-01
5.649828003300013668e-01,1.000000000000000000e+00,4.777276881491911986e-01
4.114991303005304801e-01,1.000000000000000000e+00,2.358826275653829740e-01
1.000000000000000000e+00,3.142841110669556404e-01,4.996726467030601082e-01
4.020696705712321073e-01,1.000000000000000000e+00,2.158166673182592976e-01
7.823035020918658322e-01,0.000000000000000000e+00,4.225226914185105653e-01
9.422417087426950832e-01,0.000000000000000000e+00,4.061573569273204676e-01
0.000000000000000000e+00,2.348306465658817344e-01,5.652429140811765507e-01
0.000000000000000000e+00,5.047471674814019149e-02,2.142731379738299913e-01
5.377386860367012744e-01,0.000000000000000000e+00,4.471804995660674242e-01
3.584417555430728375e-01,0.000000000000000000e+00,2.017519369094651349e-01
1.000000000000000000e+00,6.258223471048508513e-01,3.063274887906839439e-01
1.000000000000000000e+00,6.931201637324825304e-01,2.539419323192505518e-01
1.000000000000000000e+00,7.477628007288450451e-01,5.826277684797492862e-01
1.000000000000000000e+00,4.093409719773621891e-03,9.336201509429095657e-02
0.000000000000000000e+00,2.923165306805974861e-02,3.341938588066331040e-01
4.663931719577435464e-01,1.000000000000000000e+00,5.734626209186033385e-01
9.326263763179374333e-01,0.000000000000000000e+00,3.561936364404612032e-01
3.414710018983770357e-01,0.000000000000000000e+00,4.470105983623904322e-01
1.000000000000000000e+00,6.945305421761700515e-01,4.980284371252483022e-01
6.645797522150760361e-01,1.000000000000000000e+00,1.143621619024470515e-01
1.403559822917216371e-02,1.000000000000000000e+00,1.720664835823151606e-01
1.000000000000000000e+00,2.148050568167291785e-01,4.088114381050064194e-01
4.608435874861425696e-01,0.000000000000000000e+00,2.202465404247026526e-01
5.031781755043340798e-01,0.000000000000000000e+00,1.089880954796656198e-01
1.000000000000000000e+00,7.191933484873730409e-01,5.099222185523970552e-01
9.531333832498972702e-02,1.000000000000000000e+00,4.640285520109512785e-01
1.000000000000000000e+00,8.246025192220999278e-01,4.790660188576848499e-01
7.966453354370622852e-01,1.000000000000000000e+00,2.792631728952657544e-01
1.000000000000000000e+00,9.346513870645463129e-01,4.517559497992641449e-01
8.769823817626198892e-03,0.000000000000000000e+00,3.352785097818064552e-01
1.000000000000000000e+00,4.795735155431616326e-01,7.282505235657191212e-02
7.662263064669779800e-01,1.000000000000000000e+00,4.311558915675215986e-01
8.751431085066119220e-02,5.551115123125782702e-17,3.730089568348072815e-01
1.000000000000000000e+00,6.293307232350445757e-01,5.696615793072449252e-01
6.776387700645066792e-01,0.000000000000000000e+00,3.970782183594459003e-01
2.216215936193988156e-01,8.828345725387087839e-02,0.000000000000000000e+00
0.000000000000000000e+00,6.014585590771129864e-01,2.507453324790760441e-01
6.472524664388108473e-01,1.000000000000000000e+00,2.891594320507950289e-01
2.596450739450186229e-01,5.551115123125782702e-17,3.456784228001624770e-01
1.000000000000000000e+00,4.712462910632628788e-01,2.593370165657613025e-01
9.355259085065541491e-01,0.000000000000000000e+00,3.564845381787860035e-01
8.881245525899914561e-01,1.000000000000000000e+00,4.156019026345983414e-01
0.000000000000000000e+00,5.041825701418498618e-01,3.010052157711643472e-01
3.726132861874530411e-01,0.000000000000000000e+00,3.311205581749512294e-01
0.000000000000000000e+00,5.427943382261369853e-01,2.534272159621243636e-01
1.000000000000000000e+00,8.582488499496981893e-02,3.658420185744000186e-01
0.000000000000000000e+00,8.197260123268623744e-01,2.798379459985318451e-01
5.551115123125782702e-17,3.273644718846780433e-01,2.670556792941030655e-01
0.000000000000000000e+00,5.436277039365425834e-01,4.479707893783239081e-01
7.921181830634503873e-01,1.000000000000000000e+00,1.588589131021200807e-01
1.000000000000000000e+00,1.117270430392696134e-01,2.162781290262369427e-01
5.551115123125782702e-17,2.661022504228109375e-01,5.241991867307174147e-01
9.651477115109834415e-01,0.000000000000000000e+00,4.102648922114587871e-01
6.780466581687172312e-01,1.000000000000000000e+00,2.209558431894042274e-01
8.243281688164902921e-01,0.000000000000000000e+00,1.738515496638214641e-01
5.330332672436987052e-01,5.551115123125782702e-17,3.365530506693757973e-01
1.000000000000000000e+00,9.875219464806616054e-01,5.808094867918238702e-01
8.885515005609156969e-01,1.000000000000000000e+00,3.614692752091381855e-01
0.000000000000000000e+00,4.167090563935830771e-01,4.858623340363069087e-02
9.096669503768317622e-02,0.000000000000000000e+00,3.236798616375463622e-01
1.000000000000000000e+00,8.755543211383887137e-01,5.962851334550025584e-01
3.771289628537439209e-01,0.000000000000000000e+00,2.592133502852235205e-01
1.000000000000000000e+00,5.725073227749402083e-01,3.467712471828622300e-01
7.090146106312852359e-01,1.000000000000000000e+00,3.341088537781279344e-01
1.000000000000000000e+00,6.505318587512689543e-01,2.418063785047857017e-01
6.064465155382530170e-01,0.000000000000000000e+00,5.086868613812701723e-01
1.000000000000000000e+00,1.188121842280349671e-01,2.606942928006573679e-01
1.000000000000000000e+00,5.144924013064680057e-01,2.626279607982750508e-01
1.000000000000000000e+00,3.930459357228205386e-02,1.377227051368726529e-01
5.164214260454880190e-03,0.000000000000000000e+00,4.168706154051247115e-01
1.000000000000000000e+00,7.388717040448857798e-01,3.781918389723882279e-01
6.003118724967793085e-02,1.000000000000000000e+00,9.776630770356714573e-02
0.000000000000000000e+00,3.461567134774015120e-01,4.944338946488713304e-02
0.000000000000000000e+00,7.045103218878475682e-01,3.913087928177789721e-01
1.000000000000000000e+00,6.668980205155315977e-01,5.606243566646346155e-01
8.952485630098918623e-01,0.000000000000000000e+00,2.899869127902562349e-01
1.000000000000000000e+00,3.212679727800639151e-01,3.914184180743505159e-01
1.000000000000000000e+00,6.383180060911941567e-01,2.855676680230275766e-01
2.720677134196384794e-01,0.000000000000000000e+00,2.889539472775044526e-01
1.000000000000000000e+00,5.852348739575917724e-01,4.037533313822652126e-01
7.203213608410921065e-01,0.000000000000000000e+00,6.141349445794314077e-01
0.000000000000000000e+00,1.783876351023991336e-01,2.022149325962009081e-01
7.116409375624037636e-01,1.000000000000000000e+00,3.162832697164967843e-01
0.000000000000000000e+00,8.665130026056850898e-01,2.195833215406102767e-01
6.140895917864710452e-01,1.000000000000000000e+00,4.535999025792112893e-01
3.464249404184696624e-01,1.000000000000000000e+00,4.822109099446210134e-01
5.789363105647191698e-01,1.000000000000000000e+00,3.298340756632064386e-01
1.000000000000000000e+00,7.183595061515514191e-01,3.893609633604329101e-01
7.123116379673510856e-01,0.000000000000000000e+00,3.875704977367697701e-01
7.534205128967050857e-01,5.551115123125782702e-17,3.825274238433085117e-01
1.000000000000000000e+00,9.356914322652066796e-01,1.388275843050130742e-01
1.000000000000000000e+00,7.998520427323529969e-01,3.897984978086126984e-01
9.531374533308869523e-01,0.000000000000000000e+00,4.125660666798446896e-01
2.722064349530322058e-01,0.000000000000000000e+00,1.482147661413859285e-01
1.000000000000000000e+00,3.399778078106091561e-01,4.942369852646465445e-01
3.673016392384976792e-01,1.000000000000000000e+00,2.682624604806658208e-01
4.528953244719957638e-02,0.000000000000000000e+00,1.874532353531904172e-01
0.000000000000000000e+00,3.773693646619734055e-01,5.548062098861825109e-02
2.460927857219402937e-01,0.000000000000000000e+00,3.353392531633353491e-01
1.000000000000000000e+00,9.082690743637522601e-01,1.071969199509363868e-01
1.000000000000000000e+00,3.641712801069216798e-01,2.532437068965430749e-01
6.162046351207134398e-01,1.000000000000000000e+00,1.681883075025626395e-01
0.000000000000000000e+00,1.588918181758322279e-01,4.276731895378341752e-01
4.443918990595805973e-01,1.000000000000000000e+00,4.791891710780649682e-01
3.752938047285331868e-01,1.000000000000000000e+00,1.483175168555926071e-01
1.128393113888462307e-01,0.000000000000000000e+00,2.519811560805990114e-01
5.551115123125782702e-17,2.674943592661085945e-01,3.263557974509876947e-01
7.156518409070178333e-01,0.000000000000000000e+00,5.663738332615766424e-01
4.265820649355860361e-01,1.000000000000000000e+00,2.476488154867968750e-01
8.703392799345928132e-01,1.000000000000000000e+00,5.157920058024205723e-01
1.000000000000000000e+00,5.584044779898882371e-01,3.819851032930688395e-01
3.754249915348877309e-01,0.000000000000000000e+00,3.166565006537525595e-01
5.768389504877964313e-01,1.000000000000000000e+00,2.863065298051196139e-01
5.322139672595246340e-01,0.000000000000000000e+00,2.419696995371397041e-01
8.986946994370142994e-02,0.000000000000000000e+00,8.251539117914305499e-02
1.000000000000000000e+00,9.616781335460857782e-01,1.238635282347687883e-01
2.019879358510678902e-02,1.000000000000000000e+00,2.729967311555473453e-01
1.000000000000000000e+00,1.250133004836983530e-01,3.485364805864161752e-01
1.000000000000000000e+00,7.209611500121619887e-01,3.119533744750023763e-01
6.046054801696991721e-01,1.000000000000000000e+00,3.990883373720757188e-01
3.955666304379164000e-01,1.000000000000000000e+00,4.532834489065420969e-01
1.000000000000000000e+00,6.264840673814348060e-01,5.206809395540926699e-01
7.206133740288152012e-01,1.000000000000000000e+00,1.377598545198817359e-01
6.663555618370381461e-01,1.000000000000000000e+00,2.338965954949698001e-01
4.276009761087554706e-01,0.000000000000000000e+00,2.987325648536665046e-01
1.000000000000000000e+00,3.735954194504286230e-01,3.759295086819898213e-01
6.736039365548015523e-01,5.551115123125782702e-17,2.833385032732759212e-01
2.413385654246601453e-01,0.000000000000000000e+00,3.200561091984720496e-01
6.049404205356255781e-01,0.000000000000000000e+00,2.592160477007254271e-01
0.000000000000000000e+00,6.455750827795282420e-01,3.576723553942957046e-01
1.612340603960548402e-01,0.000000000000000000e+00,3.833921824496423492e-01
1.000000000000000000e+00,7.290868396697627318e-01,3.067844665381811442e-01
3.076419395329892392e-01,0.000000000000000000e+00,3.596450533878493561e-01
1.000000000000000000e+00,6.508105531223060680e-01,2.103406343610800255e-01
6.844817938807954416e-01,1.000000000000000000e+00,5.823519103186882706e-01
6.390994791158391974e-01,5.551115123125782702e-17,3.922226463978658595e-01
1.000000000000000000e+00,8.370873705857068137e-01,3.029785505400630630e-01
9.134670515505891597e-01,1.000000000000000000e+00,1.545233124447195627e-01
1.000000000000000000e+00,7.207618638247097476e-01,4.308481420453478261e-01
6.992521073017001765e-01,0.000000000000000000e+00,4.807269603322821272e-01
1.000000000000000000e+00,3.203495022870724851e-01,1.069111748118418970e-01
0.000000000000000000e+00,8.857033810277717967e-01,2.969350907292316877e-01
0.000000000000000000e+00,7.137552024286956120e-01,2.423891570814549756e-01
0.000000000000000000e+00,3.676928516632881894e-01,4.383409900516724855e-01
1.000000000000000000e+00,2.746535453848090169e-01,4.258835537342242628e-01
6.823312565784418471e-01,1.000000000000000000e+00,2.599437970778472051e-01
0.000000000000000000e+00,7.749271678224181059e-01,2.053162425592846008e-01
7.465463687809866800e-01,0.000000000000000000e+00,2.774527966551527669e-01
1.410468452446297372e-01,0.000000000000000000e+00,2.391803166594050067e-01
1.705957114364042848e-01,1.000000000000000000e+00,3.690968920087940308e-01
0.000000000000000000e+00,7.648128811146818196e-01,5.515604485111033073e-01
9.184817347178491076e-01,1.000000000000000000e+00,4.008198701399201536e-01
1.380963892389271974e-01,1.000000000000000000e+00,2.728515229193997360e-01
0.000000000000000000e+00,9.651203469490106102e-01,1.351138095097796643e-01
5.551115123125782702e-17,7.493979320834669444e-01,3.686082968225808942e-01
3.316472130739299140e-01,0.000000000000000000e+00,1.620673018256362785e-01
1.000000000000000000e+00,1.693991949021977916e-03,6.427088180595489364e-01
7.899401816010620525e-01,0.000000000000000000e+00,4.256554504899451308e-01
4.960182254458224138e-01,0.000000000000000000e+00,3.364089071551328303e-01
1.287040875544088192e-01,0.000000000000000000e+00,4.961161413964802480e-01
9.465456162556249442e-01,0.000000000000000000e+00,1.424091076099215369e-02
2.871705146891422866e-01,0.000000000000000000e+00,2.202047890820661991e-01
1.000000000000000000e+00,7.762725921209350233e-01,4.896018156277617273e-01
9.559093289260143234e-01,1.000000000000000000e+00,3.240886776098202415e-01
4.538183673906042159e-01,1.000000000000000000e+00,3.670951804348443481e-01
9.612183464055082949e-01,1.000000000000000000e+00,3.553191588412598634e-01
9.858102222182421048e-01,1.000000000000000000e+00,3.839367333246620495e-01
1.000000000000000000e+00,7.624161244858809194e-01,1.810920832795805957e-01
1.000000000000000000e+00,8.392055262908562074e-01,4.041375859068329079e-01
0.000000000000000000e+00,2.960095541961377252e-01,2.577592413198400711e-01
1.000000000000000000e+00,1.943253791084229298e-01,3.868748557163085300e-01
8.057415806380529011e-01,0.000000000000000000e+00,4.142319468796135107e-01
1.242532623567427219e-02,1.000000000000000000e+00,3.216447586446284923e-01
8.422874270532021423e-01,0.000000000000000000e+00,3.444235676764678677e-01
5.974560977818557106e-01,0.000000000000000000e+00,4.432986630495246994e-01
5.551115123125782702e-17,3.880669248198133081e-01,3.188190286262903017e-01
2.598094438168216391e-01,1.000000000000000000e+00,2.701093668710023987e-01
8.755096794461831866e-01,1.000000000000000000e+00,6.113556685264300850e-01
0.000000000000000000e+00,9.986108215077482697e-02,4.613716044151733309e-02
6.533008182676861564e-01,1.000000000000000000e+00,4.135982829639395231e-01
0.000000000000000000e+00,3.149918646759041763e-01,4.541353121357634137e-01
8.249202519077647455e-02,1.000000000000000000e+00,3.040101608640279895e-01
1.000000000000000000e+00,5.676763368365773665e-01,1.165772373815073260e-01
0.000000000000000000e+00,8.109413928574016328e-02,1.886176405102343023e-01
1.000000000000000000e+00,6.946553524866057039e-01,1.436608505653126644e-01
3.363225666582879136e-01,1.000000000000000000e+00,3.241107383587948365e-01
9.300502284320714130e-01,0.000000000000000000e+00,3.610525249561788996e-01
1.000000000000000000e+00,3.344475175321378613e-01,5.796617846244704886e-01
1.000000000000000000e+00,8.386411854083203332e-01,3.200075371829297910e-01
1.000000000000000000e+00,4.004139133477859769e-01,2.182696746096946250e-01
2.936483431765447571e-01,1.000000000000000000e+00,5.142229134406416380e-01
6.994084474075261681e-01,0.000000000000000000e+00,4.315219400407957484e-02
1.000000000000000000e+00,7.604210192892504327e-01,2.945020015904292743e-02
0.000000000000000000e+00,5.842576575111513293e-01,2.873885718184817639e-01
0.000000000000000000e+00,2.253074801883858391e-01,3.142267757546338691e-01
7.092502347768778748e-01,0.000000000000000000e+00,2.697792723171187346e-01
0.000000000000000000e+00,3.792054732261385119e-01,4.915318101285801045e-02
0.000000000000000000e+00,4.503297300741498366e-01,2.561222328919275926e-01
1.000000000000000000e+00,5.661989820215344027e-01,2.121583439456790343e-01
